name,city,lat,lon,type
La Bodega,Casablanca,33.5952195,-7.6115725,restaurant
La Sqala,Casablanca,33.6028481,-7.619212,restaurant
Pizza Hut,Casablanca,33.5928474,-7.597267,restaurant
Chez Pépé,Casablanca,33.595533,-7.6454829,restaurant
Paradisio,Casablanca,33.5938278,-7.5969183,restaurant
Mamelouk Café,Casablanca,33.5962988,-7.6304773,restaurant
Luigi,Casablanca,33.5882356,-7.6398452,restaurant
Don Camilo,Casablanca,33.587649,-7.612959,restaurant
Rick's Cafe,Casablanca,33.604995,-7.620406,restaurant
Restaurant du Port,Casablanca,33.6015279,-7.6144679,restaurant
Restaurant Ostrea,Casablanca,33.6018149,-7.614031,restaurant
Le Cabestan,Casablanca,33.6080257,-7.6553304,restaurant
Lebanese Restaurant,Casablanca,33.6007855,-7.6603997,restaurant
Luigi,Casablanca,33.5966434,-7.6750589,restaurant
Sijilmassa سجلماسة,Casablanca,33.5909207,-7.6791755,restaurant
La Grillardière,Casablanca,33.5832948,-7.6418718,restaurant
pizzeria italian,Casablanca,33.5810317,-7.6370564,restaurant
Monsieur Brochettes,Casablanca,33.5703274,-7.6663165,restaurant
Chawarma Nour esham شاورما نور الشام,Casablanca,33.6011445,-7.634303,restaurant
Pizza Hut,Casablanca,33.5443065,-7.6413493,restaurant
potchi,Casablanca,33.5973488,-7.6273398,restaurant
India Palace,Casablanca,33.5917889,-7.6391526,restaurant
Chez Omar,Casablanca,33.5974462,-7.635698,restaurant
Seven 7 Days,Casablanca,33.5970619,-7.6382193,restaurant
La Toscana,Casablanca,33.5885888,-7.6385756,restaurant
Pomme de Pain,Casablanca,33.588034,-7.6401077,restaurant
"Nori, Restaurent Japonais",Casablanca,33.5731692,-7.6567852,restaurant
La grotte du pêcheur,Casablanca,33.5918245,-7.6266906,restaurant
Keykos,Casablanca,33.5924545,-7.6270366,restaurant
Baleno,Casablanca,33.582573,-7.614684,restaurant
Ait toufawt,Casablanca,33.5939034,-7.5816157,restaurant
La Grillardiere,Casablanca,33.5887094,-7.628123,restaurant
Fratelli,Casablanca,33.5930227,-7.627037,restaurant
La perle du liban,Casablanca,33.5947844,-7.6282046,restaurant
Monsieur Brochettes,Casablanca,33.5948135,-7.6274321,restaurant
Restaurant King Burger,Casablanca,33.5953217,-7.6256267,restaurant
Dominos Pizza,Casablanca,33.5734363,-7.6116139,restaurant
Restaurant West Atlantic,Casablanca,33.5675139,-7.7095158,restaurant
Restaurant Rouget de l'Isle,Casablanca,33.5926824,-7.6228688,restaurant
Alae,Casablanca,33.5934314,-7.6240699,restaurant
Kalinka,Casablanca,33.5942124,-7.6249351,restaurant
12 Cool,Casablanca,33.5930752,-7.6271159,restaurant
Bistronome,Casablanca,33.5930876,-7.6267545,restaurant
Oukaimeden,Casablanca,33.5911393,-7.6150735,restaurant
Le Cardinal,Casablanca,33.5956364,-7.6171591,restaurant
Snack Addou Maddou,Casablanca,33.5932039,-7.6186518,restaurant
Restaurant les Arcades,Casablanca,33.5935525,-7.6185955,restaurant
La Taverne du Dauphin,Casablanca,33.598736,-7.6151053,restaurant
Little Barton's,Casablanca,33.5997377,-7.6650484,restaurant
Casa José,Casablanca,33.5978725,-7.615386,restaurant
Porte Mansour ⴱⴰⴱ ⵎⵏⵚⵓⵕ باب منصور,Casablanca,33.5592404,-7.6699846,restaurant
Tacos de Lyon,Casablanca,33.6007185,-7.6341062,restaurant
Bistrot Chic,Casablanca,33.5884913,-7.6273923,restaurant
Sojou,Casablanca,33.589095,-7.6297476,restaurant
Blend,Casablanca,33.5886833,-7.6319196,restaurant
Khos,Casablanca,33.5840347,-7.6205679,restaurant
brasserie san jose,Casablanca,33.5978396,-7.6155008,restaurant
Asia,Casablanca,33.5991745,-7.6130528,restaurant
Ôgi Souchi,Casablanca,33.599424,-7.6141726,restaurant
El Barocco Time,Casablanca,33.5954492,-7.6163427,restaurant
Le Pilotis,Casablanca,33.596662,-7.6734143,restaurant
Restaurant de la Place / Le Voyageur,Casablanca,33.5897214,-7.592208,restaurant
Puerto Rico,Casablanca,33.5896015,-7.6149002,restaurant
Awafi,Casablanca,33.5916822,-7.6149169,restaurant
Pomme de Pain Ziraoui,Casablanca,33.5936551,-7.6352553,restaurant
La Bavaroise,Casablanca,33.5952135,-7.6113257,restaurant
Restaurant Le Nouveau Dragon,Casablanca,33.5956652,-7.6125814,restaurant
Snack Pizzeria Bella Maria,Casablanca,33.6155331,-7.4843667,restaurant
Carrefour des Saveurs,Casablanca,33.595159,-7.5913872,restaurant
Espace Tifawine,Casablanca,33.5861039,-7.6489235,restaurant
La Storia,Casablanca,33.5946859,-7.6679576,restaurant
O'lichi,Casablanca,33.591863,-7.6345249,restaurant
Al-Mounia,Casablanca,33.5909223,-7.6164407,restaurant
La Cantine de Charlotte,Casablanca,33.5921096,-7.6288039,restaurant
Rouge et Blanc أحمر و ابيض,Casablanca,33.5915512,-7.615164,restaurant
Route 66,Casablanca,33.5728964,-7.6552882,restaurant
Cosa Mia,Casablanca,33.5857707,-7.6355685,restaurant
Pizza Hut,Casablanca,33.5962863,-7.6144369,restaurant
les Fleurs,Casablanca,33.5966374,-7.6149916,restaurant
Midway,Casablanca,33.588864,-7.628391,restaurant
Yo Ti Tam,Casablanca,33.5759859,-7.6476182,restaurant
Croc Pizza كروك بيتزا,Casablanca,33.619789,-7.5326657,restaurant
H & B Food,Casablanca,33.5713686,-7.6450329,restaurant
Chez Marny,Casablanca,33.5609277,-7.6467836,restaurant
Yammy,Casablanca,33.5885241,-7.611296,restaurant
Snack amine,Casablanca,33.5766703,-7.6334533,restaurant
Cosa Mia,Casablanca,33.5942298,-7.6435836,restaurant
Gzoum كَزّوم,Casablanca,33.5677841,-7.5995875,restaurant
Salsa,Casablanca,33.5925128,-7.6166956,restaurant
La grillardiere,Casablanca,33.6071887,-7.5437586,restaurant
سناك دعاء,Casablanca,33.5474032,-7.5746211,restaurant
Class Dish Coffee Shop,Casablanca,33.5901754,-7.630709,restaurant
Restaurant Etoile Centrale,Casablanca,33.5953324,-7.6121111,restaurant
adwak اذواق,Casablanca,33.6096078,-7.5421005,restaurant
La Cantine,Casablanca,33.5352248,-7.6400077,restaurant
Osteria,Casablanca,33.6128314,-7.530422,restaurant
La Sala,Casablanca,33.593796,-7.6009733,restaurant
City Palace,Casablanca,33.5936446,-7.6022226,restaurant
Adib Food,Casablanca,33.5906473,-7.6035677,restaurant
Dragon Bleu,Casablanca,33.5946578,-7.6043656,restaurant
Café Restaurant Tarfaya,Casablanca,33.5894727,-7.5921448,restaurant
Cafe Clacier Dubai,Casablanca,33.578465,-7.6001546,restaurant
Tacos Avenue,Casablanca,33.5713977,-7.6131754,restaurant
Zén,Casablanca,33.5703496,-7.6124807,restaurant
Crèmerie Achkid,Casablanca,33.5406446,-7.5801185,restaurant
Kamar lebnan,Casablanca,33.5881278,-7.6310701,restaurant
Salon de Thé,Casablanca,33.5650026,-7.5882496,restaurant
Café Imdioune,Casablanca,33.5691305,-7.5839634,restaurant
Linati,Casablanca,33.5716212,-7.5806791,restaurant
Espace Al Fath,Casablanca,33.5698484,-7.5946172,restaurant
Café Aswan,Casablanca,33.5500951,-7.5677656,restaurant
Rainbow Cafe,Casablanca,33.5401886,-7.5741479,restaurant
Espace Changuai,Casablanca,33.5372811,-7.5734632,restaurant
Ramada,Casablanca,33.539538,-7.573873,restaurant
Café Agadir,Casablanca,33.5488254,-7.572265,restaurant
La Revanche,Casablanca,33.5995316,-7.5874275,restaurant
Chami Bacha,Casablanca,33.5914595,-7.5915232,restaurant
Friend's Space,Casablanca,33.5963614,-7.592572,restaurant
Wisley Gardens,Casablanca,33.5962274,-7.5905161,restaurant
Espace Yasmine,Casablanca,33.5937954,-7.5178684,restaurant
Porta Biella,Casablanca,33.5795879,-7.5127602,restaurant
Espace Araha,Casablanca,33.5455617,-7.4849658,restaurant
Mister Tacos,Casablanca,33.5732368,-7.5600154,restaurant
Café Chabab,Casablanca,33.5618099,-7.5656694,restaurant
L'Araignee,Casablanca,33.5783371,-7.5884742,restaurant
Pizza Hut,Casablanca,33.5559918,-7.6280361,restaurant
Restaurant Sushing,Casablanca,33.5552927,-7.6239109,restaurant
Cremerie Cadillac,Casablanca,33.593863,-7.6215278,restaurant
Dragon Rouge,Casablanca,33.5866702,-7.6195295,restaurant
Tacos Paco's,Casablanca,33.5873919,-7.6200056,restaurant
Restaurant Anfa,Casablanca,33.587965,-7.6181281,restaurant
Chawarmati,Casablanca,33.5879293,-7.6187316,restaurant
Le Triangle,Casablanca,33.5879136,-7.6188844,restaurant
Midi Grill,Casablanca,33.5882734,-7.6191768,restaurant
Génial,Casablanca,33.5939764,-7.6212837,restaurant
Fish,Casablanca,33.5884516,-7.6189864,restaurant
Woody Chay Pizza,Casablanca,33.58644,-7.6212743,restaurant
Sushi Kiosque,Casablanca,33.5863831,-7.6213648,restaurant
La Rotonde,Casablanca,33.5835632,-7.6231066,restaurant
Pizzaria le Drapeau,Casablanca,33.5837218,-7.6222828,restaurant
Meson Asador,Casablanca,33.5847519,-7.6210168,restaurant
Los Olivos,Casablanca,33.5846997,-7.6204271,restaurant
Speedy Pizza,Casablanca,33.5829487,-7.6325181,restaurant
Treff Restaurant,Casablanca,33.5852524,-7.6301752,restaurant
Bio Ice,Casablanca,33.580976,-7.6322449,restaurant
Pizza House,Casablanca,33.5826493,-7.6295794,restaurant
Clic Resto,Casablanca,33.5692119,-7.6464826,restaurant
Pizza Hut,Casablanca,33.5705845,-7.6461728,restaurant
Clay Oven,Casablanca,33.5689908,-7.6432429,restaurant
Château de Jus,Casablanca,33.5796337,-7.6357582,restaurant
Le Brunch Gourmet,Casablanca,33.575946,-7.6357397,restaurant
Ambre,Casablanca,33.572219,-7.6378034,restaurant
Espace Essaha,Casablanca,33.5695652,-7.604255,restaurant
Espace El Mitre,Casablanca,33.5666319,-7.6085828,restaurant
Espace Bruxellois,Casablanca,33.566647,-7.6085942,restaurant
Belma Juice,Casablanca,33.568982,-7.6035224,restaurant
Espace Lano,Casablanca,33.5363583,-7.5958724,restaurant
Chrono Pizza,Casablanca,33.5723922,-7.6487508,restaurant
Restaurant Otkali,Casablanca,33.5761041,-7.6528935,restaurant
Atlas Ifrane,Casablanca,33.587898,-7.6135576,restaurant
El Barco,Casablanca,33.5886119,-7.6143153,restaurant
Resaurant Des Billards,Casablanca,33.5868478,-7.6151709,restaurant
Marjorelle,Casablanca,33.586354,-7.614955,restaurant
MarIInsky,Casablanca,33.5854736,-7.6157543,restaurant
Le Coin,Casablanca,33.5848782,-7.6078324,restaurant
Widane Palace,Casablanca,33.5848558,-7.6079075,restaurant
Restaurant Chez Pierre,Casablanca,33.5894766,-7.6124364,restaurant
Restaurant Savoy,Casablanca,33.5945662,-7.6209028,restaurant
Pizza a la Bonne,Casablanca,33.5897483,-7.6157184,restaurant
La Corrida,Casablanca,33.590034,-7.6152192,restaurant
Tout Va Bien,Casablanca,33.5906574,-7.6148263,restaurant
Revine,Casablanca,33.5955795,-7.6143301,restaurant
Pizzeria-cafe Chawarma,Casablanca,33.5951226,-7.6086304,restaurant
Samar Layali,Casablanca,33.5935284,-7.6082126,restaurant
Poulet Doré,Casablanca,33.5931793,-7.6078632,restaurant
Majestic Resaurant Marocan,Casablanca,33.5911209,-7.6133799,restaurant
Restaurant du Theatre,Casablanca,33.5920438,-7.6166797,restaurant
Mon Ami,Casablanca,33.5376656,-7.6687118,restaurant
Pharma Granada,Casablanca,33.5674554,-7.6939843,restaurant
Espace Hassania,Casablanca,33.5673557,-7.6965867,restaurant
Pizza Hut,Casablanca,33.5325229,-7.6476485,restaurant
Red Rose,Casablanca,33.5562645,-7.6832762,restaurant
Riviera Valencia,Casablanca,33.5400975,-7.6806255,restaurant
Les Poussins,Casablanca,33.5519516,-7.6897169,restaurant
Espace Familia,Casablanca,33.5453119,-7.6801595,restaurant
Espace Nour Al Khalil,Casablanca,33.5419262,-7.6775792,restaurant
Marbella,Casablanca,33.5435263,-7.6786152,restaurant
Corner 68,Casablanca,33.5456204,-7.6729812,restaurant
Tokyo Garden,Casablanca,33.5354445,-7.648429,restaurant
TaTaRi Sushi and Thai,Casablanca,33.5356496,-7.6484176,restaurant
Vanilla Sky Rooftop,Casablanca,33.6096966,-7.6513866,restaurant
Gusto Marina,Casablanca,33.6094083,-7.6247259,restaurant
فضاء عمر,Casablanca,33.5535777,-7.704828,restaurant
Laiterie Nacer محلبة ناصر,Casablanca,33.5526991,-7.7038912,restaurant
Guillaume Tell,Casablanca,33.5584027,-7.6365781,restaurant
Ramses,Casablanca,33.5953961,-7.6177769,restaurant
Zayna,Casablanca,33.5772485,-7.6073776,restaurant
Le Gatsby,Casablanca,33.6075479,-7.6297906,restaurant
Restaurants Petromine Bouskoura,Casablanca,33.4873604,-7.6337505,restaurant
Street London,Casablanca,33.52237,-7.6428551,restaurant
c3002953,Casablanca,33.5217415,-7.6445565,restaurant
Le Riad,Casablanca,33.5939635,-7.614938,restaurant
Raffaello Casablanca,Casablanca,33.5921312,-7.6791656,restaurant
Sicilia,Casablanca,33.592135,-7.6792447,restaurant
Loscar,Casablanca,33.5911771,-7.6364102,restaurant
Restaurant Rossignol,Casablanca,33.5902873,-7.6304589,restaurant
La Kitchenette de Thi Hue,Casablanca,33.598658,-7.637643,restaurant
City Pool,Casablanca,33.6142457,-7.4959916,restaurant
Firstline,Casablanca,33.6127893,-7.4946881,restaurant
snack said,Casablanca,33.6150341,-7.497786,restaurant
snack ounain,Casablanca,33.6149359,-7.4982473,restaurant
pizza badr,Casablanca,33.5947846,-7.6420504,restaurant
Pasta Pino,Casablanca,33.5481916,-7.6842292,restaurant
Casa Jose,Casablanca,33.4907947,-7.5992206,restaurant
Blendcorner,Casablanca,33.5931096,-7.6324939,restaurant
Snack le Rayon,Casablanca,33.5944438,-7.6338089,restaurant
STR'EAT BURGER,Casablanca,33.5941785,-7.6343386,restaurant
Food Place,Casablanca,33.5937567,-7.6349208,restaurant
Fayrouz,Casablanca,33.5942943,-7.6340776,restaurant
Happy Rolls,Casablanca,33.5938919,-7.6348494,restaurant
Gapi,Casablanca,33.5889659,-7.6470317,restaurant
Bonne Bouchée,Casablanca,33.5091824,-7.6711135,restaurant
Palmeraie coutry club,Casablanca,33.4813451,-7.5941067,restaurant
Oncle Blend,Casablanca,33.5928022,-7.6442567,restaurant
Osawa,Casablanca,33.5626827,-7.6387538,restaurant
La Frite,Casablanca,33.5971125,-7.6357215,restaurant
Zorba,Casablanca,33.5926124,-7.6067836,restaurant
LaFrite,Casablanca,33.5920846,-7.6775042,restaurant
Taiyo,Casablanca,33.5776371,-7.6246794,restaurant
El Bistrot de Papa,Casablanca,33.5776527,-7.6247357,restaurant
Sushi Live,Casablanca,33.5673373,-7.6940996,restaurant
Le Pershing,Casablanca,33.5949636,-7.6780468,restaurant
Oliveri,Casablanca,33.5948563,-7.6781193,restaurant
OLEA,Casablanca,33.5485908,-7.6373926,restaurant
Resto Grill Salaheddine,Casablanca,33.5947743,-7.6117538,restaurant
Organic Kitchen,Casablanca,33.5905909,-7.6381864,restaurant
Pyramides Dorées,Casablanca,33.5818215,-7.6223122,restaurant
Café Restaurant Tikita,Casablanca,33.5809882,-7.6229868,restaurant
Le Duc Casablanca,Casablanca,33.5804867,-7.6234291,restaurant
Casadarna,Casablanca,33.5825841,-7.6222062,restaurant
Bonsai,Casablanca,33.5826823,-7.6228888,restaurant
Bangkok Me,Casablanca,33.5891189,-7.6325717,restaurant
مجزرة و مشواة المسجد,Casablanca,33.5705562,-7.5508866,restaurant
Chez Michel et Hafida,Casablanca,33.5949273,-7.6121495,restaurant
café central,Casablanca,33.600085,-7.617311,restaurant
Chrono Pizza,Casablanca,33.5932677,-7.6316321,restaurant
Clap,Casablanca,33.6076856,-7.536495,restaurant
I Ristorante Italiano,Casablanca,33.5731602,-7.6566368,restaurant
Big Nonna,Casablanca,33.5887671,-7.6437315,restaurant
Pizza Hut,Casablanca,33.5758003,-7.7074585,restaurant
Street Pizzeria Napoletana,Casablanca,33.5834902,-7.6315558,restaurant
Don Bocadillio,Casablanca,33.5850284,-7.631509,restaurant
Le Petit Italien,Casablanca,33.5896524,-7.632145,restaurant
Repère du Gout,Casablanca,33.5842585,-7.6312796,restaurant
شاورما الحاج متولي,Casablanca,33.594017,-7.6148772,restaurant
الشاف أنوار,Casablanca,33.5707703,-7.5977321,restaurant
مطعم مصري,Casablanca,33.5952225,-7.6112289,restaurant
Pizza Hut,Casablanca,33.5950215,-7.6682519,restaurant
Manaos,Casablanca,33.6049237,-7.6579938,restaurant
Le Calypso,Casablanca,33.5935398,-7.6782666,restaurant
El Tucan,Casablanca,33.5948941,-7.6780807,restaurant
Restaurant Marocain Al Mamoun مطعم مغربي المامون,Casablanca,33.5943629,-7.6169789,restaurant
La Concorde,Casablanca,33.5881245,-7.6177522,restaurant
Casa jose,Casablanca,33.5896958,-7.6274645,restaurant
Niya,Casablanca,33.5886969,-7.632462,restaurant
Bambou Panda,Casablanca,33.6058793,-7.628809,restaurant
Le Melliber,Casablanca,33.6042229,-7.6328261,restaurant
Pepe Luis,Casablanca,33.5887547,-7.6400219,restaurant
Ahmet Chef,Casablanca,33.5891458,-7.6402696,restaurant
La Grande Brasserie,Casablanca,33.5871666,-7.6395445,restaurant
Japonico,Casablanca,33.5878325,-7.638078,restaurant
Milk + Honey,Casablanca,33.588257,-7.6393618,restaurant
Pastrama,Casablanca,33.5872625,-7.6384661,restaurant
La Grillardière,Casablanca,33.5883982,-7.6374661,restaurant
HL Burger - Holy Choco - Crust & Grill,Casablanca,33.5192231,-7.693517,restaurant
RESTAURANT MONO-CLUB,Casablanca,33.5815049,-7.6398128,restaurant
Il Ferrarino,Casablanca,33.5877316,-7.6423075,restaurant
Restaurant Les Fleurs مطعم الزهور,Casablanca,33.5965112,-7.6144385,restaurant
Le Mynt,Casablanca,33.5852973,-7.6458199,restaurant
Le Marly,Casablanca,33.5884516,-7.6449671,restaurant
Kamanja 55,Casablanca,33.6050003,-7.6579226,restaurant
Meat Point,Casablanca,33.5880626,-7.6397864,restaurant
Kôya,Casablanca,33.5934607,-7.6548347,restaurant
Leopard,Casablanca,33.5998233,-7.6549199,restaurant
L'Avenue,Casablanca,33.6006691,-7.6550357,restaurant
Cézanne,Casablanca,33.6010073,-7.6550527,restaurant
Etçi Mehmet,Casablanca,33.6032711,-7.6570838,restaurant
L'Abri,Casablanca,33.5868365,-7.6474582,restaurant
Chili's,Casablanca,33.5874321,-7.6484003,restaurant
Yo Ti Tam,Casablanca,33.5680095,-7.6589079,restaurant
Little Mamma,Casablanca,33.5686915,-7.660003,restaurant
Shanghai Garden,Casablanca,33.5794073,-7.6505023,restaurant
Chez Zozo,Casablanca,33.5966265,-7.6108546,restaurant
Restaurant Bidoune Monafesse,Casablanca,33.5987593,-7.619166,restaurant
Dar Dada,Casablanca,33.6041396,-7.6216351,restaurant
Espace Bistro,Casablanca,33.5465329,-7.5948079,restaurant
El Ghanouj,Casablanca,33.5836773,-7.6399474,restaurant
Le Vélodrome,Casablanca,33.5899924,-7.64666,restaurant
Pomme de Pain,Casablanca,33.5772223,-7.6253019,restaurant
O Chef,Casablanca,33.5782133,-7.6252155,restaurant
Mademoiselle Sissi,Casablanca,33.5785594,-7.6246821,restaurant
Restaurant des professeurs,Casablanca,33.5881493,-7.630843,restaurant
Chez El Kaoun,Casablanca,33.606045,-7.5394376,restaurant
Balcon 33,Casablanca,33.5955958,-7.6755912,restaurant
La terrasse -1951- Maison Alexis,Casablanca,33.5659386,-7.6597137,restaurant
Roots Coffee & More,Casablanca,33.5881752,-7.6457967,restaurant
Buvette Étudiants,Casablanca,33.5485187,-7.6511315,restaurant
Restaurant EHTP,Casablanca,33.5476851,-7.6504471,restaurant
Buvette,Casablanca,33.5466783,-7.651652,restaurant
Nearshore Casablanca,Casablanca,33.5286333,-7.6406825,restaurant
Ayour,Casablanca,33.5701494,-7.6094921,restaurant
Mafy,Casablanca,33.6177439,-7.5326442,restaurant
Agogo,Casablanca,33.6067272,-7.6285047,restaurant
Little Mamma,Casablanca,33.5917504,-7.6272453,restaurant
Mood's,Casablanca,33.6066332,-7.6192613,restaurant
L'entrecôte 212,Casablanca,33.5885276,-7.6323582,restaurant
Amistad,Casablanca,33.5888214,-7.6335593,restaurant
Nara,Casablanca,33.5908823,-7.6310544,restaurant
Gare aux gorilles,Casablanca,33.5896971,-7.6324564,restaurant
Sushi Club,Casablanca,33.5900664,-7.6318063,restaurant
Le Courtois,Casablanca,33.5894857,-7.6326889,restaurant
Le petit bouillon,Casablanca,33.589856,-7.6322896,restaurant
Misti Roof Top,Casablanca,33.5933065,-7.6230832,restaurant
Farchouhat فرشوحة,Casablanca,33.5954875,-7.6395038,restaurant
Hadramaut حضرموت,Casablanca,33.5993158,-7.6467935,restaurant
Dar Abi,Casablanca,33.6017196,-7.6217648,restaurant
Braise,Casablanca,33.5880198,-7.6276291,restaurant
Al Fassia,Marrakech,31.6359916,-8.0133642,restaurant
Zwin Zwin café,Marrakech,31.6219848,-7.9884598,restaurant
Narwama,Marrakech,31.6260554,-7.9922352,restaurant
Taj'in Darna,Marrakech,31.6254632,-7.9877675,restaurant
Toubkal,Marrakech,31.6254141,-7.9877413,restaurant
Café Argana,Marrakech,31.6266252,-7.9889459,restaurant
La Farmacie,Marrakech,31.626511,-7.9872135,restaurant
Les Terrasses de l'Alhambra,Marrakech,31.6267722,-7.9875678,restaurant
Un Déjeuner à Marrakech,Marrakech,31.6240078,-7.9849483,restaurant
Chez Chegrouni,Marrakech,31.6267243,-7.9871002,restaurant
Café Arabe,Marrakech,31.6307879,-7.9893484,restaurant
Pizza Hut,Marrakech,31.6300985,-8.0044276,restaurant
Ait Bougumez,Marrakech,31.6216083,-7.9911376,restaurant
Souk Kafé,Marrakech,31.6317761,-7.9886906,restaurant
Dar Moha,Marrakech,31.6313665,-7.9932671,restaurant
Kechmara,Marrakech,31.6341509,-8.0133768,restaurant
Grand Café de la Poste,Marrakech,31.6331197,-8.010006,restaurant
Belgueni,Marrakech,31.6384177,-8.0176395,restaurant
La Trattoria,Marrakech,31.63384,-8.0151742,restaurant
Restaurant Lamamakech,Marrakech,31.6341412,-7.9909577,restaurant
Le Chat qui Rit,Marrakech,31.6315028,-8.0127825,restaurant
Riad Dar Sohane,Marrakech,31.6237118,-7.9856406,restaurant
Bo,Marrakech,31.636187,-8.0118749,restaurant
Sahrat,Marrakech,31.6636668,-7.8741763,restaurant
La Terrasse Des Epices,Marrakech,31.6310673,-7.9888763,restaurant
Le Jardin,Marrakech,31.6320477,-7.9887642,restaurant
Cafe Terrasse Palais El Badia,Marrakech,31.6193956,-7.9851114,restaurant
Riad Monceau,Marrakech,31.6244904,-7.9868587,restaurant
Earth Cafe,Marrakech,31.6234505,-7.9871211,restaurant
Riad Larrouss,Marrakech,31.634787,-7.9934301,restaurant
Dar Yacout,Marrakech,31.6365673,-7.9934804,restaurant
Les Printemps,Marrakech,31.6344129,-8.0154962,restaurant
Chez Brahim,Marrakech,31.6269928,-7.9860251,restaurant
Mazel Cafe,Marrakech,31.6196593,-7.9850195,restaurant
Fish restaurant,Marrakech,31.6223154,-7.9716497,restaurant
Asmak,Marrakech,31.6487341,-8.0073171,restaurant
Chez Casanova,Marrakech,31.6376232,-8.008926,restaurant
Suite Marabella Marrakech,Marrakech,31.6220842,-8.0005243,restaurant
La crêperie de Marrakech,Marrakech,31.639919,-8.0209129,restaurant
Pizza Hut,Marrakech,31.6380104,-8.0209129,restaurant
Domino,Marrakech,31.6350298,-8.0112529,restaurant
Gino,Marrakech,31.6349453,-8.0111685,restaurant
Family Pizza,Marrakech,31.6583647,-8.0050904,restaurant
Neoboroca Cafe,Marrakech,31.6491244,-8.0130265,restaurant
Tipico,Marrakech,31.6484554,-8.01363,restaurant
Cuit a Huit,Marrakech,31.647864,-8.0141074,restaurant
Yakht Resto,Marrakech,31.6548439,-8.0183694,restaurant
Chicago,Marrakech,31.6543886,-8.0184484,restaurant
McHappy,Marrakech,31.6530758,-8.0171797,restaurant
Lino,Marrakech,31.653158,-8.0171019,restaurant
504 Cafe & Restaurant,Marrakech,31.6530324,-8.0169329,restaurant
Taxi,Marrakech,31.6510323,-8.0154094,restaurant
Friend's Place,Marrakech,31.6552425,-8.0216429,restaurant
Chami,Marrakech,31.6297761,-8.0050031,restaurant
psi sage,Marrakech,31.6665831,-8.0108179,restaurant
Le Spécial,Marrakech,31.6519715,-7.9975877,restaurant
Atlas Targe Club Restaurant,Marrakech,31.6643865,-8.0658204,restaurant
Palais Chahrmane,Marrakech,31.6197255,-7.9865193,restaurant
Villa Flora,Marrakech,31.6297793,-7.9900772,restaurant
La Villa des Orangers,Marrakech,31.6203219,-7.9917418,restaurant
Arkech,Marrakech,31.6237788,-8.0031206,restaurant
Best Place,Marrakech,31.6511379,-8.0200129,restaurant
Chez Amhane,Marrakech,31.6385024,-8.0173327,restaurant
Le Diamant Vert,Marrakech,31.644676,-8.0192518,restaurant
Naima,Marrakech,31.6300675,-7.9850795,restaurant
Complexe Solaris,Marrakech,31.634163,-8.010838,restaurant
Elite,Marrakech,31.6335198,-8.0096381,restaurant
Le gueliz,Marrakech,31.63377,-8.010154,restaurant
Jad Mahal,Marrakech,31.6220131,-8.0002174,restaurant
Le Grand Salon,Marrakech,31.6720075,-7.9288065,restaurant
Le Foundouk,Marrakech,31.631923,-7.9848998,restaurant
Fouquet's,Marrakech,31.628966,-7.9968979,restaurant
Riad des Mers,Marrakech,31.6376136,-7.9953947,restaurant
Le Stylia,Marrakech,31.6280385,-7.99123,restaurant
Epicurien Marrakech,Marrakech,31.621336,-8.0047475,restaurant
Les Jardins de la Medina Restaurant,Marrakech,31.6119695,-7.987269,restaurant
Le Studio,Marrakech,31.6324665,-8.0111294,restaurant
Bo&Zin,Marrakech,31.5737775,-7.9813622,restaurant
Le Bistrot Loft,Marrakech,31.6347751,-8.0129847,restaurant
Le Tobsil,Marrakech,31.6272423,-7.9928021,restaurant
Le Zinc,Marrakech,31.6691087,-8.0426274,restaurant
La Villa Canaille,Marrakech,31.6215726,-8.0075473,restaurant
Kechburger,Marrakech,31.641627,-8.0176066,restaurant
Dar Marjana,Marrakech,31.631811,-7.9931581,restaurant
Catanzaro,Marrakech,31.6349003,-8.0104773,restaurant
Jo's,Marrakech,31.6337316,-8.0151322,restaurant
Mamma Mia,Marrakech,31.6345916,-8.0131709,restaurant
Winoo,Marrakech,31.6324814,-8.0116256,restaurant
Angsana Si Said,Marrakech,31.6227127,-7.9838891,restaurant
Le Salama,Marrakech,31.6262683,-7.9867501,restaurant
Imlil Snack Bar,Marrakech,31.626188,-7.9917683,restaurant
Relais de Paris,Marrakech,31.6258677,-7.992162,restaurant
Earth Cafe,Marrakech,31.6202259,-7.985379,restaurant
Palais Gharnata,Marrakech,31.6220875,-7.9831205,restaurant
Pepe Nero,Marrakech,31.6252725,-7.9839116,restaurant
Les Jardins des Bala,Marrakech,31.6259426,-7.9913994,restaurant
Diaffa,Marrakech,31.6271592,-7.9938419,restaurant
Pescara,Marrakech,31.6535031,-8.0318416,restaurant
Pasta Delice,Marrakech,31.6415492,-8.0175662,restaurant
Vis ta vie,Marrakech,31.6574986,-8.0042776,restaurant
Riad KaÏss,Marrakech,31.6214429,-7.9855272,restaurant
Le Grand Bleu – International cuisine,Marrakech,31.6864032,-7.9679195,restaurant
La Brasserie,Marrakech,31.6867599,-7.969729,restaurant
Riad Omar Hotel restaurant,Marrakech,31.6232457,-7.9897078,restaurant
Cafe Chez ZaZa,Marrakech,31.627463,-7.9884092,restaurant
Le Bol de Saigon,Marrakech,31.6425384,-8.0188211,restaurant
Le Colisee,Marrakech,31.6360115,-8.0157672,restaurant
Vita Nova,Marrakech,31.6380956,-8.0135958,restaurant
La Taverne,Marrakech,31.6355095,-8.0152299,restaurant
Ksar Essaoussan,Marrakech,31.6281147,-7.9918345,restaurant
Medina Saveurs,Marrakech,31.6306685,-7.9864894,restaurant
Café Fnaque Berbere,Marrakech,31.6281723,-7.9895846,restaurant
Dar Essalam,Marrakech,31.6223645,-7.9864363,restaurant
La table du Palais,Marrakech,31.6297335,-7.9905069,restaurant
Guerrab,Marrakech,31.6272127,-7.9878494,restaurant
Café Bakshish,Marrakech,31.6290615,-7.9875634,restaurant
Atay Cafe Food,Marrakech,31.6326246,-7.9884564,restaurant
Roti D'or,Marrakech,31.6267829,-7.9862666,restaurant
Amaia,Marrakech,31.6315541,-8.0118249,restaurant
Café Clock,Marrakech,31.6130285,-7.987289,restaurant
Katsura,Marrakech,31.6309567,-8.004067,restaurant
various restsurants,Marrakech,31.5881694,-8.0091691,restaurant
Bahreya بحرية,Marrakech,31.6325547,-8.0118035,restaurant
Latitude31,Marrakech,31.6350578,-7.9953547,restaurant
Jad jamal,Marrakech,31.6314736,-7.9866198,restaurant
Restaurant Al Baraka,Marrakech,31.6259112,-7.9903183,restaurant
Azyr,Marrakech,31.6272777,-8.0170979,restaurant
Nomad,Marrakech,31.6286777,-7.9874376,restaurant
India,Marrakech,31.6338422,-8.0094561,restaurant
Sidi Ydub,Marrakech,31.627734,-7.9796759,restaurant
Dreamland,Marrakech,31.6378043,-8.010163,restaurant
Soto,Marrakech,31.6363054,-8.0118316,restaurant
Riad dar Timtam,Marrakech,31.6284352,-7.9862501,restaurant
Dar Tazi,Marrakech,31.6320699,-7.9841818,restaurant
Dar Cherifa,Marrakech,31.629188,-7.9902862,restaurant
Dar Zellij,Marrakech,31.6374464,-7.9922645,restaurant
Le Jardin,Marrakech,31.6320809,-7.9886628,restaurant
La Table de Marrakech,Marrakech,31.620818,-7.9841361,restaurant
Central Food,Marrakech,31.6340804,-8.0110451,restaurant
l'tachine,Marrakech,31.6326366,-8.0064482,restaurant
Eveil des Sens,Marrakech,31.6321342,-8.0059735,restaurant
Cuisine de terroir,Marrakech,31.6255664,-7.9862179,restaurant
SushiStore,Marrakech,31.6285094,-8.0075125,restaurant
Billy's Burger,Marrakech,31.6284865,-8.0074857,restaurant
Nid D'cigogne,Marrakech,31.6167981,-7.989288,restaurant
La Grillardière,Marrakech,31.629072,-8.0067162,restaurant
Mai Thai,Marrakech,31.6247356,-8.0035592,restaurant
Poissons,Marrakech,31.6327675,-8.0117013,restaurant
Plata Hai Boujemaa,Marrakech,31.6383766,-8.015952,restaurant
Nid'Cigogne,Marrakech,31.6169912,-7.9893991,restaurant
Azar,Marrakech,31.6316491,-8.0127854,restaurant
Kui-Zin,Marrakech,31.6324404,-7.9885322,restaurant
Labachi,Marrakech,31.6271132,-7.9871283,restaurant
Oscar Progrès,Marrakech,31.6238326,-7.9897977,restaurant
La Siréne,Marrakech,31.6366513,-8.0147879,restaurant
Agdal,Marrakech,31.6366413,-8.0152831,restaurant
Le Petit Thai,Marrakech,31.6364284,-8.0119782,restaurant
Cafe du Livre,Marrakech,31.6351547,-8.0106506,restaurant
Mechoui Alley,Marrakech,31.6270278,-7.9876932,restaurant
Le Trou au Mur,Marrakech,31.6320971,-7.9855182,restaurant
"La famille, Cantine au Jardin",Marrakech,31.6228783,-7.9846187,restaurant
Cafe Restaurant Dabachi,Marrakech,31.6275236,-7.9840566,restaurant
Delices Strouza,Marrakech,31.6334384,-8.0136846,restaurant
Snacking Delyse,Marrakech,31.6366979,-8.012379,restaurant
Café Snack Bab Agnaou,Marrakech,31.6229886,-7.9897603,restaurant
Black&Chich,Marrakech,31.6232663,-7.9848375,restaurant
Restaurant Café Manal,Marrakech,31.6261933,-8.0199193,restaurant
La cuisine de Mona,Marrakech,31.6395216,-8.0199162,restaurant
Pizzeria Jannat Medina,Marrakech,31.627549,-7.9818839,restaurant
Dar Touria,Marrakech,31.6277559,-7.9834013,restaurant
Cafe Snack Badouck,Marrakech,31.6261959,-7.9866357,restaurant
La Terrasse Ben Youssef,Marrakech,31.6327385,-7.9888481,restaurant
عند حسن,Marrakech,31.6318726,-8.011507,restaurant
Bistro La Comedie,Marrakech,31.6312148,-8.0119426,restaurant
Café Kessabine Medina,Marrakech,31.6269053,-7.9869355,restaurant
Café Kessabine,Marrakech,31.6271152,-7.9870872,restaurant
News Café نيوز كافيه,Marrakech,31.6268208,-8.0159257,restaurant
Snack Amir,Marrakech,31.623924,-7.9891654,restaurant
Restaurail,Marrakech,31.6297986,-8.0188424,restaurant
Bali,Marrakech,31.6301185,-8.012529,restaurant
Le Comptoir du Pacha,Marrakech,31.6315007,-7.9942972,restaurant
Naranj Libanese,Marrakech,31.6245374,-7.985213,restaurant
Ayman,Marrakech,31.6577297,-8.0157495,restaurant
Dar Nejjarine,Marrakech,31.6221941,-7.9878179,restaurant
Salad Box,Marrakech,31.6276062,-8.0070423,restaurant
Restaurant Orgnaza,Marrakech,31.6279659,-8.0064878,restaurant
Rayhane Snack & Pizzeria,Marrakech,31.587415,-8.0448596,restaurant
Snack Oussama,Marrakech,31.5904869,-8.0460102,restaurant
Snack Doha,Marrakech,31.5879685,-8.0498278,restaurant
Myah Bay,Marrakech,31.6006806,-8.0173027,restaurant
CosaMia,Marrakech,31.6409811,-8.0150729,restaurant
Lotus Club Marrakech,Marrakech,31.624715,-8.0044537,restaurant
+61,Marrakech,31.635162,-8.015502,restaurant
Dar Anika,Marrakech,31.6205064,-7.9858588,restaurant
Restaurant Mimoun,Marrakech,31.6232845,-7.9867068,restaurant
La Table de la Kasbah,Marrakech,31.6173944,-7.990067,restaurant
Chez Lamine Hadj,Marrakech,31.6269724,-7.987707,restaurant
El Bahriya,Marrakech,31.6325485,-8.011723,restaurant
Djelabar,Marrakech,31.6291276,-8.0052925,restaurant
Koulchi Zine - Rooftop Restaurant,Marrakech,31.6217997,-7.9862192,restaurant
L'atelier des Saveurs,Marrakech,31.632008,-7.9924978,restaurant
Bombay Halal,Marrakech,31.6397515,-8.0160334,restaurant
Dar Pastilla,Marrakech,31.6260548,-7.9866615,restaurant
Taj'inDarna,Marrakech,31.625692,-7.9878371,restaurant
Falafel,Marrakech,31.6305986,-7.9863879,restaurant
Baromètre Marrakech,Marrakech,31.6370832,-8.0140387,restaurant
Table de la Medina,Marrakech,31.631959,-7.9890249,restaurant
Le Jardins de Guéliz,Marrakech,31.6311393,-8.0086003,restaurant
Libzar,Marrakech,31.6376087,-8.0133305,restaurant
Porte du monde,Marrakech,31.6241525,-7.9850907,restaurant
Chez Abdelhay,Marrakech,31.6321524,-7.9878536,restaurant
Le Warner,Marrakech,31.6298659,-8.0055242,restaurant
La Maison Berbere,Marrakech,31.6325066,-7.9890059,restaurant
Le Relais de Marrakech,Marrakech,31.7070225,-7.989551,restaurant
Snack La Place,Marrakech,31.6262209,-7.988433,restaurant
Sinatra,Marrakech,31.6341373,-8.0137132,restaurant
Snack Abderrahim,Marrakech,31.6326612,-8.0148724,restaurant
Lounge Le Maestro,Marrakech,31.6349273,-8.0139884,restaurant
Knock Knock,Marrakech,31.6272956,-7.9884904,restaurant
Restaurant Ksar El Hamra,Marrakech,31.622832,-7.9857005,restaurant
Exotic Bai,Marrakech,31.6335048,-7.9894545,restaurant
Chez Rachid,Marrakech,31.6326565,-7.9876544,restaurant
Relais de Paris & Lounge Marrakech,Marrakech,31.5783005,-7.9828023,restaurant
Casa José,Marrakech,31.6305819,-8.0082107,restaurant
le petit cornichon,Marrakech,31.6377248,-8.0130445,restaurant
Spicy,Marrakech,31.6377005,-8.0163861,restaurant
bazar gourmand,Marrakech,31.6348566,-8.0126639,restaurant
VERSACE Restaurant & Lounge,Marrakech,31.5936706,-7.9887779,restaurant
دار الطاجين,Marrakech,31.657651,-8.0160651,restaurant
Safra de Gueliz,Marrakech,31.6306826,-8.0082164,restaurant
KABANA ROOFTOP FOOD & COCKTAILS,Marrakech,31.6353404,-8.0649224,restaurant
Dar Chef,Marrakech,31.6254683,-7.9861714,restaurant
Broc The Kasbah,Marrakech,31.6340021,-7.9907756,restaurant
La Cantine des Gacelles,Marrakech,31.62587,-7.9862336,restaurant
Restaurant Falafil,Marrakech,31.6308462,-7.9867265,restaurant
Restaurant Mythe,Marrakech,31.6271837,-7.9876473,restaurant
Le Saadi,Marrakech,31.6222402,-8.0043179,restaurant
La bonne adresse,Marrakech,31.6402251,-8.0017427,restaurant
Exotic Bali,Marrakech,31.6336166,-7.9891467,restaurant
Dat L'hssira,Marrakech,31.6312402,-7.9827191,restaurant
Exotic Bali,Marrakech,31.631894,-8.0064152,restaurant
Chez Ben Driss,Marrakech,31.625492,-7.9877985,restaurant
دار الحصيرة,Marrakech,31.6315072,-7.9827201,restaurant
L'Mida,Marrakech,31.6292152,-7.986435,restaurant
METOU,Marrakech,31.6400919,-8.0202364,restaurant
la paillote,Marrakech,31.5790726,-8.0154678,restaurant
Terrasse des palais,Marrakech,31.6203602,-7.9851472,restaurant
Yamani Food,Marrakech,31.6269914,-7.9861421,restaurant
Lotus Privilege,Marrakech,31.6333765,-7.9921178,restaurant
Restaurant Café Charkaoui,Marrakech,31.6204903,-7.9852027,restaurant
Ayaso,Marrakech,31.628849,-7.9869686,restaurant
Black Pan Pizzaria,Marrakech,31.637265,-8.007473,restaurant
Eat Me Kech,Marrakech,31.635335,-8.0093466,restaurant
Green Midi,Marrakech,31.6336853,-8.0100341,restaurant
Le Tire Bouchon,Marrakech,31.6350384,-8.009895,restaurant
Le Lab Gourmana,Marrakech,31.6360427,-8.0100738,restaurant
La Table Espagnole,Marrakech,31.6360792,-8.0109562,restaurant
Poka,Marrakech,31.63246,-8.0037937,restaurant
Le Kilim,Marrakech,31.6356415,-8.0111946,restaurant
Pizzeria Bab Doukkala,Marrakech,31.633588,-7.9986264,restaurant
شيلو كافيه و مطعم,Marrakech,31.6347044,-8.0097612,restaurant
Le Mart,Marrakech,31.6311294,-7.9884288,restaurant
Medina Sky,Marrakech,31.6284578,-7.9915536,restaurant
Cesina Snack,Marrakech,31.6202377,-7.9856786,restaurant
Marrakchia,Marrakech,31.630239,-7.9855424,restaurant
PATTIZ,Marrakech,31.6411015,-8.0276096,restaurant
Zeitoun Restaurant,Marrakech,31.630447,-8.0049618,restaurant
Mamá Africa,Marrakech,31.6307961,-8.0040734,restaurant
Snack Al-Masjid,Marrakech,31.6741477,-8.0560515,restaurant
najib,Marrakech,31.637489,-8.0223879,restaurant
Coin D'or,Marrakech,31.6342066,-7.9907249,restaurant
Palais Dar Soukkar,Marrakech,31.5750482,-7.9788919,restaurant
Grillade,Marrakech,31.6554601,-8.0163345,restaurant
Paname Lounge Marrakech,Marrakech,31.6329886,-8.0135755,restaurant
Baba Pizza,Marrakech,31.6315526,-8.0071371,restaurant
Manzil,Marrakech,31.6321313,-8.0048346,restaurant
"Rivayat, The Oberoi, Marakkech",Marrakech,31.6114787,-7.8960451,restaurant
Soul Food,Marrakech,31.6323042,-7.9885668,restaurant
Le Slimana,Marrakech,31.6311251,-7.9853577,restaurant
Argan Garden Marrakech,Marrakech,31.5664638,-8.0108352,restaurant
Tiznit,Marrakech,31.6271153,-7.9879667,restaurant
M Bacha,Marrakech,31.6318241,-7.9967886,restaurant
Dabachi Chez Cherif,Marrakech,31.6273429,-7.9851708,restaurant
Storytelling Cafe,Marrakech,31.6318575,-7.9849065,restaurant
Villa Aaron,Marrakech,31.6196463,-7.9896527,restaurant
Le Grand Bazar Marrakech,Marrakech,31.6268758,-7.9869834,restaurant
La Pergola rooftop jazz bar,Marrakech,31.6244209,-7.9869115,restaurant
La main de Fatima,Marrakech,31.6190685,-7.9868005,restaurant
Chez Mariama Berbère,Marrakech,31.6326435,-7.9889899,restaurant
Chez Ali,Marrakech,31.6196099,-7.9849929,restaurant
Le Jardin Ben Youssef,Marrakech,31.6328318,-7.9887404,restaurant
Yazel,Marrakech,31.6310214,-7.9893989,restaurant
Pizza Amore Italiano,Marrakech,31.5924594,-7.9868231,restaurant
Kech Badi,Marrakech,31.6197835,-7.9850495,restaurant
La Fontaine des épices,Marrakech,31.6311057,-7.989435,restaurant
دار دار,Marrakech,31.6222767,-7.9864208,restaurant
Mabrouka,Marrakech,31.6240284,-7.9897085,restaurant
"Marrakech, Azalai urban souk",Marrakech,31.6334188,-8.0121946,restaurant
Azalai urban souk.   Doppelt!!!!!!!,Marrakech,31.6334139,-8.0121382,restaurant
Café Almasraf,Marrakech,31.6187996,-7.9894959,restaurant
ENJOY YOUR MEAL VEGGIE LOVERS - Restaurant Végétarien Médina Marrakech,Marrakech,31.6258143,-7.9861975,restaurant
MK Rooftop Marrakech,Marrakech,31.6274372,-7.9921963,restaurant
MALAH,Marrakech,31.6197918,-7.9846662,restaurant
Manzah l'koutoubiap,Marrakech,31.625349,-7.9927789,restaurant
Kabana,Marrakech,31.6261357,-7.9929493,restaurant
Restaurante Portofino,Marrakech,31.6253221,-7.9932723,restaurant
Sky Venisia,Marrakech,31.6252708,-7.9931587,restaurant
Kasbah adalussiya,Marrakech,31.6182058,-7.9894789,restaurant
Snack ourika,Marrakech,31.6199551,-7.9896698,restaurant
Chez Bahia,Marrakech,31.6248052,-7.9874498,restaurant
Azalai urban souk,Marrakech,31.6334641,-8.012585,restaurant
6eme,Marrakech,31.6055124,-7.9995451,restaurant
Sushi 6eme,Marrakech,31.6054393,-7.9992983,restaurant
BCK,Marrakech,31.6331329,-7.9973587,restaurant
Les frères kasbah,Marrakech,31.6188178,-7.9893766,restaurant
La terrasse du jardin,Marrakech,31.636063,-7.9967623,restaurant
El Gza,Marrakech,31.6352485,-7.9950953,restaurant
El Bahia,Marrakech,31.6217998,-7.9895724,restaurant
LA FAMILLE BERBERE,Marrakech,31.6332621,-7.9980785,restaurant
Riad Caiedal,Marrakech,31.6287208,-7.9913665,restaurant
Tajine Assoul,Marrakech,31.6356698,-7.9866709,restaurant
Chez Ayoub,Marrakech,31.619574,-7.9824533,restaurant
Marrakech Explorer Food,Marrakech,31.6365248,-7.989696,restaurant
Zouhal Food,Marrakech,31.6370498,-7.9902081,restaurant
chez Lamine,Marrakech,31.638459,-8.0164694,restaurant
chez Fatima,Marrakech,31.6412914,-8.0174329,restaurant
Tito's,Marrakech,31.6680913,-8.0112599,restaurant
les 1001 nuits,Marrakech,31.6509019,-7.9797984,restaurant
Little Italy Marrakech,Marrakech,31.6392994,-8.0166022,restaurant
Association Amal - Women Training Center and Moroccan Restaurant,Marrakech,31.6390715,-8.0137562,restaurant
Nikki Beach – Beach Club,Marrakech,31.687491,-7.9777499,restaurant
Karmoussa,Marrakech,31.686744,-7.9650355,restaurant
Le Jardin,Marrakech,31.671221,-7.9850067,restaurant
Pasta Cosy – Italian cuisine,Marrakech,31.684445,-7.9677491,restaurant
La Pergola,Marrakech,31.6737284,-7.9874478,restaurant
Chez Yassine,Marrakech,31.6283693,-7.9940195,restaurant
O'Tacos,Marrakech,31.6238473,-7.9915386,restaurant
Mido,Marrakech,31.6238832,-7.9914356,restaurant
Immim,Marrakech,31.6224846,-7.990762,restaurant
hysushi,Marrakech,31.6343522,-8.007632,restaurant
Terrasse La Medersa,Marrakech,31.6320864,-7.9859653,restaurant
Tavlin,Marrakech,31.6307009,-7.9863051,restaurant
مطعم المأكولات المغربية,Marrakech,31.6235302,-7.9816264,restaurant
Orangeraie,Marrakech,31.5790761,-7.9843618,restaurant
Chez Rachid,Fès,34.0617191,-4.9835992,restaurant
Café Clock,Fès,34.0625611,-4.9832263,restaurant
L'Italien,Fès,34.0370687,-5.0139956,restaurant
Mezzanine,Fès,34.0597569,-4.9884032,restaurant
Palais de Fès,Fès,34.059973,-4.9719488,restaurant
Restaurant vesuvio,Fès,34.0402405,-5.0077057,restaurant
Don Vitto,Fès,34.0413429,-5.0072336,restaurant
Pizza Hut,Fès,34.0450785,-4.9951537,restaurant
La Maison Bleue,Fès,34.060642,-4.9818415,restaurant
Restaurant Nejjarine,Fès,34.0649167,-4.9760475,restaurant
Restaurant Sekaya,Fès,34.0643266,-4.9769673,restaurant
Dar Tajine,Fès,34.0637333,-4.9759902,restaurant
Zohra,Fès,34.0667605,-4.9730227,restaurant
Riad Andalib,Fès,34.0605412,-4.972282,restaurant
Chez Thami Restaurant,Fès,34.0616477,-4.9835522,restaurant
Riad Les Oudayas,Fès,34.059842,-4.9781765,restaurant
Thami's restaurant,Fès,34.0618008,-4.9832742,restaurant
Restaurant Nagham cafe مقهى نغم,Fès,34.0613271,-4.9837951,restaurant
Restaurant nagham cafe مقهى و مطعم نغم,Fès,34.0613834,-4.9838617,restaurant
Great Wall of China Restaurant,Fès,34.0411223,-5.0017159,restaurant
Zagora,Fès,34.0347608,-4.9969181,restaurant
Restaurant ahl Fès مطعم أهل فاس,Fès,34.0613559,-5.0089846,restaurant
Laitie,Fès,34.0435541,-4.9984693,restaurant
Grillade soufiane,Fès,34.044,-4.9992723,restaurant
Héritier allal salmi,Fès,34.0437803,-4.9990633,restaurant
Casse croûte,Fès,34.0404226,-4.9974698,restaurant
Café-Restaurant Alessio,Fès,34.0404283,-4.9972993,restaurant
Restant zakaria,Fès,34.0393687,-4.9996003,restaurant
La piscope,Fès,34.0399333,-5.005807,restaurant
La Grilladière,Fès,34.0350959,-5.0090408,restaurant
Crouta saada,Fès,34.0382853,-4.9987745,restaurant
Restaut moncif,Fès,34.0383167,-4.999223,restaurant
Bismillah,Fès,34.0385292,-4.9993,restaurant
Restaurant Adwak fes,Fès,34.0421617,-5.0012958,restaurant
Restaut moncif,Fès,34.0384986,-4.99929,restaurant
Crémier Nice,Fès,34.0425251,-5.0019306,restaurant
Dar Sidi Idir,Fès,34.0649813,-4.9765344,restaurant
La noce sarl,Fès,34.0312815,-5.0059746,restaurant
Restaurant SUN REMO,Fès,34.0318516,-5.0057828,restaurant
MB Restaurant Lounge,Fès,34.0320367,-5.004426,restaurant
Restaurant kai Tai,Fès,34.0323426,-5.0042876,restaurant
Restaurant adil,Fès,34.0386419,-5.000554,restaurant
Le jazzy,Fès,34.0379127,-5.0010026,restaurant
Restaurant La cheminée,Fès,34.0445027,-5.0038537,restaurant
Restaurant Aladino,Fès,34.0446279,-5.0039264,restaurant
De marisco,Fès,34.0373099,-4.998025,restaurant
Driss Machrouh et Nadia Zakri,Fès,34.0453942,-5.0035778,restaurant
Ahmed Moufakkir,Fès,34.044292,-5.0040164,restaurant
Anbra,Fès,34.0198204,-4.9963124,restaurant
Restaurant Le Consul,Fès,34.0418726,-5.0045915,restaurant
Restaurant Rico's Sandwich,Fès,34.0409938,-5.0052404,restaurant
Rincon,Fès,34.0402767,-5.0094237,restaurant
Ogriola,Fès,34.0265102,-4.9954322,restaurant
Deutsch Cuisines,Fès,34.0387811,-5.0103233,restaurant
Restaurant Caminitto,Fès,34.0401337,-5.0056571,restaurant
Chickandy,Fès,34.0398823,-5.0058558,restaurant
Pizza Midway,Fès,34.0398383,-5.0058847,restaurant
Les Pêcheurs,Fès,34.0397745,-5.0059311,restaurant
Abdelouahed Sadouk,Fès,34.0416881,-5.0070886,restaurant
Restaurant Économique Nachit Massaoud,Fès,34.0449853,-5.0053801,restaurant
Hassani Mustapha et Driss,Fès,34.0447566,-5.0054348,restaurant
Restaurant wong,Fès,34.0338111,-5.0185804,restaurant
Restaurant Taslit,Fès,34.0331428,-5.0193414,restaurant
Hjira hamza grillade,Fès,34.0424883,-5.0020395,restaurant
Relax pub,Fès,34.0376819,-4.9989486,restaurant
Romaince pub,Fès,34.0376679,-4.9989838,restaurant
Restaurant Pizzeria la Mamia,Fès,34.0425193,-5.0002556,restaurant
Casse croute,Fès,34.0427485,-4.9996346,restaurant
Casse-croûte et Café Trio's,Fès,34.0436302,-5.0052826,restaurant
Sandwich Marseille,Fès,34.0323969,-5.0240158,restaurant
Crémerie,Fès,34.0360983,-4.9975355,restaurant
Snack Bennani Abdelkarim,Fès,34.0417341,-5.0052085,restaurant
Zagora,Fès,34.0347081,-4.9973585,restaurant
Marisco,Fès,34.0372313,-4.9979824,restaurant
Restaurant Chez Ismail Spécialité Poissons,Fès,34.0415643,-5.0064381,restaurant
Snack Belamlih Kamal 11,Fès,34.0398145,-5.0048456,restaurant
Snack Al Akhawayne,Fès,34.0400416,-5.0052555,restaurant
L'immigré,Fès,34.0343439,-4.997289,restaurant
Autrement Chez Soi,Fès,34.0406525,-5.0061129,restaurant
The Ruined Garden,Fès,34.0620951,-4.9774646,restaurant
Restaurant ahrame,Fès,34.0368001,-4.9990779,restaurant
Delice chicken,Fès,34.0369307,-4.9992715,restaurant
Snack Restaurant Puerto Rico,Fès,34.0389262,-5.0044524,restaurant
Snack Mima House,Fès,34.0391101,-5.0048326,restaurant
Le Coin de Bonheur,Fès,34.0394777,-5.0054341,restaurant
Restaurant Sanslezard,Fès,34.0395972,-5.005654,restaurant
Les quatre coins,Fès,34.0367749,-4.9988664,restaurant
Poulet rôtis,Fès,34.0368063,-4.9987817,restaurant
Snack Kamo Sushi,Fès,34.0397179,-5.0058759,restaurant
Casse croûte fatima hamani,Fès,34.0398795,-5.0309729,restaurant
Grand Alaise,Fès,34.0398902,-5.007188,restaurant
Restaurant Marrakech,Fès,34.0360073,-4.9972231,restaurant
maison moi anan,Fès,34.0644898,-4.9785742,restaurant
Casse-croute,Fès,34.028187,-5.0226527,restaurant
Snack Zahouani Rachid,Fès,34.0416278,-5.0102179,restaurant
Vittorto,Fès,34.0368407,-4.9983015,restaurant
Snack Home Food,Fès,34.0414121,-5.013401,restaurant
Restaurant Économique,Fès,34.043884,-5.0114995,restaurant
Restaurant Économique,Fès,34.0440803,-5.011214,restaurant
Myrtys,Fès,34.0354319,-4.9989191,restaurant
Snack Zoya,Fès,34.0455593,-5.0051193,restaurant
Restaurant omar,Fès,34.0315253,-4.9940725,restaurant
Sandwich hassan,Fès,34.0314994,-4.9940287,restaurant
Snack la place,Fès,34.0309999,-4.9937079,restaurant
Snack oued dahab,Fès,34.029494,-4.9929646,restaurant
Casse-croûte Kotbi Khadija,Fès,34.0444352,-5.0058076,restaurant
Snack Moukhtar Alassam,Fès,34.0438116,-5.0069488,restaurant
Yang Tse,Fès,34.0449574,-5.0067072,restaurant
Casse-croûte El Karam Bahij Taoufik,Fès,34.0431867,-5.0089914,restaurant
Restaurant Los Pescadores,Fès,34.030758,-4.9988678,restaurant
Ba kekki,Fès,34.031707,-4.9945242,restaurant
Snack,Fès,34.0284309,-4.9938557,restaurant
Hui-Huang,Fès,34.0241163,-5.0067886,restaurant
Restaurant Pam Pam,Fès,34.0218837,-5.0102799,restaurant
Restaurant Le Plaisir,Fès,34.0226019,-5.012789,restaurant
Pizza let si Go,Fès,34.0278678,-4.9942915,restaurant
Laitiere Khayr Allah,Fès,34.0242396,-5.0165516,restaurant
Black Ice Cafe,Fès,34.0333274,-4.9971708,restaurant
Snack L' Escalope,Fès,34.0218518,-5.0112861,restaurant
Tipico Pizza Fahmi Amine,Fès,34.0205369,-5.0045143,restaurant
Casse-croûte Laamiri Abdelouahed,Fès,34.0207596,-5.0056597,restaurant
Restaurant Escale,Fès,34.0196632,-5.0144306,restaurant
Cinema cafe,Fès,34.060114,-4.9813138,restaurant
Grillade Bensouda مشوار بن سودة,Fès,34.0137583,-5.05064,restaurant
Restaurant Costa Serena,Fès,34.0235415,-5.0205108,restaurant
Snack Restaurant Vietnamien,Fès,34.0265365,-5.006559,restaurant
Restaurant Bouanania,Fès,34.0619008,-4.9839297,restaurant
Snack el madina,Fès,34.032236,-4.995205,restaurant
Fragola,Fès,34.0177605,-5.0055449,restaurant
Délices,Fès,34.0180548,-5.0060308,restaurant
Le tarbouche,Fès,34.0639245,-4.9809009,restaurant
Taco tac,Fès,34.0142659,-5.0027169,restaurant
Borj el hout,Fès,34.032175,-4.9953819,restaurant
Grillade diko,Fès,34.0320869,-4.9957808,restaurant
Restaurant belmaki,Fès,34.0319276,-4.9964627,restaurant
Restaurant le 300,Fès,34.0321486,-4.9955107,restaurant
Restaurant debbagh,Fès,34.0321066,-4.9957098,restaurant
Restaurant slaoui,Fès,34.0317239,-4.9955902,restaurant
Restaurant Lounge Andalous,Fès,34.0210876,-4.9968308,restaurant
L' Ami,Fès,34.028785,-4.9989417,restaurant
Outshy Sandwich Club,Fès,34.0263059,-4.9946297,restaurant
La Table Libanaise,Fès,34.0262049,-5.0002774,restaurant
Le Salaj,Fès,34.0605711,-4.9811934,restaurant
Poisson L' Ariva,Fès,34.0122349,-5.0081951,restaurant
مقشدة الريف,Fès,34.0118513,-4.9805389,restaurant
Pescado,Fès,34.0017992,-5.0103986,restaurant
Le Narval,Fès,34.0017124,-5.0101245,restaurant
Snack mardilla,Fès,34.0170598,-4.9791797,restaurant
Restaurant fiesta,Fès,34.0150451,-4.9757537,restaurant
Restaurant al jazira,Fès,34.0151613,-4.9747362,restaurant
Restaurant Picasso,Fès,34.0152458,-4.9746177,restaurant
Snack la place,Fès,34.014481,-4.9726783,restaurant
Pizza Pasta,Fès,34.0121037,-4.9813166,restaurant
Primo Snack,Fès,34.0145313,-4.9832399,restaurant
Snack,Fès,34.0143075,-4.9830704,restaurant
Snack Al Aila Aziz Boukir,Fès,34.0106204,-4.9801866,restaurant
Restaurant La Rose,Fès,34.0175475,-4.9877056,restaurant
Restaurant Zarda,Fès,34.0175678,-4.9876177,restaurant
Snack la Ribera,Fès,34.0177124,-4.981429,restaurant
Restaurant Bavi,Fès,34.0128351,-5.0026744,restaurant
Restaurant Katana Suchi,Fès,34.0130023,-5.0026782,restaurant
Snack El wafae,Fès,34.0096459,-4.9783211,restaurant
Snack Katia,Fès,34.0124853,-4.9729332,restaurant
Rabti Khalid Pizza Royale,Fès,34.0114874,-4.9884505,restaurant
Snack Abdou Bekkali,Fès,34.0111693,-4.9892054,restaurant
Snack El Wifaq,Fès,34.0139505,-4.971237,restaurant
La Famille,Fès,34.018314,-4.986081,restaurant
Snack Driss (fermé ),Fès,34.0105614,-4.9774602,restaurant
FOOD FACTORY,Fès,34.0366646,-5.014995,restaurant
Restaurant Dichcom,Fès,34.0128018,-4.9741522,restaurant
Hamzi Fatima Crémerie,Fès,34.015167,-4.9862109,restaurant
O'POULET,Fès,34.0387276,-5.0120205,restaurant
Restaurant La Pause,Fès,34.0391178,-5.0124051,restaurant
Les Maître Du Cababes,Fès,34.0385803,-5.0118878,restaurant
Wakamé,Fès,34.0372715,-5.0129682,restaurant
Pizzeria Davinci,Fès,34.0087779,-4.9645983,restaurant
Restaurant kaoutar,Fès,34.0138327,-4.9704003,restaurant
Restaurant Goût Dilices,Fès,34.0138989,-4.9703967,restaurant
Snack El Hamd,Fès,34.0084528,-4.9695689,restaurant
Marina Fish,Fès,34.0078526,-4.9690824,restaurant
Pizzeria Fast Ford,Fès,34.008096,-4.9692901,restaurant
Bleu Piscado,Fès,34.0066198,-4.9681513,restaurant
Tasty Pizza,Fès,34.0127557,-4.9697349,restaurant
Snack Bilax,Fès,34.012838,-4.9683812,restaurant
Restaurant slassi,Fès,34.0128462,-4.9685687,restaurant
Restaurant Food & Outlaws,Fès,34.0077744,-4.9668214,restaurant
Boucherie et Snack Dindiniou,Fès,34.0080848,-4.982382,restaurant
Restaurant Bismillah,Fès,34.009347,-4.9798287,restaurant
Snack Zaki,Fès,34.0090801,-4.9797814,restaurant
Snack Picapo,Fès,34.0078335,-4.9824575,restaurant
Snack,Fès,34.0169825,-4.9797102,restaurant
Snack JE T ACOS ' T,Fès,34.0037469,-4.9862175,restaurant
Snack Saad,Fès,34.0045916,-4.984779,restaurant
Palais de Poulets,Fès,34.0043092,-4.9851979,restaurant
Fez Lounge,Fès,34.0649655,-4.9769649,restaurant
Snack Cousin,Fès,34.0073089,-4.9843951,restaurant
Restaurant + boucherie,Fès,34.0204186,-4.9769232,restaurant
Sandwich Nouh,Fès,34.0210606,-4.9744547,restaurant
Restaurant Chaab,Fès,34.0210585,-4.9744008,restaurant
Snack,Fès,34.0207041,-4.9735114,restaurant
Snack F - Quick,Fès,34.0045822,-4.9872361,restaurant
Boughannou Aziz Snack,Fès,34.0047858,-4.9871616,restaurant
Benhamza Khamiss Pizza et Tacos,Fès,34.0044673,-4.9870217,restaurant
Restaurant Taliouine,Fès,34.0151294,-5.0511594,restaurant
Restaurant de nord,Fès,34.0149842,-5.0509846,restaurant
Snack Akhaouayene,Fès,34.0148974,-5.0510815,restaurant
Restaurant El Bahja,Fès,34.0159736,-5.0513203,restaurant
Snack,Fès,34.0135367,-5.0495457,restaurant
Snack,Fès,34.0141268,-5.0510263,restaurant
Snack,Fès,34.0138482,-5.050996,restaurant
Snack Mik Mak,Fès,34.0162453,-5.0504206,restaurant
Grillade Tazia Bourbah Fatiha,Fès,34.0134004,-5.0083325,restaurant
Snack,Fès,34.0167351,-5.0542779,restaurant
Snack,Fès,34.0171002,-5.0533327,restaurant
Snack,Fès,34.0167953,-5.0531887,restaurant
Restaurant Papa Fish,Fès,34.0061586,-5.0103758,restaurant
Snack Bateau Lux,Fès,34.007316,-5.0106952,restaurant
Pizzeria Marco Polo,Fès,34.0176841,-5.0200168,restaurant
Restaurant el khmissa,Fès,34.0635582,-4.9816949,restaurant
San Gusto,Fès,34.0626939,-4.9826801,restaurant
Restaurant de famille maimonid,Fès,34.0626767,-4.9830369,restaurant
Restaurant Guenoune Chez Said,Fès,34.0617543,-4.9836251,restaurant
Buoayad,Fès,34.0617635,-4.9837456,restaurant
Restaurant benani,Fès,34.0619033,-4.9837279,restaurant
Kasbah de Fes,Fès,34.0618907,-4.9837753,restaurant
Chez Hakim,Fès,34.0614156,-4.9829525,restaurant
Restaurant Mezzanine,Fès,34.060845,-4.9843387,restaurant
Restaurant Terrace,Fès,34.0613693,-4.9840345,restaurant
Café restaurant El Kimissa,Fès,34.0636552,-4.9814343,restaurant
Restaurant africain Kibunu مطعم أفريقي,Fès,34.0105196,-4.9666097,restaurant
Snack,Fès,34.0126276,-5.0433264,restaurant
le 44,Fès,34.0628664,-4.9829268,restaurant
Snack,Fès,34.0698673,-4.9661221,restaurant
Le Numéro 7,Fès,34.0653719,-4.9778196,restaurant
Snack,Fès,34.066998,-4.9643587,restaurant
Snack,Fès,34.0669096,-4.9645044,restaurant
Restaurant Capital de Poulet,Fès,34.0581359,-5.0209326,restaurant
Snack Bab Madina,Fès,34.0637143,-4.960709,restaurant
Snack Abdenour,Fès,34.0637967,-4.9609221,restaurant
Snack Fast-food,Fès,34.0567818,-5.0287471,restaurant
Restaurant Miami(en cours),Fès,34.055968,-5.0286258,restaurant
Restaurant Aarif,Fès,34.0540745,-5.0330428,restaurant
Snack Tghat,Fès,34.0568448,-5.0319878,restaurant
Snack Bismillah,Fès,34.0682067,-4.9861511,restaurant
Asmak medina jbilou,Fès,34.0666827,-4.9645822,restaurant
Café Noria,Fès,34.0581233,-4.9897208,restaurant
Restaurant Akhawayn,Fès,34.0636688,-4.9951205,restaurant
Snack Bismillah,Fès,34.0655836,-4.9991638,restaurant
Les fruits de mer,Fès,34.0495367,-4.9651674,restaurant
Grillade Tanjaoui,Fès,34.0652703,-4.9996027,restaurant
Snack El Jazira,Fès,34.0658882,-5.0011149,restaurant
Snack Faissal Krimi,Fès,34.0616214,-5.0146197,restaurant
Restaurant Capitale du Poisson,Fès,34.0586946,-5.0207786,restaurant
Snack Bismillah,Fès,34.0666165,-5.0056976,restaurant
Restaurant Ahl Fes Kyad Driss et Masrar Mohamed,Fès,34.0610965,-5.009496,restaurant
Snack Said Bahouh,Fès,34.0604472,-5.0097523,restaurant
Bassin Mohamed Rachid Snack,Fès,34.0595967,-5.0080198,restaurant
Snack Hayani Maslouhi Abdellah,Fès,34.0602303,-5.0085311,restaurant
Snack Daouk Rafie Ennali Mustapha,Fès,34.0605698,-5.0095204,restaurant
Snack Akka,Fès,34.066043,-5.0022265,restaurant
Chicken Palace Eddiaz Mohamed,Fès,34.0605369,-5.0088059,restaurant
Snack El Ghali Mhamdi,Fès,34.0629254,-5.0071696,restaurant
Snack El Hayani Driouech Ahmed et El Mahzoume Rabia,Fès,34.0586917,-5.0037361,restaurant
Palais Medina,Fès,34.0590107,-4.9724176,restaurant
Station Fes,Fès,34.0475355,-5.0051733,restaurant
adil grillade,Fès,34.0389317,-5.0003359,restaurant
Made in M,Fès,34.0632822,-4.9817285,restaurant
Le kiosk,Fès,34.0354057,-5.0101733,restaurant
Ben Yamna,Fès,34.0668767,-4.9715665,restaurant
El Forno,Fès,34.0633479,-4.9817679,restaurant
Nacho mama,Fès,34.0643429,-4.9794083,restaurant
Le Peroke Cafe Restaurant,Fès,34.0617289,-4.981042,restaurant
Le Coin des Artistes,Fès,34.060956,-4.9832393,restaurant
Berrada Family Restaurant,Fès,34.066292,-4.9748846,restaurant
Mécafé,Fès,34.0622009,-4.9726314,restaurant
Pizza Hut Ain Chkef,Fès,34.0009688,-5.0114691,restaurant
Dar Tresor,Fès,34.0580855,-4.9770973,restaurant
Al Oud,Fès,34.0633692,-4.9817541,restaurant
Veggie Pause,Fès,34.0612723,-4.9829266,restaurant
restaurant hanafi,Fès,34.0621301,-4.9830908,restaurant
Fezvacationtours,Fès,34.0704816,-4.9832938,restaurant
VOSS CAFE,Fès,34.0040878,-5.0160571,restaurant
Mom's Touch,Fès,34.0624068,-4.9825509,restaurant
ɜadil mol lahrira bab bojloul,Fès,34.0616842,-4.9832924,restaurant
Medina Cafe,Fès,34.0617889,-4.9842735,restaurant
Laglali,Fès,34.0616866,-4.983585,restaurant
Kassr Annoujoum - Ducci Foundation,Fès,34.061574,-4.9802995,restaurant
Riad Nejjarine,Fès,34.0665633,-4.9747267,restaurant
Elhaqouni Grill,Fès,34.0032439,-5.0137487,restaurant
Le patio bleu,Fès,34.0635399,-4.9743245,restaurant
Garden Coffee,Fès,34.0599367,-4.9879766,restaurant
Dar Hatim,Fès,34.0673793,-4.9738478,restaurant
Al Mandar,Fès,34.0599458,-4.9723676,restaurant
Fondouk Bazaar,Fès,34.0655656,-4.980453,restaurant
Fondouk Bazaar,Fès,34.0643529,-4.9795588,restaurant
Two Brothers Restaurant,Fès,34.0282307,-4.9985789,restaurant
Palais Lahlou,Fès,34.0650997,-4.9770402,restaurant
Sweet Time,Fès,34.0016913,-5.0127272,restaurant
Nghma wa tay,Fès,34.0623021,-4.9800313,restaurant
Salah restaurant,Fès,34.0664188,-4.975036,restaurant
Restaurant dar khabya,Fès,34.0643994,-4.9766949,restaurant
Bistrot des saveurs,Fès,34.0355211,-5.0014096,restaurant
Restaurant des Jeunes,Fès,34.0617508,-4.9838357,restaurant
Kan Zamane,Fès,34.0616002,-4.9834853,restaurant
Fnara,Fès,34.0641189,-4.9784331,restaurant
Nassmat Bladi,Fès,34.0627906,-4.9790416,restaurant
La Cave,Fès,34.0643908,-4.9785584,restaurant
Boujloud,Fès,34.0628804,-4.9822492,restaurant
Mouda palace,Fès,34.0618097,-4.9809868,restaurant
Broceliande,Fès,34.0611878,-4.9828558,restaurant
Yalla Yalla Cafe,Fès,34.0599086,-4.9723291,restaurant
Sunshine Restaurant Coffee,Fès,34.0628761,-4.9818581,restaurant
Restaurant Palais Al firdaous,Fès,34.06972,-4.9745092,restaurant
Les Remparts De Fès,Fès,34.0692484,-4.9737543,restaurant
"Snack Flamingo, 29 Mar Rcif",Fès,34.0619771,-4.9730632,restaurant
Barbecue Alarbi Fes,Fès,34.0619173,-4.983784,restaurant
La Morille Dar Diafa,Fès,34.0327472,-5.0055526,restaurant
Wedji resto,Fès,34.0652542,-4.9769826,restaurant
Michwate Zaouja Tanya,Fès,34.0383918,-5.032856,restaurant
Darori Resto,Fès,34.0625817,-4.9737294,restaurant
Sunset,Tanger,35.7599201,-5.93881,restaurant
Marina Hercule,Tanger,35.7602418,-5.9388809,restaurant
Etoile Cap Spartel,Tanger,35.7899427,-5.9237766,restaurant
Las Chicas,Tanger,35.7883955,-5.8156558,restaurant
Café Sol,Tanger,35.7792234,-5.9296649,restaurant
Détroit,Tanger,35.7889276,-5.8127391,restaurant
Le Saveur du Poisson,Tanger,35.7825553,-5.8125675,restaurant
Le Salon Bleu,Tanger,35.7886157,-5.8118877,restaurant
panoramic view restaurant,Tanger,35.7865603,-5.8129456,restaurant
Art & Gourmet,Tanger,35.784622,-5.8124776,restaurant
Snack Alia,Tanger,35.7778869,-5.8188945,restaurant
Mahalaba Hollanda,Tanger,35.7789097,-5.8143361,restaurant
Mr. Cod,Tanger,35.7798501,-5.817535,restaurant
Pizzeria Lux,Tanger,35.77964,-5.8157369,restaurant
Pizza Hut,Tanger,35.7778836,-5.8028529,restaurant
Café Hafa,Tanger,35.7914,-5.8219757,restaurant
Rapido Pizza,Tanger,35.7759487,-5.8140365,restaurant
Anna e Paolo انا اي بولو طنجه,Tanger,35.7770456,-5.811325,restaurant
Casa Nona,Tanger,35.7770765,-5.8139396,restaurant
DeliPanos,Tanger,35.7796938,-5.8124855,restaurant
Baysar,Tanger,35.7796389,-5.8111535,restaurant
Bachir Restaurant,Tanger,35.7795656,-5.8110644,restaurant
Quatre Saisons Sandwich,Tanger,35.7794845,-5.8109748,restaurant
Cappuccino,Tanger,35.7836481,-5.7613756,restaurant
Le Bistro du Petit Socco,Tanger,35.7855406,-5.8103459,restaurant
Comedia,Tanger,35.7787802,-5.8077727,restaurant
La Fabrique,Tanger,35.7816091,-5.8163346,restaurant
Casa de Italia كازا إيطاليا,Tanger,35.7852601,-5.8215451,restaurant
El Morocco Club,Tanger,35.7887881,-5.8144928,restaurant
Number-One,Tanger,35.7796663,-5.808379,restaurant
Le Nabab,Tanger,35.7869862,-5.8111344,restaurant
Romeo,Tanger,35.7781914,-5.8042879,restaurant
Mokhtar,Tanger,35.7697679,-5.8313853,restaurant
Restaurant Al Andalous,Tanger,35.771313,-5.8174446,restaurant
Restaurant Bachir,Tanger,35.7794197,-5.810983,restaurant
El Dorado,Tanger,35.7780388,-5.8100102,restaurant
Snack orientale,Tanger,35.7525113,-5.8076027,restaurant
Pizza Caravaggio,Tanger,35.7792538,-5.8089663,restaurant
Kebdani Restaurant,Tanger,35.7864565,-5.8094805,restaurant
Chez Amy,Tanger,35.7853014,-5.8097734,restaurant
Khalijia Nord,Tanger,35.7750058,-5.7956844,restaurant
Istanbul Grill,Tanger,35.7767041,-5.8007236,restaurant
Luigi di mare,Tanger,35.7772884,-5.799004,restaurant
Pizza Dialy,Tanger,35.7763785,-5.8013247,restaurant
El Tangerino,Tanger,35.7772723,-5.7989291,restaurant
Dar Lidam,Tanger,35.787866,-5.8120191,restaurant
Pure Food,Tanger,35.7792553,-5.810402,restaurant
"Anais, Spécialité Poisson",Tanger,35.7742013,-5.7998309,restaurant
Tropea,Tanger,35.7628363,-5.838363,restaurant
Alia Garden´,Tanger,35.7591142,-5.8287444,restaurant
Res. Amlak Riad,Tanger,35.7634531,-5.8364978,restaurant
Cafe Singapour,Tanger,35.7590233,-5.791517,restaurant
Sandwich Alyasmin,Tanger,35.7702821,-5.8264372,restaurant
Cafétal,Tanger,35.7697651,-5.8294131,restaurant
Province,Tanger,35.7381751,-5.7978688,restaurant
Café Restaurant Amaazoui,Tanger,35.7426699,-5.7961846,restaurant
Cafe Restaurant Imran et Rayan,Tanger,35.7425788,-5.7958219,restaurant
Superette Lyoum,Tanger,35.7417304,-5.7976518,restaurant
Cremerie,Tanger,35.7356905,-5.8018274,restaurant
Snack Pizzeria ITRAN,Tanger,35.7357048,-5.8018481,restaurant
Al Khayr,Tanger,35.7406779,-5.8314386,restaurant
Snack adderrahim Sport,Tanger,35.7400796,-5.8298293,restaurant
Sur Le Grill,Tanger,35.7816205,-5.823978,restaurant
Al Bassatine,Tanger,35.7698558,-5.8311127,restaurant
Caramella,Tanger,35.7700094,-5.8312038,restaurant
Belgo Burger,Tanger,35.7565436,-5.8362386,restaurant
Fifties Diner,Tanger,35.7444783,-5.832128,restaurant
Crémerie,Tanger,35.7497028,-5.8337258,restaurant
Burger Story,Tanger,35.7762154,-5.8185022,restaurant
Patisserie Boulangerie,Tanger,35.7372546,-5.855899,restaurant
Elmhaya,Tanger,35.7503906,-5.8545041,restaurant
Tolosa,Tanger,35.7486886,-5.8576116,restaurant
Corsica,Tanger,35.7516465,-5.8468888,restaurant
7 Frutas,Tanger,35.7594822,-5.8430996,restaurant
"Rama Snack, Chawarma Pizza",Tanger,35.7698142,-5.8103308,restaurant
Azzeddine,Tanger,35.7371338,-5.8863571,restaurant
Restaurant Splash,Tanger,35.7155255,-5.9076402,restaurant
Restaurant Dubai,Tanger,35.7635059,-5.8036955,restaurant
Boughaz,Tanger,35.7840764,-5.8086915,restaurant
L'herboriste du Nord,Tanger,35.7629541,-5.7986798,restaurant
Al Jazira,Tanger,35.7623229,-5.7994579,restaurant
Al Arabiya,Tanger,35.7623782,-5.7993771,restaurant
Jawhara,Tanger,35.7624974,-5.7992265,restaurant
Passion Pizzaria,Tanger,35.7642273,-5.8039975,restaurant
Cremerie Bilal,Tanger,35.7524566,-5.7977698,restaurant
Sarayah food,Tanger,35.7782187,-5.8098772,restaurant
Lubina blanca,Tanger,35.7534427,-5.8294342,restaurant
Yemma Yenou,Tanger,35.7830942,-5.8084091,restaurant
Venezia Ice,Tanger,35.7831612,-5.7973306,restaurant
Vintage,Tanger,35.7744725,-5.7821183,restaurant
Restaurante Mesana Tanger,Tanger,35.7758175,-5.7856324,restaurant
Abou Tayssir,Tanger,35.7864705,-5.8134839,restaurant
عند حسن باب القصبة,Tanger,35.7868317,-5.8138821,restaurant
Nord-Pinus Restaurant,Tanger,35.7889455,-5.813482,restaurant
La Terrasse de Dar El Kasbah,Tanger,35.7870429,-5.8140617,restaurant
Dar Naji دار ناجي,Tanger,35.7717159,-5.8054498,restaurant
LA salon rouge,Tanger,35.7813968,-5.8079454,restaurant
Omega3,Tanger,35.7590564,-5.8376034,restaurant
Dall'Italiano,Tanger,35.7755629,-5.7870405,restaurant
Restaurant Tanger,Tanger,35.7796045,-5.8109461,restaurant
La Ligne,Tanger,35.7155209,-5.9075216,restaurant
Red Cross,Tanger,35.7819768,-5.8180782,restaurant
Diala Food,Tanger,35.7760452,-5.8200797,restaurant
Anji Restaurant,Tanger,35.7792339,-5.8028536,restaurant
طوم يام,Tanger,35.7769645,-5.805336,restaurant
Azur,Tanger,35.7894634,-5.8137454,restaurant
AFTER NIGHT,Tanger,35.7746171,-5.7855688,restaurant
Le chriringuito Beach By l'Océan Restaurant,Tanger,35.7451314,-5.9409931,restaurant
La terraza de la medina,Tanger,35.7878147,-5.8120069,restaurant
RESTAURANT CITE UNIVERSITAIRE,Tanger,35.7360897,-5.8903672,restaurant
Domahana,Tanger,35.7923043,-5.866446,restaurant
Tarifa rmilat,Tanger,35.7923001,-5.8663711,restaurant
L'Ocean,Tanger,35.745065,-5.9393121,restaurant
Rahmouni Délice Restaurant,Tanger,35.7776649,-5.8076293,restaurant
Mr. Tacos,Tanger,35.7731981,-5.8140384,restaurant
Chili’s Tangier,Tanger,35.77367,-5.8010564,restaurant
Smash & Bun,Tanger,35.780381,-5.805445,restaurant
DONNA Restaurant & Lounge,Tanger,35.7743511,-5.7833148,restaurant
Soju Sushi,Tanger,35.778045,-5.8101958,restaurant
Enzo's,Tanger,35.7781538,-5.8099772,restaurant
Roxy Food,Tanger,35.7777395,-5.8096839,restaurant
Restaurant Darna,Tanger,35.7834918,-5.8135967,restaurant
ANZAR Morocco,Tanger,35.7824131,-5.7991287,restaurant
Dar Harruch,Tanger,35.7866942,-5.8104966,restaurant
Marshan Park Cafe Restaurant,Tanger,35.7900018,-5.8207537,restaurant
Plage tamarakt,Tanger,35.7773848,-5.9273083,restaurant
Diblu,Tanger,35.7836473,-5.808606,restaurant
Zerda,Tanger,35.7830333,-5.8083773,restaurant
Les Ambassadeurs,Tanger,35.7810435,-5.8098069,restaurant
Dard'Bagh,Tanger,35.7855936,-5.8089456,restaurant
Al Achab Medina,Tanger,35.7854196,-5.8090744,restaurant
Restaurant Ba Sidi,Tanger,35.7859572,-5.8130018,restaurant
Terminus,Tanger,35.7831931,-5.8084269,restaurant
Al Maimouni,Tanger,35.7856695,-5.809022,restaurant
Nahda,Tanger,35.7836851,-5.8085734,restaurant
Oh My Chef!,Tanger,35.7781335,-5.8100658,restaurant
La Casa,Tanger,35.7776961,-5.8092802,restaurant
El Pescador,Tanger,35.7778314,-5.8102872,restaurant
Also Hadika,Tanger,35.7759549,-5.8020119,restaurant
Zanmai,Tanger,35.7738734,-5.7969985,restaurant
Caesars Palace,Tanger,35.7759885,-5.8022529,restaurant
Galbi Dak,Tanger,35.7740879,-5.8007599,restaurant
Maro Del Mar,Tanger,35.778391,-5.8024837,restaurant
Goyh,Tanger,35.7762523,-5.8014153,restaurant
Marbella Ice,Tanger,35.7745018,-5.7996267,restaurant
Vienna,Tanger,35.7784759,-5.8024979,restaurant
Restaurant cocher CT,Tanger,35.7800731,-5.8126941,restaurant
Snack la linea,Tanger,35.7668219,-5.7648952,restaurant
My délices,Tanger,35.7692868,-5.7675366,restaurant
Yahya Catering,Tanger,35.7709327,-5.768693,restaurant
"3and Miloud, Bissara",Tanger,35.7836869,-5.8143446,restaurant
Sandwich Cervantes,Tanger,35.7828332,-5.8101864,restaurant
Chez Mustafa,Tanger,35.7844087,-5.8123938,restaurant
Dada,Tanger,35.7865118,-5.8107452,restaurant
Al Massira,Tanger,35.760013,-5.9387225,restaurant
Restaurant and Café Miranda,Tanger,35.7149989,-5.9056615,restaurant
Chicken Mbarek,Tanger,35.7774666,-5.8097411,restaurant
NBTA Vegetarian restaurant,Tanger,35.7867104,-5.8098194,restaurant
Pomodoro,Tanger,35.766977,-5.8071195,restaurant
Sarayah food,Tanger,35.7792726,-5.8086202,restaurant
Maison Grill Kasbah,Tanger,35.7872124,-5.8142147,restaurant
Comedia,Tanger,35.7796768,-5.8072922,restaurant
Cafe Terrasse Boulevard,Tanger,35.7799113,-5.8072613,restaurant
Passion,Tanger,35.7797709,-5.8074856,restaurant
Pizza Ibiza,Tanger,35.7661273,-5.8256396,restaurant
Cafe Magana,Tanger,35.7690341,-5.8260078,restaurant
Rotana Café,Tanger,35.7704411,-5.8259524,restaurant
Cafe Al Hilal,Tanger,35.7580111,-5.7889834,restaurant
La Terasse D'or,Tanger,35.7400875,-5.7999827,restaurant
Cafe Glory,Tanger,35.7368277,-5.7991954,restaurant
Cafe Akram,Tanger,35.7261124,-5.811723,restaurant
Creme Caramelo,Tanger,35.7205869,-5.8043273,restaurant
Café Al Woroud Café Salon De Thé,Tanger,35.7257271,-5.8136938,restaurant
Laiteril Al Mers,Tanger,35.7404263,-5.8287541,restaurant
Chez Mario Pizzeria,Tanger,35.7449836,-5.8453798,restaurant
Paname Station,Tanger,35.7493693,-5.8434043,restaurant
La Perla,Tanger,35.7555374,-5.8342898,restaurant
Sinbad,Tanger,35.7073792,-5.9063828,restaurant
La Perla Achakar,Tanger,35.7602489,-5.9387596,restaurant
la muralla tangier,Tanger,35.788548,-5.8149122,restaurant
L'ocean,Tanger,35.7450651,-5.9393133,restaurant
Aroma,Tanger,35.7718736,-5.7684489,restaurant
Terrasse So Phare,Tanger,35.7907962,-5.9233529,restaurant
Yacout,Agadir,30.4209001,-9.5947798,restaurant
Ait Wadrim,Agadir,30.4103843,-9.5565181,restaurant
Pizza Hut,Agadir,30.4150904,-9.5974504,restaurant
Riad Souss,Agadir,30.3503644,-9.4963473,restaurant
Le Scala,Agadir,30.4086343,-9.5987442,restaurant
Bab Agadir,Agadir,30.4159937,-9.5965997,restaurant
Crèmerie Ibn Zohr,Agadir,30.4078989,-9.5809784,restaurant
Strandrestaurant,Agadir,30.3891604,-9.5993186,restaurant
Boba Cafe,Agadir,30.4376474,-9.4900002,restaurant
Atlas Kasbah Restaurant,Agadir,30.4320254,-9.4900753,restaurant
Etoile d'Agadir,Agadir,30.424403,-9.5932811,restaurant
Cafe Restaurant Ibtissam,Agadir,30.4244756,-9.5931949,restaurant
شواية النهضة,Agadir,30.427299,-9.5878894,restaurant
Pizzatino,Agadir,30.4143628,-9.58451,restaurant
Meduza Lounge,Agadir,30.4083661,-9.5963887,restaurant
Côté Court,Agadir,30.4175488,-9.5977624,restaurant
Caverna Pizzeria Ristorante GrillAvenue m,Agadir,30.4189752,-9.597885,restaurant
Rotisserie NAHDA,Agadir,30.4272258,-9.587554,restaurant
Sodivias,Agadir,30.3982853,-9.5253241,restaurant
Ennaser,Agadir,30.4125616,-9.5879459,restaurant
Grillade Fadelo Allah,Agadir,30.4125901,-9.5878082,restaurant
Little Italy,Agadir,30.4210182,-9.5999877,restaurant
Rotisserie Marché شواية المارشي,Agadir,30.4244185,-9.5934832,restaurant
Rasta Pasta,Agadir,30.4115109,-9.5802585,restaurant
Hauptrestaurant,Agadir,30.3877756,-9.5946814,restaurant
Mezzo Mezzo,Agadir,30.4160583,-9.5954236,restaurant
La Grillardière,Agadir,30.4089992,-9.5955075,restaurant
Panoramique,Agadir,30.4588179,-9.5685418,restaurant
مطعم الرباطي,Agadir,30.4026674,-9.5502484,restaurant
عصير اسكلو,Agadir,30.3969349,-9.5483102,restaurant
بيتزا سليمان,Agadir,30.4108667,-9.5875791,restaurant
مطعم بيت المنــــدي الخليجـــي,Agadir,30.4161251,-9.5956677,restaurant
Dar Chouaya,Agadir,30.4171205,-9.5796913,restaurant
Carrito,Agadir,30.4223303,-9.5933698,restaurant
Narjisse,Agadir,30.4012041,-9.5887048,restaurant
Vita mix,Agadir,30.3995781,-9.5879027,restaurant
EL-Tepeyac,Agadir,30.399052,-9.5872171,restaurant
Roastery,Agadir,30.3997123,-9.5874165,restaurant
Dar Jad,Agadir,30.4016716,-9.5849387,restaurant
Green's,Agadir,30.4009585,-9.5868299,restaurant
La cuccina di Mamma,Agadir,30.3999966,-9.5870628,restaurant
Brooklyn Pizza,Agadir,30.4005526,-9.5866642,restaurant
Zone 11,Agadir,30.4005922,-9.5869803,restaurant
Arôme de Paris,Agadir,30.3995171,-9.5879234,restaurant
O'Comptoir,Agadir,30.3992313,-9.5875377,restaurant
Karisma,Agadir,30.3990954,-9.5879869,restaurant
Sushi Fleur de Ming,Agadir,30.3994745,-9.587488,restaurant
Yuzaki,Agadir,30.399987,-9.5869932,restaurant
Dar Tajine,Agadir,30.4169395,-9.5796009,restaurant
Bo Passage,Agadir,30.4012773,-9.5854013,restaurant
Restaurants,Agadir,30.4144344,-9.5789127,restaurant
Kim Hoa,Agadir,30.4107582,-9.59651,restaurant
Belle Passion,Agadir,30.4103022,-9.5831611,restaurant
Little Mamma,Agadir,30.4009641,-9.5846682,restaurant
Sweet Hamid,Agadir,30.423193,-9.5922902,restaurant
Delice Pizza Bay Sonaba,Agadir,30.3990631,-9.5869064,restaurant
Restaurant la Truite,Agadir,30.4157984,-9.596746,restaurant
FOSE Agadir Restaurant,Agadir,30.425059,-9.5951577,restaurant
Restaurant universitaire,Agadir,30.4060581,-9.5791735,restaurant
CHITAL,Agadir,30.4214088,-9.5998274,restaurant
Plage Bleue,Agadir,30.4008439,-9.5993933,restaurant
Cafe Jnane Albadia,Meknès,33.9442935,-5.5680171,restaurant
Pizza Hut,Meknès,33.8961331,-5.5547744,restaurant
Le Relais de Paris,Meknès,33.9037749,-5.5573463,restaurant
L'as d Lys,Meknès,33.899194,-5.5502301,restaurant
Gambrinus,Meknès,33.9002718,-5.5504311,restaurant
Dar Sabrina,Meknès,33.9022436,-5.5484292,restaurant
Al jazira الجزيرة,Meknès,33.8740789,-5.5587126,restaurant
Collier de la colombe طوق الحمامة,Meknès,33.8937993,-5.5605154,restaurant
Restaurant Palais Terrab,Meknès,33.9020787,-5.5401168,restaurant
Hirae,Meknès,33.8974276,-5.5458864,restaurant
restaurant Aladino,Meknès,33.8963161,-5.5545521,restaurant
Dar Nia,Meknès,33.8936773,-5.5592527,restaurant
Le Riad,Meknès,33.8929573,-5.5601733,restaurant
L'épi,Meknès,33.902031,-5.5471435,restaurant
Avinida,Meknès,33.8575133,-5.5784328,restaurant
Restaurant marhaba,Meknès,33.8985613,-5.545818,restaurant
Black Iris,Meknès,33.8636557,-5.5767021,restaurant
Café al Akhawayne,Meknès,33.8881721,-5.499258,restaurant
Restaurant Trésors مطعم كنوز,Meknès,33.8954544,-5.5661849,restaurant
Restaurant Baraka,Meknès,33.8959864,-5.5652083,restaurant
Restaurant Aisha,Meknès,33.8965753,-5.5657051,restaurant
Bisara,Meknès,33.8967456,-5.5464426,restaurant
Le coq magique,Meknès,33.8976894,-5.5454052,restaurant
Club House La Fayette,Meknès,33.9005756,-5.5449124,restaurant
Husseini Palace,Meknès,33.8987584,-5.5508433,restaurant
Mamounia Restaurant,Meknès,33.8988016,-5.5506866,restaurant
le Chef,Meknès,33.9005621,-5.5499057,restaurant
Amigo Burger,Meknès,33.8996549,-5.5507782,restaurant
Traiteur and Restaurant Milano,Meknès,33.899296,-5.5513202,restaurant
Restaurant Latino,Meknès,33.9007147,-5.5400002,restaurant
La Daurade,Meknès,33.8986751,-5.5368323,restaurant
Allo Pizza,Meknès,33.8998381,-5.5367942,restaurant
Charlo,Meknès,33.9016567,-5.5494924,restaurant
مشواة دادة,Meknès,33.9002563,-5.5467551,restaurant
Big Boy,Meknès,33.8980956,-5.5333072,restaurant
L' Artisan Kebab,Meknès,33.8591822,-5.5751577,restaurant
Au bon coin,Meknès,33.8992563,-5.5455485,restaurant
Riad Selma,Meknès,33.8946439,-5.5655223,restaurant
Palais Ismailia,Meknès,33.890208,-5.5643343,restaurant
معيقدات با مبارك,Meknès,33.8985748,-5.5514922,restaurant
لالة معقودة,Meknès,33.8602638,-5.5695691,restaurant
McDonald's,Meknès,33.8558693,-5.5813012,restaurant
TGV PIZZA,Meknès,33.8978806,-5.53163,restaurant
Dar lalla khadra,Meknès,33.8991181,-5.5658562,restaurant
Pain cake,Meknès,33.8556252,-5.5660119,restaurant
Euro-Snack,Meknès,33.8933834,-5.5410678,restaurant
Snack darna,Meknès,33.9041023,-5.4831362,restaurant
Be wok,Meknès,33.8986168,-5.514432,restaurant
سناك حمادة,Meknès,33.858963,-5.5609159,restaurant
L3chir Eat,Meknès,33.8982277,-5.5329709,restaurant
SID L3CHRA,Meknès,33.8836098,-5.5714941,restaurant
Pasticcio A20,Meknès,33.9016953,-5.520649,restaurant
Cornette Palace,Meknès,33.9052656,-5.5521547,restaurant
مجزرة ومشواة واد الجديدة,Meknès,33.8999306,-5.5451983,restaurant
Aire de service Kenitra,Kenitra,34.2282575,-6.5808349,restaurant
Aire de service Kenitra,Kenitra,34.2304485,-6.5856039,restaurant
Retaurant Pizzeria Mini World,Kenitra,34.255898,-6.5937472,restaurant
Merzouga,Kenitra,34.2535676,-6.6785946,restaurant
El Bayt Achami,Kenitra,34.2590659,-6.5879016,restaurant
Mini Chicken,Kenitra,34.2558939,-6.5946976,restaurant
kentsuthai,Kenitra,34.2563862,-6.5765216,restaurant
Le Bon Goût,Kenitra,34.2625793,-6.580887,restaurant
Les Champs Élysée,Kenitra,34.2626293,-6.5807244,restaurant
il Forno,Kenitra,34.2551453,-6.5835556,restaurant
MUZNA,Kenitra,34.2553153,-6.5821548,restaurant
Tokyo Sushi,Kenitra,34.2621149,-6.5861175,restaurant
Mini Chicken,Kenitra,34.2627894,-6.5659481,restaurant
Cantine Universitaire,Kenitra,34.2483089,-6.5826252,restaurant
Cantine,Kenitra,34.2450954,-6.5826952,restaurant
مشواة الغرب - الساكنية,Kenitra,34.2477909,-6.5541748,restaurant
Lelys Barbecue,Kenitra,34.2716077,-6.6274747,restaurant
Tamaris,Kenitra,34.2494415,-6.6808775,restaurant
Snail Ldid,Kenitra,34.2613098,-6.5906556,restaurant
Fire Place,Kenitra,34.2663909,-6.5900895,restaurant
Yours,Kenitra,34.2515729,-6.60222,restaurant
Mini Chicken 2,Kenitra,34.2573117,-6.590005,restaurant
Black Gold,Kenitra,34.2574853,-6.590539,restaurant
Tres Forcas,Kenitra,34.2581929,-6.5877711,restaurant
Rotisserie al Mizane,Kenitra,34.2716566,-6.5585541,restaurant
Café YAFA,Kenitra,34.2719623,-6.6253615,restaurant
Merry Time Coffee Snack,Kenitra,34.2716929,-6.6271812,restaurant
Blue berry,Kenitra,34.2476603,-6.6093266,restaurant
Rotisserie Hassan,Kenitra,34.258983,-6.5864635,restaurant
Mille Délices,Kenitra,34.2636774,-6.5700167,restaurant
Pizza Hut,Kenitra,34.2510829,-6.6023431,restaurant
Wakame Sushi,Kenitra,34.2660272,-6.5895147,restaurant
Moon Plaza,Kenitra,34.2521855,-6.6016884,restaurant
Sushi Hay,Kenitra,34.26134,-6.5919894,restaurant
Chhiwate Ryad Naji,Kenitra,34.260994,-6.5794266,restaurant
Four Seasons snack & grill,Kenitra,34.2684081,-6.5613659,restaurant
Pizza Hut,Kenitra,34.2412038,-6.5707985,restaurant
Little Japan,Kenitra,34.2610945,-6.5890416,restaurant
Cigala,Kenitra,34.265177,-6.5876505,restaurant
مطعم بدر الشام,Kenitra,34.25191,-6.6019303,restaurant
Sun7,Kenitra,34.2508877,-6.6801502,restaurant
Grillade Doha,Kenitra,34.2623994,-6.6620111,restaurant
La Muralla,Tétouan,35.5889424,-5.3400247,restaurant
El Mejor Gusto,Tétouan,35.5888792,-5.3404699,restaurant
Dorada,Tétouan,35.5889698,-5.334957,restaurant
restaurant salon 西班牙海鲜餐,Tétouan,35.5723619,-5.3660083,restaurant
Cafe Rayan,Tétouan,35.5697077,-5.3851001,restaurant
Vikingo,Tétouan,35.5695665,-5.3852028,restaurant
مأكولات الرّحمة,Tétouan,35.5713776,-5.3582583,restaurant
La Esquina del Pescado,Tétouan,35.5695713,-5.3765404,restaurant
Restaurant Omar,Tétouan,35.5710448,-5.377896,restaurant
Restaurant Restinga,Tétouan,35.5700122,-5.3726875,restaurant
El Reducto,Tétouan,35.5709671,-5.3699593,restaurant
Le Rital Tétouan,Tétouan,35.5624951,-5.3732817,restaurant
La Paloma,Tétouan,35.5650179,-5.4120129,restaurant
Granada,Tétouan,35.5721014,-5.3741051,restaurant
Magna Plaza,Tétouan,35.5896537,-5.3446456,restaurant
Ali Baba,El Jadida,33.2438658,-8.4887894,restaurant
Restaurant Le Tit,El Jadida,33.2512385,-8.5016367,restaurant
Cafe Pizzeria Cavalca,El Jadida,33.2448903,-8.495248,restaurant
Espace Palmiers,El Jadida,33.2482674,-8.5008055,restaurant
La Portugaise,El Jadida,33.2561191,-8.5031031,restaurant
Snack Bismillah,El Jadida,33.2558431,-8.5044118,restaurant
Restaurant du port,El Jadida,33.2552479,-8.5002314,restaurant
Shawarma Avenue,El Jadida,33.2398699,-8.49653,restaurant
Resto House,El Jadida,33.2247821,-8.5019316,restaurant
Wharsapp Pool,El Jadida,33.2282856,-8.5054117,restaurant
Kalaat Naji,El Jadida,33.2450178,-8.4954533,restaurant
MM Factory,El Jadida,33.225461,-8.5014482,restaurant
Four Sister,El Jadida,33.2324548,-8.486292,restaurant
Zenga,El Jadida,33.2447487,-8.4950806,restaurant
L'Araucaria,El Jadida,33.2473114,-8.497489,restaurant
Bingo,El Jadida,33.2469749,-8.4974819,restaurant
Snack Lamrissa,El Jadida,33.2542316,-8.5028258,restaurant
Snack Aymen Marina,El Jadida,33.2547901,-8.5033591,restaurant
Tacos de Ville,El Jadida,33.2547363,-8.5034896,restaurant
Snack El Bahri,El Jadida,33.2546892,-8.5030186,restaurant
Snack Al Borj,El Jadida,33.2548054,-8.5032072,restaurant
Luigi,El Jadida,33.2492173,-8.5049848,restaurant
Les Kechois,El Jadida,33.2558556,-8.5028848,restaurant
O'Delice Food,El Jadida,33.2559895,-8.5042958,restaurant
Il Cucina,El Jadida,33.2479023,-8.5097553,restaurant
Tacos O'Mexico,El Jadida,33.2477864,-8.5096292,restaurant
Pachamama,El Jadida,33.2593116,-8.4254849,restaurant
Le Tamaris,El Jadida,33.2522931,-8.5038458,restaurant
La Grillardière,El Jadida,33.2437976,-8.4841071,restaurant
Oasis,El Jadida,33.2444766,-8.490674,restaurant
Amwaj,El Jadida,33.2441176,-8.4788256,restaurant
Samurai,El Jadida,33.2377593,-8.4954123,restaurant
Maison Z,El Jadida,33.2247167,-8.4984993,restaurant
Amista,El Jadida,33.2408852,-8.4947928,restaurant
Les Terrasses,El Jadida,33.2399127,-8.5093071,restaurant
Mwaline Babouch,El Jadida,33.2513549,-8.5007299,restaurant
Le Colloque,El Jadida,33.2289429,-8.4891821,restaurant
101,El Jadida,33.2297113,-8.4885937,restaurant
Espace Bouchrit,El Jadida,33.2518521,-8.5027516,restaurant
Espace Théatre,El Jadida,33.2517177,-8.5026821,restaurant
Ayour Tacos,El Jadida,33.2516811,-8.5026625,restaurant
Snack France,El Jadida,33.2515968,-8.5026593,restaurant
Magic Deserts,El Jadida,33.2514038,-8.5026674,restaurant
Snack Dauphin,El Jadida,33.2513239,-8.5027581,restaurant
Snack Lozan,El Jadida,33.2511475,-8.5029722,restaurant
Regalito,El Jadida,33.2510365,-8.5031178,restaurant
Big One,El Jadida,33.2521339,-8.5029189,restaurant
Bouanba,El Jadida,33.2519273,-8.5031948,restaurant
Mrizika,El Jadida,33.2542178,-8.5010607,restaurant
Pesca,El Jadida,33.2547432,-8.5006472,restaurant
Port,El Jadida,33.2551916,-8.5002881,restaurant
Ex Quick,El Jadida,33.2534953,-8.5013736,restaurant
Tchikito,El Jadida,33.2549953,-8.5044983,restaurant
Le Lokal,El Jadida,33.256382,-8.5022099,restaurant
Riad Eucalyptus,El Jadida,33.2569845,-8.5020144,restaurant
L'Iglesia,El Jadida,33.2569902,-8.5018942,restaurant
La Perle,El Jadida,33.2560571,-8.5043339,restaurant
Restaurant M.M,El Jadida,33.2438975,-8.4776918,restaurant
Resto Club Bouabid,El Jadida,33.2116887,-8.4948316,restaurant
La Petite Maison,Beni Mellal,32.3364746,-6.3516003,restaurant
Restaurant DALAS Diner,Beni Mellal,32.3348269,-6.3612165,restaurant
Restaurant EZZERDA,Beni Mellal,32.3338103,-6.363089,restaurant
La Kasbah,Ouarzazate,30.9208891,-6.8998854,restaurant
Chez Dimitri,Ouarzazate,30.9205559,-6.9152618,restaurant
Galas Café Restaurant,Ouarzazate,30.9203624,-6.9122477,restaurant
Hotel Royal,Ouarzazate,30.9205559,-6.915109,restaurant
La Fibule,Ouarzazate,30.9205167,-6.915521,restaurant
Salon de The Habous,Ouarzazate,30.9217074,-6.9141709,restaurant
Douyria,Ouarzazate,30.9215656,-6.8977781,restaurant
Esapce,Ouarzazate,30.9282228,-6.8895546,restaurant
Fint,Ouarzazate,30.9212176,-6.8985128,restaurant
Le Petit Gourmand,Ouarzazate,30.9237008,-6.8962618,restaurant
St Exupery,Ouarzazate,30.9269153,-6.8906524,restaurant
Jardin des Aromes,Ouarzazate,30.920242,-6.9154144,restaurant
La Rose Des Sables Restaurant Pizzeria,Ouarzazate,30.9030291,-6.9115674,restaurant
Patisserie El Janoub,Ouarzazate,30.9211517,-6.9124367,restaurant
Restaurant 3Thés,Ouarzazate,30.9212261,-6.9109447,restaurant
Snack Resto Elbahja,Ouarzazate,30.9242531,-6.9248932,restaurant
Chez Nabil,Ouarzazate,30.9229314,-6.9117952,restaurant
Candys,Ouarzazate,30.926707,-6.9033295,restaurant
Afoulki افولكي,Ouarzazate,30.9271947,-6.9033941,restaurant
La Kasbah des Sables,Ouarzazate,30.9245218,-6.8783914,restaurant
اكورد مجور,Ouarzazate,30.9235071,-6.9102824,restaurant
La Gironde,Ouarzazate,30.9213545,-6.9195626,restaurant
La Halte,Ouarzazate,30.9211755,-6.9122763,restaurant
Snack Pizzeria,Ouarzazate,30.9279402,-6.9004839,restaurant
Snack Abdou Pizzaria,Ouarzazate,30.9205399,-6.8981038,restaurant
Snack Hassan Pizzeria,Ouarzazate,30.9205022,-6.8981873,restaurant
Etoiles 5,Ouarzazate,30.9258323,-6.9097229,restaurant
Palm Grove restaurant,Ouarzazate,30.9041153,-6.8980086,restaurant
احسن مول زعزع,Ouarzazate,30.9275815,-6.897333,restaurant
La Grilla,Ouarzazate,30.9260151,-6.9103005,restaurant
Restaurant,Ouarzazate,30.924389,-6.9126405,restaurant
Pizzeria Oscar,Berkane,34.9225167,-2.3273179,restaurant
Jnane berkane,Berkane,34.938547,-2.348959,restaurant
Aire de service Larache,Larache,35.1688826,-6.1216622,restaurant
خاي احمد,Larache,35.1868876,-6.1463191,restaurant
Ponte Vecchio,Larache,35.172324,-6.1444618,restaurant
Chez Jawad,Larache,35.1981425,-6.1478289,restaurant
Loukos,Larache,35.1984379,-6.1471978,restaurant
Pizerria,Settat,33.0052824,-7.6199874,restaurant
Restaurant INRA,Settat,33.0294944,-7.6234065,restaurant
Pizza Hut,Rabat,33.998388,-6.8455206,restaurant
La Matelot,Rabat,34.0276674,-6.8302289,restaurant
Ty Potes,Rabat,34.0172043,-6.8318751,restaurant
Coq Magic,Rabat,34.0202844,-6.8276726,restaurant
La Mamma,Rabat,34.0184807,-6.8348346,restaurant
Le studio,Rabat,34.0160907,-6.8309051,restaurant
Dar Naji,Rabat,34.0216395,-6.8418268,restaurant
Pizza Hut,Rabat,33.9735371,-6.8302849,restaurant
Tajine wa Tanja,Rabat,34.0154111,-6.8373784,restaurant
Yoka Sushi,Rabat,34.0007858,-6.8495432,restaurant
Le Bistrot du Pietri,Rabat,34.0162377,-6.8322852,restaurant
Tam,Rabat,34.0186748,-6.8281181,restaurant
Taiyaki,Rabat,33.9944415,-6.8468964,restaurant
Terra Luna,Rabat,33.9949533,-6.8471757,restaurant
Arthé,Rabat,33.995468,-6.84743,restaurant
Grillades Adil,Rabat,33.9951946,-6.8476035,restaurant
First Pizza,Rabat,33.996765,-6.8467668,restaurant
Dar Al Fawakih,Rabat,33.9967094,-6.8469626,restaurant
Caesar's,Rabat,33.9969651,-6.8461633,restaurant
Picasso,Rabat,33.9966426,-6.8471479,restaurant
La cantine du marché,Rabat,34.0004161,-6.8462628,restaurant
7ème art,Rabat,34.0200062,-6.8355982,restaurant
Café la Côte,Rabat,34.0470792,-6.8278929,restaurant
Poisson Magic,Rabat,34.0217199,-6.826974,restaurant
Gallinicta,Rabat,34.0221324,-6.8265915,restaurant
Le p'tit resto,Rabat,34.018044,-6.8293215,restaurant
Koutoubia,Rabat,34.0147067,-6.8307576,restaurant
Ouzoud,Rabat,34.0239239,-6.8307214,restaurant
Esperanza,Rabat,34.0163492,-6.8304817,restaurant
La Rive,Rabat,34.0165031,-6.8302324,restaurant
Rotisserie Hassan,Rabat,34.0202439,-6.8280303,restaurant
Resto 3.0,Rabat,34.0185999,-6.8281602,restaurant
Sotto Sopra,Rabat,34.0197502,-6.8310487,restaurant
El Bahia,Rabat,34.0225999,-6.837612,restaurant
Pizza Rica,Rabat,34.0224029,-6.8383695,restaurant
L'R du goût,Rabat,34.0144277,-6.8308211,restaurant
Pizzeria Al Forno,Rabat,34.013475,-6.8304299,restaurant
Bab Essad,Rabat,34.0139406,-6.8279357,restaurant
Dar Naji,Rabat,34.0023958,-6.8460529,restaurant
La Menara,Rabat,34.017855,-6.8293141,restaurant
Dalia,Rabat,34.0159872,-6.8317492,restaurant
Pieea Vera,Rabat,34.0168945,-6.832379,restaurant
Chantilly,Rabat,34.0211643,-6.8315143,restaurant
Zerda,Rabat,34.021025,-6.8315275,restaurant
Gustie Sapori,Rabat,33.9997916,-6.8459747,restaurant
Le Saxo,Rabat,33.9996969,-6.8461436,restaurant
By Cap,Rabat,33.9901132,-6.8497583,restaurant
Corrida,Rabat,34.0227995,-6.8301512,restaurant
Latium,Rabat,33.9548026,-6.8652877,restaurant
La Cuchara,Rabat,33.955381,-6.8661613,restaurant
The Noodle House,Rabat,33.9555473,-6.8662305,restaurant
La Terrazza,Rabat,33.9535514,-6.8636956,restaurant
Zayyane,Rabat,33.9560802,-6.8667069,restaurant
Mister Brochette,Rabat,34.0203039,-6.8285313,restaurant
Dar Naji,Rabat,33.9855372,-6.8284958,restaurant
Tapamigo,Rabat,34.0083478,-6.8395114,restaurant
Dar Morjana,Rabat,33.99673,-6.8460289,restaurant
Pinchos,Rabat,33.9954771,-6.850578,restaurant
Citirusta,Rabat,34.0020281,-6.8518914,restaurant
Coq Magic,Rabat,34.0022176,-6.8507341,restaurant
Goethe 2.0,Rabat,34.0058019,-6.8466383,restaurant
Chez Ouazzani,Rabat,34.0046502,-6.8470373,restaurant
Pinchos,Rabat,33.9977447,-6.8483053,restaurant
Dar Al Fawakih,Rabat,34.0203191,-6.8438873,restaurant
Le Grand Comptoir,Rabat,34.0190163,-6.8361497,restaurant
Le Bartoldi,Rabat,34.0034395,-6.8490975,restaurant
Zumbra Jus,Rabat,34.0206193,-6.8267618,restaurant
Restaurant - Rotisserie Aya,Rabat,34.0196651,-6.8257908,restaurant
Addik Snack,Rabat,34.01997,-6.8259498,restaurant
La passerelle,Rabat,34.0202585,-6.8256246,restaurant
Happy Fish,Rabat,34.0207647,-6.824351,restaurant
Santo,Rabat,34.0205304,-6.8242096,restaurant
Le Mare Nostrum,Rabat,34.018773,-6.8254374,restaurant
Sens du goût,Rabat,34.0192771,-6.8256076,restaurant
La Brasserie,Rabat,34.0175478,-6.8277983,restaurant
Pilippe Rey. Petit Bistro,Rabat,34.0206136,-6.8304944,restaurant
Croquette,Rabat,34.0213371,-6.8262187,restaurant
saada food,Rabat,34.0217639,-6.8313352,restaurant
exotic,Rabat,34.0215728,-6.8306308,restaurant
Chiwates du terroir,Rabat,34.0185128,-6.8260138,restaurant
Restaurant Riyad Al Hassan,Rabat,34.016457,-6.8507726,restaurant
Le Georges,Rabat,34.0007034,-6.8459905,restaurant
Il Giardino الجيردينو,Rabat,34.0156052,-6.8211928,restaurant
Tout Va Bien,Rabat,34.0179112,-6.8514265,restaurant
Pizza Risse,Rabat,34.0176887,-6.8518931,restaurant
Le Dhow,Rabat,34.0290184,-6.8324165,restaurant
La Grillardiere,Rabat,33.9581699,-6.872866,restaurant
L'hacienda,Rabat,34.0177968,-6.8253706,restaurant
Tacos De Mexico,Rabat,34.0253428,-6.8461406,restaurant
Al Fanous,Rabat,34.0182035,-6.8341182,restaurant
Café l'Escale,Rabat,34.0167876,-6.8239355,restaurant
goût du détroit,Rabat,34.0243524,-6.8313973,restaurant
Paparotti,Rabat,34.0178571,-6.8344649,restaurant
Anoual Grillade,Rabat,34.0176199,-6.8349657,restaurant
Tacos de Mexico,Rabat,34.0253139,-6.8461605,restaurant
Л-марса Сале,Rabat,34.0281368,-6.8226461,restaurant
restaurant le mandarin,Rabat,34.0246698,-6.8471627,restaurant
Restaurant Tian An Men Chinois,Rabat,34.0214861,-6.8484941,restaurant
Mirabilis,Rabat,34.0223029,-6.8466163,restaurant
Villa M,Rabat,33.9902716,-6.8515298,restaurant
Dar El Medina,Rabat,34.0263347,-6.8336183,restaurant
شجرة الصنوبر,Rabat,33.9979318,-6.8476184,restaurant
Kung Fu,Rabat,34.000914,-6.8439043,restaurant
Yamal Acham,Rabat,34.0205096,-6.8431608,restaurant
Le Petit Beur,Rabat,34.0178088,-6.8350104,restaurant
Mr. Brochette,Rabat,34.0163765,-6.8344779,restaurant
Istanbul Express - Turkish Restaurant,Rabat,34.0013919,-6.8503468,restaurant
JaponeZa,Rabat,34.0014813,-6.8503934,restaurant
Zoom Pizza,Rabat,34.0156829,-6.8344541,restaurant
Le limonadier,Rabat,33.9965709,-6.8453165,restaurant
miss one,Rabat,33.9986388,-6.84561,restaurant
Pizzaria,Rabat,33.9979411,-6.846885,restaurant
Nourine,Rabat,33.9383852,-6.8972272,restaurant
Le Croissanterie,Rabat,33.9060656,-6.7777328,restaurant
Mondolini Lounge,Rabat,34.0217548,-6.8314959,restaurant
Restaurant de la Liberation,Rabat,34.0235955,-6.8388874,restaurant
Snoopy Burger,Rabat,34.0173435,-6.8303257,restaurant
Lys Rose,Rabat,34.0166521,-6.8508071,restaurant
Hungry Birds,Rabat,34.0146823,-6.8506596,restaurant
Sultina,Rabat,34.0227635,-6.8502653,restaurant
Sun Way,Rabat,34.0216642,-6.8470895,restaurant
Ardeco Cuisine and Parquet,Rabat,34.01457,-6.8288156,restaurant
Restaurant Les 2 Palais,Rabat,34.0123699,-6.8262035,restaurant
Globe Restaurant,Rabat,34.0061634,-6.8473631,restaurant
Reggio,Rabat,34.0055219,-6.8470077,restaurant
Restaurant Havana,Rabat,34.0058713,-6.8465581,restaurant
Restaurant Pizza Musique & Expo,Rabat,34.0060867,-6.8463211,restaurant
Bistrot Burger,Rabat,34.0061223,-6.8462835,restaurant
Angelo Nardelli,Rabat,33.9976548,-6.8510203,restaurant
Adelis,Rabat,34.000063,-6.8482053,restaurant
La Italiana,Rabat,34.0051773,-6.848094,restaurant
La Galerie,Rabat,33.9997651,-6.8445937,restaurant
Dar Zaki,Rabat,34.0267279,-6.8339196,restaurant
Säidoune,Rabat,34.0160161,-6.8345992,restaurant
شوارما مازن الشام,Rabat,34.0015073,-6.8468562,restaurant
La Ruche,Rabat,34.0198342,-6.8345369,restaurant
La Capitale,Rabat,34.0308503,-6.8207871,restaurant
Good Way,Rabat,34.0257415,-6.8399812,restaurant
Dar Safran,Rabat,34.0209795,-6.8315318,restaurant
Le Ziryab,Rabat,34.0274972,-6.8342086,restaurant
Campus Al Irfane,Rabat,33.9815635,-6.8644706,restaurant
La passion du jus,Rabat,34.0171004,-6.8348119,restaurant
MAYA-Restaurant lounge,Rabat,33.9833478,-6.8287415,restaurant
la rambla,Rabat,33.9840851,-6.8285645,restaurant
Chez guedi,Rabat,33.9751172,-6.8576625,restaurant
911,Rabat,34.015618,-6.8355673,restaurant
La piz,Rabat,33.9562969,-6.8673183,restaurant
Beyti Istanbul,Rabat,33.9564364,-6.8674722,restaurant
mitsuki sushi,Rabat,34.0031943,-6.8453073,restaurant
Les Cinq B,Rabat,33.9913637,-6.8511906,restaurant
El Chapo,Rabat,33.989165,-6.8513037,restaurant
Yamal Acham,Rabat,34.0024606,-6.8509401,restaurant
Clandestino,Rabat,34.0021734,-6.8505314,restaurant
مطعم سفره,Rabat,34.0208301,-6.8304208,restaurant
Restaurant Gardenia,Rabat,33.9962299,-6.8474284,restaurant
دار الناجي,Rabat,33.9794775,-6.8956636,restaurant
Maison Beyrouth,Rabat,34.0013525,-6.8467198,restaurant
Maya Sushi,Rabat,34.0012824,-6.8503064,restaurant
MOOJOOD (موجود),Rabat,34.0008186,-6.856458,restaurant
Eat Néocantine,Rabat,33.9561737,-6.868444,restaurant
Allo Beldi,Rabat,34.003439,-6.8463787,restaurant
El Tropic,Rabat,33.9811949,-6.8290121,restaurant
Le Délice Africain,Rabat,33.9955796,-6.8494652,restaurant
Azafran,Rabat,34.0139654,-6.7850409,restaurant
واينوت,Rabat,33.9816809,-6.8643669,restaurant
Sushi House,Rabat,33.9619665,-6.8655461,restaurant
Blend,Rabat,33.9619238,-6.8655898,restaurant
Dinarjat,Rabat,34.0281632,-6.8376448,restaurant
Le goéland,Rabat,34.0145407,-6.8281738,restaurant
Casa José,Rabat,34.0189901,-6.8361186,restaurant
Sufra,Rabat,34.0206332,-6.8304218,restaurant
Felicita,Rabat,33.9610385,-6.8673328,restaurant
Little Mamma,Rabat,33.9601638,-6.867717,restaurant
Oceanos,Rabat,33.9601602,-6.8674561,restaurant
Dar Naji Agdal,Rabat,34.0033035,-6.8463067,restaurant
La Pagode,Rabat,34.0153111,-6.8376916,restaurant
Clay Oven,Rabat,33.9617161,-6.864708,restaurant
Le Medina,Rabat,33.959691,-6.8734776,restaurant
Saladbar - Green is better,Rabat,33.9625506,-6.8648192,restaurant
As'iam,Rabat,33.9540727,-6.8746584,restaurant
L'Atelier Burger,Rabat,33.9537687,-6.8739709,restaurant
Pizza Hut,Rabat,33.9618432,-6.8658522,restaurant
Le Picolo's,Rabat,33.9867191,-6.8282633,restaurant
Little Mamma Agdal,Rabat,33.9989185,-6.8491499,restaurant
GOLDEN FISH,Rabat,33.9899813,-6.8376905,restaurant
Ober Mamma,Rabat,34.0163571,-6.8304629,restaurant
Les Saveurs de Chine,Rabat,34.0163634,-6.8325103,restaurant
Radia Restaurant - Café,Rabat,33.9951968,-6.8797646,restaurant
Sabahacham,Rabat,33.9933152,-6.8813958,restaurant
Snack Al Boughaz,Rabat,34.0343767,-6.8211693,restaurant
Grillades De Poisson,Rabat,34.0401596,-6.8324634,restaurant
Instagrill Rabat,Rabat,34.0193504,-6.8427468,restaurant
Snack Boukana,Rabat,34.0214923,-6.8437635,restaurant
Little Mamma,Rabat,34.0164388,-6.8343002,restaurant
Tacos de Lyon.,Rabat,33.9944885,-6.8469142,restaurant
Snack Barcelona,Rabat,34.0474885,-6.8278095,restaurant
Restaurant Al Ghorub,Rabat,34.0493066,-6.8268157,restaurant
Snack Cherkaoui,Rabat,34.047305,-6.8278609,restaurant
Le Rocher,Rabat,34.0283149,-6.8151099,restaurant
La Javanaise,Rabat,34.0060569,-6.8562358,restaurant
La Ola,Rabat,33.9746719,-6.8293635,restaurant
Chérie Chéri,Rabat,34.0307495,-6.8222848,restaurant
Bayt Al Quds,Rabat,34.0303266,-6.82729,restaurant
Le Repère Gourmand,Rabat,34.029661,-6.825649,restaurant
The Frame,Rabat,34.0302868,-6.8271706,restaurant
Panda Crêpes,Rabat,34.0303626,-6.8273911,restaurant
Le 18 Bouregreg Street,Rabat,34.0298773,-6.8258907,restaurant
Le Positano,Rabat,34.0297078,-6.8257827,restaurant
Tacos de Paris,Rabat,33.9958844,-6.8472458,restaurant
Fried fish,Rabat,34.0270629,-6.8327084,restaurant
Sofia Palace,Rabat,33.9686194,-6.8470185,restaurant
La Bodega,Rabat,33.9930228,-6.8477333,restaurant
شاورما أبطال الشام المدينة,Rabat,34.0163506,-6.8345568,restaurant
Sushi B ox,Rabat,33.959946,-6.8679549,restaurant
Gotham,Rabat,33.9610465,-6.8665625,restaurant
Soy,Rabat,33.9614102,-6.8669313,restaurant
Chez Kimo,Rabat,33.9614913,-6.8668572,restaurant
Tapéo,Rabat,33.9612135,-6.8665923,restaurant
PInchos,Rabat,33.9613177,-6.8665377,restaurant
Green Chili,Rabat,33.9623046,-6.8663143,restaurant
Lyn,Rabat,33.9618767,-6.8656594,restaurant
Pizza Verra,Rabat,33.9631602,-6.8661126,restaurant
Buvette de l'ENA,Rabat,33.9878532,-6.8619473,restaurant
Le PAvillon des Gourmets,Rabat,33.9505561,-6.8416822,restaurant
Barco Blanco,Rabat,34.0277243,-6.8305932,restaurant
Blue Berry,Rabat,34.0276219,-6.8297655,restaurant
Venezia Ice,Rabat,34.0275782,-6.8293732,restaurant
مطعم النرجس,Rabat,33.9691647,-6.8799189,restaurant
L'Endroit,Rabat,33.9960654,-6.8467333,restaurant
Le Four A Bois,Rabat,33.9971949,-6.8592134,restaurant
Out Of Africa,Rabat,33.9522112,-6.8974688,restaurant
Panda,Rabat,33.9562005,-6.8679194,restaurant
Le Safran,Rabat,33.9438438,-6.8159295,restaurant
Borjeddar,Rabat,34.0321616,-6.8400816,restaurant
Ciconia,Rabat,34.006118,-6.8219385,restaurant
Le Patio,Rabat,34.0068827,-6.8232425,restaurant
Lbahia,Rabat,34.0327009,-6.8386957,restaurant
The Kitch,Rabat,34.0209565,-6.8369104,restaurant
La Bamba,Rabat,34.0182999,-6.8347923,restaurant
Kasr al Assil,Rabat,34.0130405,-6.8306797,restaurant
Chez Lhaja,Rabat,34.0233897,-6.8359775,restaurant
Buvette de l'INAU,Rabat,33.9882947,-6.8612731,restaurant
Relais Marin,Rabat,34.0326266,-6.8387169,restaurant
Carrefour market,Rabat,33.976481,-6.8186037,restaurant
Delish'bun,Rabat,33.9954533,-6.8467761,restaurant
Matsuri,Rabat,33.9847672,-6.8284373,restaurant
L'avenue,Rabat,33.9852957,-6.8282407,restaurant
Ghost kitchen,Rabat,33.9627509,-6.8660631,restaurant
Sushi house,Rabat,33.9896129,-6.8483777,restaurant
atacadao,Rabat,34.0292428,-6.7609376,restaurant
Papa Johns,Rabat,33.9598528,-6.8716183,restaurant
BEYTI ISTANBUL,Rabat,33.9918241,-6.8465447,restaurant
Louai's,Rabat,33.9952259,-6.84704,restaurant
Restaurent Maistro (Safi ),Safi,32.2914855,-9.2323406,restaurant
Calypso Medina,Safi,32.2926452,-9.2452191,restaurant
wzanifood,Safi,32.3175365,-9.2286801,restaurant
Mouchoirs fish,Safi,32.3091987,-9.241233,restaurant
Canaria,Nador,35.1749311,-2.9225659,restaurant
Victoria فيكتوريا,Nador,35.1746921,-2.9223942,restaurant
Milmo,Nador,35.1774446,-2.924891,restaurant
Blanco & Negro بلانكو ونيغرو,Nador,35.1724006,-2.9200954,restaurant
Bella Italia,Nador,35.1723777,-2.9270094,restaurant
Norsal,Nador,35.1662091,-2.9287259,restaurant
Gran Canaria,Nador,35.1724271,-2.9268788,restaurant
روكا نيغرا,Nador,35.145875,-2.9214629,restaurant
Plateau d'Or,Nador,35.1534418,-2.9193821,restaurant
restaurant Marhaba,Nador,35.1788313,-2.9277188,restaurant
Casa Juanito,Nador,35.1543873,-2.9112082,restaurant
Gran Rif,Nador,35.1546307,-2.9116856,restaurant
Café Gran Vía,Nador,35.1547053,-2.9078233,restaurant
Ice House,Nador,35.1681848,-2.9455103,restaurant
Los Pollos Hermanos,Nador,35.1711372,-2.9291776,restaurant
Restaurant Salpicon,Nador,35.1528448,-2.9110183,restaurant
Restaurant syrien,Nador,35.1729074,-2.9242705,restaurant
L'Artiste,Nador,35.1637996,-2.9085425,restaurant
Las Belgas,Nador,35.1789717,-2.9220735,restaurant
Sushi Box,Nador,35.1639228,-2.9092238,restaurant
La Petite Perle,Essaouira,31.5124742,-9.7711049,restaurant
Chez Ben Mostafa,Essaouira,31.5123454,-9.7719927,restaurant
Kelaa Mgouna,Essaouira,31.5033698,-9.7576946,restaurant
Les 3 Palmier,Essaouira,31.5038451,-9.7585363,restaurant
Chez bader,Essaouira,31.5016679,-9.7571799,restaurant
La Crevette,Essaouira,31.5051398,-9.763324,restaurant
Pizza Al Forno,Essaouira,31.5053201,-9.762913,restaurant
Châlet de la Plage,Essaouira,31.5102867,-9.7699301,restaurant
Chez les Frères عند الإخوة,Essaouira,31.5146033,-9.771573,restaurant
La Triskalla,Essaouira,31.5148342,-9.7715166,restaurant
Les Dunes de la Plage,Essaouira,31.5053913,-9.7635796,restaurant
La Petite Algue,Essaouira,31.5040519,-9.7633714,restaurant
Al Khaima الخيمة,Essaouira,31.5139352,-9.7707996,restaurant
Mermoz,Essaouira,31.5138323,-9.7707916,restaurant
Dar Jeeling,Essaouira,31.513846,-9.7710085,restaurant
Chez Kherfa,Essaouira,31.513764,-9.7710943,restaurant
عند يوسف,Essaouira,31.5139997,-9.7705657,restaurant
Il Mare إلماري,Essaouira,31.5149334,-9.7719452,restaurant
La Rencontre,Essaouira,31.5145289,-9.7719935,restaurant
Laachour,Essaouira,31.5118498,-9.7723587,restaurant
Opera,Essaouira,31.5126265,-9.7718468,restaurant
Pasta Baladin Bab Skala,Essaouira,31.5146012,-9.772116,restaurant
M'Riste Jouhar,Essaouira,31.5138639,-9.7717895,restaurant
La Licorne,Essaouira,31.5133409,-9.7724803,restaurant
Le Sirocco,Essaouira,31.5134623,-9.7720267,restaurant
Dar Tata,Essaouira,31.514439,-9.7676614,restaurant
Sicilia,Essaouira,31.5128748,-9.771672,restaurant
Les Alizes,Essaouira,31.513317,-9.7724777,restaurant
Chez Aladin le Berbere,Essaouira,31.5137421,-9.7708766,restaurant
Le Patio,Essaouira,31.5130285,-9.7712263,restaurant
Restaurant Le Glacier,Essaouira,31.5135109,-9.7707979,restaurant
The Loft,Essaouira,31.512435,-9.7712232,restaurant
L'Amiral,Essaouira,31.504411,-9.7588066,restaurant
Restaurant du Coeur,Essaouira,31.5124118,-9.7711906,restaurant
Dar Al Houma,Essaouira,31.5125827,-9.7712085,restaurant
Vague bleue,Essaouira,31.5131433,-9.7671637,restaurant
Association féminine de bienfaisance El Khir,Essaouira,31.5147963,-9.7644679,restaurant
Chez Krimo,Essaouira,31.5052779,-9.7631719,restaurant
Gusto,Essaouira,31.5044358,-9.7629326,restaurant
Le Mogadorien,Essaouira,31.5122981,-9.7710799,restaurant
Restaurant Cafe Mogador,Essaouira,31.5050138,-9.7635436,restaurant
L'Horloge,Essaouira,31.5123175,-9.7708562,restaurant
L'Horloge,Essaouira,31.5117149,-9.7703554,restaurant
Beach Hostel,Essaouira,31.5033334,-9.7627434,restaurant
Platinium,Essaouira,31.5058787,-9.7609557,restaurant
Casa Italia,Essaouira,31.5056803,-9.7628641,restaurant
Vague Bleue,Essaouira,31.5132102,-9.7667714,restaurant
Umia,Essaouira,31.5134195,-9.7724858,restaurant
Keltoum,Essaouira,31.5129646,-9.7709217,restaurant
Chaabi Chic,Essaouira,31.5154383,-9.7680251,restaurant
Delices et saveurs de mogador,Essaouira,31.5153832,-9.7682026,restaurant
Chez Brixi,Essaouira,31.5144998,-9.767608,restaurant
d'Orient et d'Ailleurs,Essaouira,31.5146849,-9.7717909,restaurant
Adwak,Essaouira,31.5129204,-9.7711223,restaurant
Laayoune,Essaouira,31.5126513,-9.7711973,restaurant
Miyame,Essaouira,31.5160527,-9.7656499,restaurant
Lo Sgarbo,Essaouira,31.5138262,-9.7707301,restaurant
La Maison du Cinéma,Essaouira,31.5138022,-9.7711961,restaurant
L'or vert,Essaouira,31.5137676,-9.771234,restaurant
Shadma's,Essaouira,31.5136857,-9.7709277,restaurant
restaurant libanais,Essaouira,31.5116742,-9.7708654,restaurant
The Coast,Essaouira,31.5131939,-9.7704741,restaurant
الحجر الزاوية,Essaouira,31.5144603,-9.7716274,restaurant
Chez Yosseuf عند يوسف,Essaouira,31.5140431,-9.7706278,restaurant
LA TABLE BY MADADA,Essaouira,31.5116133,-9.7709453,restaurant
مطعم الجبن,Essaouira,31.5131183,-9.6998067,restaurant
Merjam,Essaouira,31.5150845,-9.7687827,restaurant
Maison d'Art,Essaouira,31.5016776,-9.7581615,restaurant
Taverna Bolognese da Maurizio,Essaouira,31.514591,-9.7694461,restaurant
Chez Salah Grillades,Essaouira,31.5040749,-9.7583241,restaurant
Des Reve,Essaouira,31.5141409,-9.7698011,restaurant
La Roche,Essaouira,31.5154194,-9.768312,restaurant
Le Marrakech,Essaouira,31.5121979,-9.7720695,restaurant
Tara Cafe,Essaouira,31.5154054,-9.7681698,restaurant
les saveurs de ma mére,Essaouira,31.5143151,-9.7694518,restaurant
زلفسترو,Essaouira,31.5142608,-9.7717398,restaurant
Chez Omar,Essaouira,31.5135473,-9.76815,restaurant
Delices et saveurs,Essaouira,31.5154799,-9.7681672,restaurant
Café Tara,Essaouira,31.5155014,-9.7681239,restaurant
Côté Crêpes,Essaouira,31.5041759,-9.7558299,restaurant
Cheap Grilled Sardines,Essaouira,31.5139479,-9.7678368,restaurant
Restaurante Vegetariano Local,Essaouira,31.5126262,-9.7707927,restaurant
la rose du sud,Essaouira,31.5140026,-9.7709516,restaurant
O'Bleu Mogador,Essaouira,31.5134688,-9.7666276,restaurant
Restaurant Seafood,Essaouira,31.5113854,-9.7707682,restaurant
Salma & kaltoum,Essaouira,31.5144693,-9.7685225,restaurant
THE LOFT,Essaouira,31.5124463,-9.7711852,restaurant
café restaurant Teranga,Essaouira,31.5138684,-9.7709761,restaurant
Le corail At Latifa,Essaouira,31.5137654,-9.77102,restaurant
Yoo Healthy Restaurant,Essaouira,31.5130465,-9.7716519,restaurant
Chez Ahmed عند أحمد,Essaouira,31.5143954,-9.7678491,restaurant
Trees little Birds,Essaouira,31.5150603,-9.768794,restaurant
AWRIRRTE,Essaouira,31.5148701,-9.7691243,restaurant
Khmissa,Essaouira,31.5137487,-9.7714346,restaurant
Sayef,Essaouira,31.5129673,-9.7692409,restaurant
Rosa Blanca,Essaouira,31.5053111,-9.7630949,restaurant
La Tolérance,Essaouira,31.5132733,-9.7705842,restaurant
Restaurante des Arcades,Essaouira,31.5129462,-9.7697165,restaurant
Restaurant Baghdad,Essaouira,31.515193,-9.7666581,restaurant
Snack Attack,Essaouira,31.5140815,-9.7634501,restaurant
Restaurant Bismillah,Essaouira,31.5143694,-9.7697622,restaurant
Casa Vera,Essaouira,31.5119753,-9.7718069,restaurant
Taros,Essaouira,31.5122421,-9.7721515,restaurant
La Coupole,Essaouira,31.5051299,-9.7635581,restaurant
Mega Loft,Essaouira,31.5132815,-9.7694758,restaurant
Arabico,Essaouira,31.5131769,-9.7694634,restaurant
Three little birds,Essaouira,31.5150981,-9.7687446,restaurant
MBeach,Essaouira,31.507844,-9.7662173,restaurant
PickNick Cafè Essaouira,Essaouira,31.5116472,-9.7708716,restaurant
La Casa,Essaouira,31.5139157,-9.7699204,restaurant
Zaytouna,Essaouira,31.5140671,-9.7708976,restaurant
Tajines and more,Essaouira,31.5139202,-9.7678731,restaurant
Mogador Nights,Essaouira,31.5134598,-9.769091,restaurant
Les 4 Saisons de Magador,Essaouira,31.513126,-9.7695171,restaurant
Zerda Mogador,Essaouira,31.5137629,-9.7700859,restaurant
La Smala,Essaouira,31.5140966,-9.7722794,restaurant
Restaurant La Licorne,Essaouira,31.5144253,-9.7722272,restaurant
Dar Ayour,Essaouira,31.5126287,-9.7725941,restaurant
Matto,Essaouira,31.5091068,-9.7581116,restaurant
Abdessamad,Essaouira,31.506244,-9.7564704,restaurant
Grillade,Essaouira,31.5076201,-9.7567412,restaurant
Petit déjeuner,Essaouira,31.5013743,-9.7583327,restaurant
Lamama Essaouira,Essaouira,31.5139245,-9.770553,restaurant
Chez Latifa,Essaouira,31.5127545,-9.7668746,restaurant
La Campana,Essaouira,31.516987,-9.7651774,restaurant
L'arôme des Alizés,Essaouira,31.5044455,-9.7575577,restaurant
BOSCO Seafood Restaurant,Essaouira,31.503292,-9.7565803,restaurant
Le Fondouk By Dar l'Oussia,Essaouira,31.5112997,-9.7703138,restaurant
KSOU,Essaouira,31.5120349,-9.7705966,restaurant
Le P'ti Bistrot,Essaouira,31.5045802,-9.755124,restaurant
Le Corail at Latifa,Essaouira,31.5139115,-9.7709946,restaurant
Chez Jawad,Essaouira,31.5140063,-9.7684075,restaurant
Chez Loubna,Essaouira,31.5135546,-9.768081,restaurant
Cote Plage,Essaouira,31.507934,-9.7661161,restaurant
Restaurant de la Baie,Essaouira,31.5070076,-9.7651031,restaurant
Restaurant De France,Oujda,34.6826408,-1.9164414,restaurant
Restaurant El Kabados,Oujda,34.6723598,-1.9160314,restaurant
More & Ben's,Oujda,34.6533707,-1.8966778,restaurant
Brimo Snack,Oujda,34.6805009,-1.9194455,restaurant
Restaurant Nacional,Oujda,34.6805539,-1.9198479,restaurant
Restaurant Miami Inn,Oujda,34.6816602,-1.9174026,restaurant
Ramses Pizza,Oujda,34.6791326,-1.919004,restaurant
Le Comme Chez Soi,Oujda,34.6818081,-1.9183227,restaurant
Le Dauphin,Oujda,34.6856988,-1.9174161,restaurant
Café La Belle D'Orient,Oujda,34.6880278,-1.9160535,restaurant
Snack Mic-Mac,Oujda,34.6926972,-1.9180286,restaurant
Mr. Smith,Oujda,34.6565768,-1.9007235,restaurant
Club Mistral,Oujda,34.6571103,-1.897322,restaurant
Luigi,Oujda,34.7115324,-1.920036,restaurant
Oum Al Qura,Oujda,34.685226,-1.9087301,restaurant
Brimo Snack,Oujda,34.6853888,-1.9190812,restaurant
Restaurant Montana,Oujda,34.6891739,-1.9192741,restaurant
Babylon,Oujda,34.6568163,-1.8978238,restaurant
Zaman Al Izza,Oujda,34.6688948,-1.8953283,restaurant
Restaurant Abderrahman Karan مطعم عبد الرحمن كران,Oujda,34.6814024,-1.8848368,restaurant
Restaurant Tament,Oujda,34.6915601,-1.8705976,restaurant
DC chicken,Oujda,34.6577216,-1.9013979,restaurant
Tok O Sushi,Oujda,34.6615159,-1.8980491,restaurant
كوزينة,Oujda,34.6940597,-1.9041968,restaurant
مطعم الرياحة,Oujda,34.7581001,-1.9374747,restaurant
Chez Lahsen,Oujda,34.6892187,-1.9045917,restaurant
O'48 CHEZ LOTFI,Oujda,34.6940408,-1.9186561,restaurant
Smash's : Burger & Chicken,Oujda,34.6549016,-1.8968239,restaurant
Restaurant Universitaire,Oujda,34.6513962,-1.9069991,restaurant
Restaurant Universitaire,Oujda,34.651319,-1.9072418,restaurant
Restaurant Universitaire,Oujda,34.6514823,-1.9067577,restaurant
Au 19 Heure,Casablanca,33.5827625,-7.6112767,cafe
Maeva,Casablanca,33.5957256,-7.5933532,cafe
Sampione,Casablanca,33.5928563,-7.5971409,cafe
Venezia Ice,Casablanca,33.5944312,-7.5954315,cafe
Alhana,Casablanca,33.5900564,-7.5931006,cafe
Café de la gare,Casablanca,33.5899952,-7.5905952,cafe
Bellevue,Casablanca,33.5906508,-7.5928083,cafe
Jus Bordeaux,Casablanca,33.5969487,-7.6279619,cafe
Café Splendeur,Casablanca,33.5962469,-7.6313052,cafe
Restaurant grillades au top,Casablanca,33.5111856,-7.6105369,cafe
Cafe Black Stone,Casablanca,33.5951697,-7.610295,cafe
Café Ghandi,Casablanca,33.5656336,-7.6379599,cafe
Lugano Glacier,Casablanca,33.5942402,-7.6376222,cafe
Café Galatina,Casablanca,33.5100873,-7.6507181,cafe
caffé Grandi,Casablanca,33.5200648,-7.651763,cafe
Valencia,Casablanca,33.5289904,-7.6487632,cafe
Havana,Casablanca,33.5285902,-7.6489134,cafe
Café Domani,Casablanca,33.5620309,-7.5591609,cafe
Café Ghurub الغروب,Casablanca,33.5936334,-7.6790181,cafe
Nzaha,Casablanca,33.589095,-7.6818777,cafe
O'palm,Casablanca,33.5886958,-7.6831655,cafe
Caffè Vernagno 1882,Casablanca,33.5766221,-7.6481068,cafe
Caniada,Casablanca,33.5835055,-7.6421257,cafe
Café Arije,Casablanca,33.5819086,-7.6432771,cafe
Café les familles,Casablanca,33.5819412,-7.6431848,cafe
Café le Bateau,Casablanca,33.5798896,-7.6370591,cafe
Café Espace Mozart,Casablanca,33.5801248,-7.6367203,cafe
Glacier Oliveri,Casablanca,33.5848346,-7.622941,cafe
Café Agoustine,Casablanca,33.5785797,-7.6401447,cafe
Café Caldo,Casablanca,33.579835,-7.640015,cafe
Café Céleste,Casablanca,33.5804839,-7.6412073,cafe
CAP 3000,Casablanca,33.5806609,-7.6410259,cafe
Café au Petit 'Maroc مقهى إلى المغرب الصغير,Casablanca,33.5978903,-7.6344273,cafe
Café Bidawa,Casablanca,33.5985843,-7.6326802,cafe
Diwan,Casablanca,33.5916481,-7.6351298,cafe
Patisserie&Traiteur TAZI,Casablanca,33.595696,-7.6301959,cafe
Segafredo,Casablanca,33.5922407,-7.6336602,cafe
jardin de Rome,Casablanca,33.5923237,-7.6319383,cafe
Le Red's,Casablanca,33.5929027,-7.62923,cafe
Le Noble,Casablanca,33.5860329,-7.6342615,cafe
Garibaldi,Casablanca,33.601513,-7.6330486,cafe
Venezia Ice,Casablanca,33.5866466,-7.6335102,cafe
Meet Up Coffee Pool,Casablanca,33.5917023,-7.6383239,cafe
La Flèche d’Anfa,Casablanca,33.5904217,-7.6380902,cafe
Petrom بتروم,Casablanca,33.5093888,-7.6308528,cafe
La Passion,Casablanca,33.6117108,-7.4821246,cafe
Casa Bianca,Casablanca,33.6144212,-7.4864283,cafe
Golf Sud,Casablanca,33.6142458,-7.48762,cafe
Le Rital,Casablanca,33.614251,-7.4876961,cafe
New Town,Casablanca,33.6117795,-7.4808035,cafe
Café Pasteur,Casablanca,33.5737657,-7.6245966,cafe
café Etoile Plazza,Casablanca,33.5740365,-7.6250894,cafe
café Alice,Casablanca,33.5740455,-7.6252611,cafe
café Gigi,Casablanca,33.57405,-7.6253952,cafe
café Vesal,Casablanca,33.5728315,-7.6205101,cafe
Cannelle,Casablanca,33.572472,-7.6571393,cafe
Espace Coffee,Casablanca,33.5711177,-7.6517212,cafe
Café Lily White,Casablanca,33.5715053,-7.6241079,cafe
Café Soraya,Casablanca,33.5715156,-7.6244653,cafe
La Brioche Dorée,Casablanca,33.5693746,-7.6255745,cafe
Gelatino,Casablanca,33.5936482,-7.6162016,cafe
Nouaima,Casablanca,33.592001,-7.626468,cafe
Café Anfa,Casablanca,33.5813192,-7.6383988,cafe
Café O'kfé,Casablanca,33.5816678,-7.6389138,cafe
Café Mandela,Casablanca,33.6014368,-7.6336494,cafe
Cups,Casablanca,33.5926384,-7.6295335,cafe
Marjonel,Casablanca,33.5583463,-7.5604482,cafe
ستاربكس,Casablanca,33.5995419,-7.6123798,cafe
Astoria,Casablanca,33.5941874,-7.5873723,cafe
Café Iligh,Casablanca,33.5908419,-7.5907101,cafe
Wardane,Casablanca,33.5569778,-7.6827368,cafe
Babel,Casablanca,33.5557009,-7.6827946,cafe
BlueBerry,Casablanca,33.5996574,-7.6122203,cafe
Caféino,Casablanca,33.5994386,-7.6125072,cafe
Segafredo,Casablanca,33.5992366,-7.6127376,cafe
Segafredo,Casablanca,33.5917771,-7.627272,cafe
Café Glacier Rachidi,Casablanca,33.5938662,-7.6283156,cafe
Café Glacier de l'Oize,Casablanca,33.594726,-7.6274061,cafe
Café glacier Casa Anfa,Casablanca,33.5953965,-7.6263675,cafe
Café La cabane,Casablanca,33.5955168,-7.6265613,cafe
Café Madrid,Casablanca,33.5954404,-7.6264835,cafe
Alegria,Casablanca,33.5838531,-7.5813298,cafe
Boulangerie-Pâtisserie Amanouz,Casablanca,33.5846642,-7.5804276,cafe
Essalam Juice,Casablanca,33.5852765,-7.5809747,cafe
Clivia Ice,Casablanca,33.5853413,-7.581302,cafe
Sunset,Casablanca,33.5941228,-7.6443566,cafe
Le Local,Casablanca,33.5942483,-7.6434224,cafe
Amiga,Casablanca,33.5741004,-7.6148563,cafe
Café Karibo,Casablanca,33.5924741,-7.6254288,cafe
Le passage,Casablanca,33.5941743,-7.6252608,cafe
café le mirage,Casablanca,33.5938975,-7.6283639,cafe
San mimoun,Casablanca,33.5936871,-7.628102,cafe
Café saphir bleu,Casablanca,33.5945113,-7.6281082,cafe
Lora Café Restaurant,Casablanca,33.5943442,-7.6286229,cafe
Gaugan,Casablanca,33.5927658,-7.6242626,cafe
Faraj,Casablanca,33.593897,-7.6251899,cafe
Rachidi,Casablanca,33.5930352,-7.6266798,cafe
Café Lkarma,Casablanca,33.5148297,-7.6557369,cafe
Café De France,Casablanca,33.5954385,-7.617482,cafe
Café Odissea,Casablanca,33.5940836,-7.6183033,cafe
Café Vogue,Casablanca,33.5945042,-7.6183755,cafe
Total طوطال,Casablanca,33.5152721,-7.6553456,cafe
L'étudiant,Casablanca,33.5664433,-7.5429261,cafe
Landoud Madjine ⵍⵓⵏⴹⵓⵏ ⵎⵥⵥⵉⵏ لنضون مجين,Casablanca,33.5609838,-7.6704245,cafe
Café Kasmou ⴽⵓⵚⵎⵓ مقهى كصمو,Casablanca,33.5602328,-7.670564,cafe
Le Lys,Casablanca,33.5914444,-7.594961,cafe
Face Cafe,Casablanca,33.6006767,-7.635819,cafe
The voice,Casablanca,33.5635411,-7.5568378,cafe
Belle d'Anfa,Casablanca,33.5896085,-7.6276965,cafe
Le Yeel's,Casablanca,33.5900878,-7.6303874,cafe
astoria,Casablanca,33.5962813,-7.6168974,cafe
La Chope,Casablanca,33.5942999,-7.6164602,cafe
Don Quichotte,Casablanca,33.5970492,-7.6163612,cafe
isis,Casablanca,33.5950092,-7.6173804,cafe
Eden Ice,Casablanca,33.5947705,-7.6170384,cafe
Le Maroc,Casablanca,33.5999428,-7.6140803,cafe
Montréal,Casablanca,33.5945485,-7.6155381,cafe
Nasma,Casablanca,33.5945946,-7.6157947,cafe
La Petite Perle,Casablanca,33.594108,-7.6156948,cafe
Au Clair de Lune,Casablanca,33.5944909,-7.6134185,cafe
Caza Ameal,Casablanca,33.5952468,-7.616121,cafe
agarta,Casablanca,33.5987015,-7.6149462,cafe
Café Lurizia,Casablanca,33.5635742,-7.674377,cafe
Café Glacier EGO,Casablanca,33.5849588,-7.61423,cafe
Café Bybal,Casablanca,33.5646373,-7.6741411,cafe
Café Free Times,Casablanca,33.5669433,-7.6729512,cafe
Cafe May,Casablanca,33.5859992,-7.6045843,cafe
Café de l'Arrivée,Casablanca,33.5896275,-7.5920967,cafe
Café Dubois,Casablanca,33.5876158,-7.6138836,cafe
Café Yasmina,Casablanca,33.5856704,-7.6133866,cafe
Jus Rosenheim,Casablanca,33.5857277,-7.6119478,cafe
La Colina,Casablanca,33.588729,-7.6162319,cafe
La Perle Blanche,Casablanca,33.5860749,-7.6114696,cafe
Les Gémaux,Casablanca,33.5871751,-7.6120277,cafe
Martello,Casablanca,33.5827185,-7.6174892,cafe
Café O'Joe,Casablanca,33.594084,-7.6131607,cafe
Café Jasmine,Casablanca,33.592787,-7.6062993,cafe
Al Anbar العنبر,Casablanca,33.5489722,-7.67964,cafe
Café Bravo,Casablanca,33.6143776,-7.4888131,cafe
Café Africana,Casablanca,33.6202172,-7.4872601,cafe
Ghiwan,Casablanca,33.538861,-7.6796506,cafe
Café Auriga,Casablanca,33.5837774,-7.6437145,cafe
leopardi ليوباردي,Casablanca,33.551528,-7.6817191,cafe
nafoura النافورة,Casablanca,33.5467357,-7.6815776,cafe
Café Romantique,Casablanca,33.5740209,-7.5819074,cafe
Zineb,Casablanca,33.6007115,-7.6332406,cafe
ستاربكس,Casablanca,33.5981399,-7.6647762,cafe
ستاربكس,Casablanca,33.576784,-7.7059305,cafe
Paul,Casablanca,33.598856,-7.6644368,cafe
Costa,Casablanca,33.5984634,-7.6645137,cafe
Diamant bleu الجوهرة الزرقاء,Casablanca,33.5514099,-7.6821065,cafe
Emilia,Casablanca,33.5481455,-7.6808525,cafe
la lambra العنبرة,Casablanca,33.5993093,-7.5205074,cafe
very ڤيري,Casablanca,33.603415,-7.6425831,cafe
Fadaa bladi فضاء بلادي,Casablanca,33.5442269,-7.6787862,cafe
le Châtelet,Casablanca,33.586116,-7.6350081,cafe
Café Fairplay,Casablanca,33.5973188,-7.6382518,cafe
Café Karima مقهى كريمة,Casablanca,33.5996177,-7.5824027,cafe
محطة إستراحة أفريقيا,Casablanca,33.5110136,-7.6105863,cafe
Beverly Bakery & Cafe,Casablanca,33.5961331,-7.6416036,cafe
Boca Chica,Casablanca,33.6090023,-7.6505619,cafe
Café Charles Dego,Casablanca,33.5436554,-7.5682412,cafe
Café Kyoto,Casablanca,33.5396601,-7.5997898,cafe
Café Azhar,Casablanca,33.5430671,-7.6879747,cafe
Café Poco Loco,Casablanca,33.5733956,-7.7072231,cafe
Café Kairaouan,Casablanca,33.5602694,-7.6753643,cafe
Café One Love,Casablanca,33.5825944,-7.6280953,cafe
Every Day,Casablanca,33.552273,-7.6788347,cafe
San Diego,Casablanca,33.55244,-7.6782792,cafe
Café Basma,Casablanca,33.5389745,-7.5561869,cafe
Casaforme,Casablanca,33.5616595,-7.6119677,cafe
Blanca بلانكا,Casablanca,33.5485459,-7.6806587,cafe
park stadium,Casablanca,33.6073661,-7.53687,cafe
chefchaouni,Casablanca,33.6069768,-7.5381815,cafe
source d'or,Casablanca,33.6057064,-7.5385639,cafe
Le Crepuscule,Casablanca,33.5933207,-7.6791,cafe
côté d'or,Casablanca,33.5771392,-7.625501,cafe
espace imossak,Casablanca,33.6098867,-7.5427429,cafe
la paela mar,Casablanca,33.6090344,-7.5417347,cafe
tizi ousli,Casablanca,33.6065582,-7.5386788,cafe
café mouad,Casablanca,33.5773541,-7.6268773,cafe
riad bladi رياض بلادي,Casablanca,33.5410743,-7.6770261,cafe
bella festa,Casablanca,33.5412067,-7.6768273,cafe
Café ambar,Casablanca,33.5432244,-7.6797457,cafe
café rabii,Casablanca,33.5595686,-7.6903551,cafe
Café,Casablanca,33.5771471,-7.615869,cafe
Cafe 2 Mars,Casablanca,33.5661039,-7.6093338,cafe
Mondial,Casablanca,33.5711485,-7.6130091,cafe
Boudad,Casablanca,33.5908082,-7.6049423,cafe
Le 5 Palmiers,Casablanca,33.5322685,-7.5849699,cafe
Zounhours,Casablanca,33.5312563,-7.5880645,cafe
Clip Cafe,Casablanca,33.5397459,-7.5998991,cafe
Café La Source,Casablanca,33.5478561,-7.6020569,cafe
Café Syntia,Casablanca,33.5461983,-7.6020982,cafe
El Baouraoui Café,Casablanca,33.5462575,-7.6021096,cafe
Palais Amira,Casablanca,33.5355652,-7.5957638,cafe
Ixia,Casablanca,33.539469,-7.5791851,cafe
Cafe Rosage,Casablanca,33.5423571,-7.5856224,cafe
Skybury Café,Casablanca,33.5375745,-7.5853535,cafe
Espace La Parisien,Casablanca,33.5369536,-7.5863788,cafe
Cafe El Osra,Casablanca,33.5367993,-7.5866456,cafe
Espace Al Mouatine,Casablanca,33.5353707,-7.5861213,cafe
Espace Palma,Casablanca,33.5344037,-7.585955,cafe
Cafe Di Latorre,Casablanca,33.5377182,-7.5857055,cafe
Adana d'or,Casablanca,33.5381005,-7.5850551,cafe
Al Turkia,Casablanca,33.5388293,-7.5838058,cafe
Espace Laghlimi,Casablanca,33.5409129,-7.5927289,cafe
Espace El Gharbia,Casablanca,33.5373169,-7.5864244,cafe
Cafe Al Amal,Casablanca,33.5324429,-7.5846836,cafe
Argana,Casablanca,33.5647444,-7.5915889,cafe
La Qualité,Casablanca,33.5655066,-7.5923198,cafe
Argana,Casablanca,33.5651087,-7.5919417,cafe
Golden Space,Casablanca,33.5832101,-7.5988175,cafe
Cafe du Pont,Casablanca,33.5826297,-7.5984453,cafe
Café Sbaï,Casablanca,33.5667425,-7.5894016,cafe
Cafe Zodiaque,Casablanca,33.5418954,-7.5712685,cafe
Cafe La Liga,Casablanca,33.5468661,-7.57153,cafe
Nescafe,Casablanca,33.5468069,-7.5716347,cafe
Golden Cup,Casablanca,33.5430099,-7.5732386,cafe
Café Anas,Casablanca,33.5466593,-7.5770688,cafe
Verona Cafe,Casablanca,33.5522891,-7.5823005,cafe
Cafe Rania,Casablanca,33.550901,-7.57429,cafe
Moody's,Casablanca,33.598514,-7.5804283,cafe
Canova,Casablanca,33.595432,-7.5874154,cafe
Cafe Glacier,Casablanca,33.567276,-7.6445413,cafe
Cafe Barcelona,Casablanca,33.5831677,-7.5543948,cafe
Bice Coffee,Casablanca,33.5786259,-7.5140946,cafe
Café Napoli,Casablanca,33.5620155,-7.5628182,cafe
The Coffee Break,Casablanca,33.6144205,-7.5353886,cafe
Cafe El Makhfi,Casablanca,33.5465565,-7.4828482,cafe
Siciliano Cafe,Casablanca,33.6129663,-7.5457084,cafe
Cafe L'Albatros,Casablanca,33.5851173,-7.6131231,cafe
Café Aloha,Casablanca,33.5848954,-7.6147637,cafe
Café Lucca El Ghazali,Casablanca,33.5677929,-7.5606577,cafe
Café La Canyada,Casablanca,33.5743744,-7.5580466,cafe
Café Oum Erabia,Casablanca,33.5698423,-7.5575115,cafe
Café Canarias,Casablanca,33.5629184,-7.539475,cafe
Café Du Capitan,Casablanca,33.5617942,-7.5413981,cafe
Café Rojayne,Casablanca,33.558598,-7.5465936,cafe
Café Monsieur,Casablanca,33.5877075,-7.6142021,cafe
Café Al Horia,Casablanca,33.5640158,-7.5694406,cafe
Café Rostou,Casablanca,33.5619356,-7.5719364,cafe
Café Les Alpes,Casablanca,33.5869275,-7.6119141,cafe
Cafe Le 13,Casablanca,33.5553235,-7.6269016,cafe
La Goyave,Casablanca,33.5543439,-7.6237741,cafe
Café Al Amana,Casablanca,33.583915,-7.6283175,cafe
Café Club,Casablanca,33.5828766,-7.6294366,cafe
Espace Café,Casablanca,33.5845274,-7.6211093,cafe
Café Élite,Casablanca,33.5867395,-7.6191245,cafe
Glacier Cafeteria Tasman,Casablanca,33.5871897,-7.6202121,cafe
Brasserie Soleil,Casablanca,33.5877405,-7.6189394,cafe
Café Faracha,Casablanca,33.5879583,-7.6182568,cafe
Café la Palmerale,Casablanca,33.5879494,-7.6185545,cafe
Café Le Capitole,Casablanca,33.5879025,-7.6191325,cafe
VIP Ole Cafe,Casablanca,33.5885756,-7.6196589,cafe
Cafe Nadif,Casablanca,33.588751,-7.619964,cafe
Café Fiori,Casablanca,33.5862713,-7.6216806,cafe
Red Coffee,Casablanca,33.583428,-7.6228702,cafe
El Presto,Casablanca,33.5853457,-7.6211469,cafe
Café Icarus,Casablanca,33.585291,-7.6211999,cafe
Café Panam,Casablanca,33.5851156,-7.6208572,cafe
La Fontaine à Jus,Casablanca,33.5850083,-7.6209129,cafe
Cafétéria Tassili,Casablanca,33.5844994,-7.6213132,cafe
Ballon Ovale,Casablanca,33.5836123,-7.6196985,cafe
Café Bleu-Blanc,Casablanca,33.5829219,-7.6307144,cafe
Glacier Missouri,Casablanca,33.5802013,-7.6334944,cafe
Café de Nono,Casablanca,33.5798063,-7.6346713,cafe
Café Palmier,Casablanca,33.5783147,-7.630255,cafe
Café Snack Al Hadaf,Casablanca,33.5725732,-7.6305762,cafe
Salon Thé,Casablanca,33.5725537,-7.6294597,cafe
Fuego,Casablanca,33.5739174,-7.6309879,cafe
Les Amis,Casablanca,33.5751555,-7.6260312,cafe
Café Abd El Moumen,Casablanca,33.5748985,-7.6260272,cafe
Ifri,Casablanca,33.5745655,-7.6403026,cafe
Café Arcadie,Casablanca,33.5704211,-7.643538,cafe
Real Time Coffee,Casablanca,33.5729262,-7.6383609,cafe
Phuket's,Casablanca,33.5757584,-7.636172,cafe
Mira Fiori,Casablanca,33.5744069,-7.6377277,cafe
Café Majorelle,Casablanca,33.6135058,-7.5274158,cafe
Cafe Agouz Harbala,Casablanca,33.5382832,-7.5869816,cafe
La Seine,Casablanca,33.5689662,-7.62583,cafe
Cafe Roma!,Casablanca,33.5343869,-7.5896323,cafe
Cafe El Mamouina,Casablanca,33.5405574,-7.5940479,cafe
Cafe 7iLES,Casablanca,33.5379205,-7.5953695,cafe
Milk House,Casablanca,33.5393329,-7.599079,cafe
Cafe Galactica,Casablanca,33.5391445,-7.5989114,cafe
Massilya Cafe,Casablanca,33.5695909,-7.6257804,cafe
Café Essannara,Casablanca,33.570073,-7.6076353,cafe
Cafe Riscatto,Casablanca,33.5701161,-7.6066791,cafe
Cafe Holton,Casablanca,33.5709295,-7.6044327,cafe
Cafe Mogador,Casablanca,33.570701,-7.6038694,cafe
Café Caribou,Casablanca,33.57504,-7.6515428,cafe
Café Versailles,Casablanca,33.5879416,-7.6121977,cafe
Au Petit Port,Casablanca,33.5879985,-7.6132518,cafe
Café Colisee,Casablanca,33.5891928,-7.6132894,cafe
Espace Palmier Du Sud,Casablanca,33.5878823,-7.6156604,cafe
Cafe Avalone,Casablanca,33.5873394,-7.6148558,cafe
Café Espace Mers Sultan Snack,Casablanca,33.5848301,-7.6160668,cafe
Café Break,Casablanca,33.5838369,-7.6145299,cafe
Café Megouna,Casablanca,33.5846056,-7.6187047,cafe
Café Younes,Casablanca,33.58602,-7.6188241,cafe
Coffee Tim,Casablanca,33.5886683,-7.6101163,cafe
Café Glacier Tichka,Casablanca,33.5886521,-7.609321,cafe
Cafe Sindibad,Casablanca,33.5922035,-7.6043482,cafe
Café Rotterdam,Casablanca,33.5948723,-7.6199399,cafe
Cafe Le Surfin,Casablanca,33.5893023,-7.6175125,cafe
Café Jbel Asni,Casablanca,33.5903692,-7.6150301,cafe
Cafe Regontino,Casablanca,33.5905624,-7.6147404,cafe
Le Grand Café,Casablanca,33.5953884,-7.6142684,cafe
Akka,Casablanca,33.5945104,-7.6089428,cafe
Café Corino,Casablanca,33.5896441,-7.6117538,cafe
Le Petit Cafe,Casablanca,33.5897369,-7.611507,cafe
Cafe Lec,Casablanca,33.5915444,-7.6161325,cafe
Cafe National,Casablanca,33.5918148,-7.616044,cafe
Golden Ice,Casablanca,33.5920415,-7.6160185,cafe
mama Africa,Casablanca,33.6086656,-7.5344386,cafe
Land Blanca,Casablanca,33.5396023,-7.68174,cafe
Cafe Cat,Casablanca,33.533017,-7.7027088,cafe
Cafe Jnane Louze,Casablanca,33.5336782,-7.7045763,cafe
La Casa,Casablanca,33.5387991,-7.6933479,cafe
Ghari Café,Casablanca,33.5389131,-7.6825118,cafe
Lima Cafe,Casablanca,33.5374197,-7.6724508,cafe
Cafe Saber,Casablanca,33.5606197,-7.6806638,cafe
Sardegna Cafe,Casablanca,33.5625687,-7.6745845,cafe
Cafe El Hobous,Casablanca,33.5661447,-7.6708737,cafe
Cafe Befana,Casablanca,33.5691707,-7.6845764,cafe
Café Al Maati,Casablanca,33.5736895,-7.6795205,cafe
Café Catalonia,Casablanca,33.5322546,-7.6695856,cafe
Café Jardin L'Oulfa,Casablanca,33.5311897,-7.6858364,cafe
"Cafe, Glacier, Pizzaria",Casablanca,33.5372,-7.6815435,cafe
Cafe Faraj,Casablanca,33.5168366,-7.6513767,cafe
Café Raison,Casablanca,33.5078376,-7.6534823,cafe
Café Zagora,Casablanca,33.5097117,-7.6572843,cafe
Cafe Meftah,Casablanca,33.5180453,-7.6514947,cafe
Cafe Cheraga,Casablanca,33.5183941,-7.6515403,cafe
Café Miagara,Casablanca,33.551329,-7.6768705,cafe
Nescafe,Casablanca,33.5148698,-7.6467338,cafe
Ben Haddou,Casablanca,33.5058606,-7.6525462,cafe
Café el Omary,Casablanca,33.5081339,-7.6538645,cafe
Cafe al Jazzira,Casablanca,33.50787,-7.6549186,cafe
Cafe Tassalmat,Casablanca,33.5078018,-7.6556669,cafe
Cafe Monaco,Casablanca,33.517962,-7.6533314,cafe
Fusion Cafe,Casablanca,33.5273932,-7.6493745,cafe
ستاربكس,Casablanca,33.5409923,-7.6426891,cafe
Bla Bla...Bla Bla...,Casablanca,33.5602911,-7.6730496,cafe
Cafe Passage D'or,Casablanca,33.5557325,-7.6745416,cafe
Café Evora,Casablanca,33.5219641,-7.6502596,cafe
Dubai Chaimaa,Casablanca,33.5215594,-7.6445223,cafe
Cafe Gout Essential,Casablanca,33.5221889,-7.6480803,cafe
Espace Titrite,Casablanca,33.5537119,-7.6834244,cafe
Espace Coin Soleil,Casablanca,33.5538454,-7.6855058,cafe
Diana,Casablanca,33.5527557,-7.6848648,cafe
Café Genova,Casablanca,33.5544774,-7.6895177,cafe
Café el Bahlouli,Casablanca,33.5308722,-7.7328193,cafe
Café Lkhouil,Casablanca,33.5282099,-7.7374394,cafe
Cafe Titrite E Rahma,Casablanca,33.5286677,-7.7359173,cafe
Cafe el Maahad,Casablanca,33.5350174,-7.7318631,cafe
Café Marjana,Casablanca,33.5352645,-7.7344152,cafe
Café Rim,Casablanca,33.5358849,-7.7288269,cafe
Café Narjis,Casablanca,33.5365327,-7.7268347,cafe
Café el Mers,Casablanca,33.5365841,-7.7266348,cafe
Café le Classico,Casablanca,33.537081,-7.7259596,cafe
Café al Khalidat,Casablanca,33.538366,-7.725739,cafe
Cafe Coin el rahma,Casablanca,33.5365819,-7.7256612,cafe
Cafe les Arômes,Casablanca,33.5361901,-7.7254084,cafe
Nescafé,Casablanca,33.581246,-7.6363711,cafe
Café Mozart,Casablanca,33.5361912,-7.7258952,cafe
Café Istanbul,Casablanca,33.5309002,-7.734894,cafe
Café Amzil Rayan,Casablanca,33.530197,-7.7392506,cafe
Café Talyani,Casablanca,33.5309304,-7.7409732,cafe
Café Évora,Casablanca,33.5284564,-7.7359602,cafe
Café Saif,Casablanca,33.5330444,-7.7304509,cafe
Café Sélbate,Casablanca,33.5365629,-7.7314172,cafe
Cafe Agora,Casablanca,33.5355451,-7.728859,cafe
Bella Festa Cafe,Casablanca,33.5413041,-7.6769194,cafe
Le Mirador,Casablanca,33.5431636,-7.6849392,cafe
Cafe Zine Eddine,Casablanca,33.5508389,-7.6891778,cafe
Casa Paris,Casablanca,33.5513967,-7.6894259,cafe
Café Primo,Casablanca,33.5518163,-7.6896451,cafe
Cafe Extra Pool,Casablanca,33.5514296,-7.68911,cafe
Cafe Emsi,Casablanca,33.5446004,-7.6729403,cafe
Ara Café,Casablanca,33.5342377,-7.6510991,cafe
La Pair d'As,Casablanca,33.5832219,-7.6421949,cafe
Café Ibiza,Casablanca,33.6143051,-7.4881318,cafe
Duomo Caffe,Casablanca,33.6042498,-7.6337295,cafe
المواهب,Casablanca,33.546326,-7.5724608,cafe
داكار,Casablanca,33.5900211,-7.6044183,cafe
LV Lounge Casablanca,Casablanca,33.5942671,-7.676674,cafe
LV LOUNGE CASABLANCA,Casablanca,33.5938024,-7.6776745,cafe
سبع عيون,Casablanca,33.5830051,-7.5543149,cafe
Espace El Wyam,Casablanca,33.5934545,-7.6008725,cafe
Bistro Bouich,Casablanca,33.5228871,-7.6442839,cafe
Café Tres flores,Casablanca,33.5174306,-7.6457606,cafe
مقهى المهدي ايس,Casablanca,33.5900658,-7.4938116,cafe
Cafe rose marine,Casablanca,33.5949914,-7.5084597,cafe
Cafe elkaram,Casablanca,33.5954261,-7.5086835,cafe
Beg brader,Casablanca,33.5951563,-7.5076554,cafe
Whatsapp Cafe,Casablanca,33.6000202,-7.6363094,cafe
Cafe Goulmima,Casablanca,33.6008673,-7.6365876,cafe
Café boustane,Casablanca,33.6157914,-7.4981454,cafe
Café breda,Casablanca,33.6157266,-7.4982876,cafe
Café Al falouja,Casablanca,33.6140938,-7.4991512,cafe
Café Oliva,Casablanca,33.6135334,-7.5024858,cafe
مقهى كاليس,Casablanca,33.6143197,-7.5028935,cafe
Café morocco,Casablanca,33.6053152,-7.5092047,cafe
Venizia ice ain sebaa,Casablanca,33.6084212,-7.5216437,cafe
Café place,Casablanca,33.5945149,-7.6186611,cafe
Café Iyad,Casablanca,33.5837699,-7.6248973,cafe
Les Frères Gourmet,Casablanca,33.5901638,-7.6407301,cafe
Boston Club,Casablanca,33.5925936,-7.6376382,cafe
Manhattan Club,Casablanca,33.5922629,-7.6364883,cafe
Campus café,Casablanca,33.5942762,-7.6337443,cafe
lady killer chicha,Casablanca,33.5933143,-7.6347517,cafe
Cafe Luxia,Casablanca,33.5476073,-7.589932,cafe
مقهى اللوز,Casablanca,33.5718876,-7.530787,cafe
4 cerises Patisserie,Casablanca,33.5622732,-7.6103213,cafe
Café Laymoune,Casablanca,33.5446715,-7.6644251,cafe
Tikita,Casablanca,33.5816667,-7.6226907,cafe
Fratello,Casablanca,33.5763425,-7.6478934,cafe
Yoma,Casablanca,33.5758453,-7.6474826,cafe
Café de la Faculté,Casablanca,33.5452352,-7.6601018,cafe
Goloso,Casablanca,33.5927208,-7.6068494,cafe
Kasekuchen,Casablanca,33.5776159,-7.6245466,cafe
Café Number One,Casablanca,33.6137083,-7.5267048,cafe
Espace Malamine,Casablanca,33.6136614,-7.526564,cafe
Café Amarela,Casablanca,33.6137909,-7.5260235,cafe
رياض 21,Casablanca,33.5516774,-7.6104223,cafe
Good Vapes : Cigarette Electronique Casablanca,Casablanca,33.5815303,-7.6222927,cafe
Café les Fleurs,Casablanca,33.5816461,-7.622458,cafe
Café Ravel,Casablanca,33.581791,-7.6226032,cafe
Coffee Shop,Casablanca,33.5806883,-7.623088,cafe
La Croisière Café,Casablanca,33.5827449,-7.622174,cafe
Café Marhaba,Casablanca,33.5786007,-7.6240429,cafe
Amorena,Casablanca,33.5180507,-7.6486591,cafe
La Loge Café,Casablanca,33.5927252,-7.6175367,cafe
Café Impérial,Casablanca,33.5777645,-7.6061805,cafe
Café Grand Atlas,Casablanca,33.5741779,-7.5542136,cafe
Café Sevilla,Casablanca,33.5713066,-7.5559436,cafe
مقهى المهاجر,Casablanca,33.5718422,-7.5618043,cafe
MOYA COFFE,Casablanca,33.5752024,-7.5564804,cafe
wasila,Casablanca,33.5700043,-7.6826382,cafe
Tour Eiffel,Casablanca,33.5952616,-7.6275606,cafe
Spartel,Casablanca,33.5907804,-7.6315376,cafe
Mimosas Park,Casablanca,33.6077795,-7.5362912,cafe
Cafe Riad El Bernoussi,Casablanca,33.5824253,-7.5001271,cafe
فضاء سلا,Casablanca,33.599199,-7.6210912,cafe
باموس قهوة,Casablanca,33.6007998,-7.6231615,cafe
Café pizzeria,Casablanca,33.5889784,-7.6286416,cafe
Cafe Gaxi,Casablanca,33.5696297,-7.601985,cafe
عصائر اليسر,Casablanca,33.5887909,-7.6129222,cafe
Costa Brava,Casablanca,33.5947151,-7.6166649,cafe
La Fontaine,Casablanca,33.5934181,-7.6186581,cafe
مقهى ميراج,Casablanca,33.5741844,-7.592155,cafe
لبن و صيكوك,Casablanca,33.5795492,-7.6007581,cafe
Café le 57 lounge,Casablanca,33.5992882,-7.5748791,cafe
Café de France,Casablanca,33.5956616,-7.6174917,cafe
Champs Élysées,Casablanca,33.5877361,-7.6180891,cafe
Café le Rossignol,Casablanca,33.536662,-7.5873179,cafe
Dahab Café,Casablanca,33.5887839,-7.6323473,cafe
Green Black,Casablanca,33.607696,-7.6208604,cafe
Cappadocia,Casablanca,33.6062625,-7.62939,cafe
Café Black Sky,Casablanca,33.5737817,-7.6314742,cafe
Paul Cafe,Casablanca,33.582557,-7.627125,cafe
Le Racine,Casablanca,33.5884367,-7.6388687,cafe
dipndip,Casablanca,33.5885831,-7.6406609,cafe
Espressolab,Casablanca,33.5886726,-7.6403217,cafe
Room 21,Casablanca,33.588443,-7.6398995,cafe
Chocochino,Casablanca,33.588491,-7.6404604,cafe
BEX Coffee,Casablanca,33.5906728,-7.637444,cafe
Gong Cha,Casablanca,33.5907787,-7.637218,cafe
% Arabica,Casablanca,33.5908157,-7.6371164,cafe
Café Gaya,Casablanca,33.5817058,-7.6436931,cafe
Café Bourneix,Casablanca,33.5798613,-7.6422831,cafe
Café Wino,Casablanca,33.582204,-7.6408722,cafe
ستاربكس,Casablanca,33.5866985,-7.6386978,cafe
Dupond,Casablanca,33.5884548,-7.6405969,cafe
Antic Palais,Casablanca,33.5930557,-7.6169666,cafe
Caribou Coffee,Casablanca,33.590489,-7.6379172,cafe
Sugar Hill,Casablanca,33.591347,-7.6388984,cafe
Biker's Coffee,Casablanca,33.5587774,-7.5589618,cafe
Café Venezia,Casablanca,33.5877522,-7.618627,cafe
Café COPA GABANA,Casablanca,33.580165,-7.63735,cafe
NORSINE,Casablanca,33.5771307,-7.5165583,cafe
Obama,Casablanca,33.5954718,-7.5390891,cafe
ستاربكس,Casablanca,33.5899114,-7.6498659,cafe
Café Society 1920,Casablanca,33.5959122,-7.6550058,cafe
Trois W,Casablanca,33.5725173,-7.6668842,cafe
Dupond,Casablanca,33.5793092,-7.6555099,cafe
Zini,Casablanca,33.5101691,-7.6565816,cafe
Verona Ice,Casablanca,33.5669091,-7.6961883,cafe
Ziryab,Casablanca,33.5580008,-7.6087417,cafe
Cafe Rodeo,Casablanca,33.554936,-7.6319589,cafe
Illy caffé,Casablanca,33.5900214,-7.6379325,cafe
Le Louvre,Casablanca,33.5865531,-7.6348072,cafe
Le Pain Quotidien,Casablanca,33.559533,-7.6536727,cafe
Bee Coffee,Casablanca,33.6196512,-7.48546,cafe
Café Porte Maillot,Casablanca,33.5730823,-7.6861694,cafe
MegaGains,Casablanca,33.5749322,-7.6820754,cafe
Casa Lagua,Casablanca,33.5366821,-7.6843633,cafe
الميساء,Casablanca,33.5671131,-7.5656521,cafe
Pause Cafe,Casablanca,33.5396367,-7.7369009,cafe
مقهى روما,Casablanca,33.498332,-7.7239706,cafe
Café le Lagon,Casablanca,33.5554023,-7.6845755,cafe
Boca,Casablanca,33.5261768,-7.6420676,cafe
Cafe Torana,Casablanca,33.559995,-7.6753463,cafe
Café Jbel Hebri,Casablanca,33.595661,-7.6101719,cafe
Adosani,Casablanca,33.6202084,-7.486741,cafe
Papparoti Café,Casablanca,33.6083048,-7.4806766,cafe
Espace Danisma,Casablanca,33.5528259,-7.6770769,cafe
Cafe Kamal,Casablanca,33.5526403,-7.6771205,cafe
Famagusta,Casablanca,33.5318053,-7.6168265,cafe
Les terrases des près,Casablanca,33.5329323,-7.7486462,cafe
Bolzano Ice,Casablanca,33.6088714,-7.5287159,cafe
Espace La Flandre,Casablanca,33.6141298,-7.5310306,cafe
Le Château d'Or,Casablanca,33.616962,-7.5329122,cafe
Pomme de Pain,Casablanca,33.6232652,-7.524987,cafe
Café Bousafsaf,Marrakech,31.641836,-8.0026233,cafe
Grand Balcon du Café Glacier,Marrakech,31.6253377,-7.9883071,cafe
Les Premices,Marrakech,31.6252093,-7.987833,cafe
Aqua,Marrakech,31.6261349,-7.9874794,cafe
Café de France,Marrakech,31.6263381,-7.987307,cafe
Café des Epices,Marrakech,31.6290624,-7.9873234,cafe
Bougainvillea,Marrakech,31.6298432,-7.9899252,cafe
Cafe Baghdadia,Marrakech,31.6361156,-8.0172346,cafe
Musèe de Marrakech,Marrakech,31.6316273,-7.9863832,cafe
Les Négociants,Marrakech,31.6359832,-8.0140914,cafe
16 cafe,Marrakech,31.6327667,-8.0075034,cafe
7 Saints,Marrakech,31.6252435,-7.9879349,cafe
Le Grand Cafe,Marrakech,31.6314845,-8.0166652,cafe
Cafe Amalou,Marrakech,31.6355948,-8.0171016,cafe
Nespresso,Marrakech,31.6350123,-8.0122926,cafe
Gano,Marrakech,31.6487444,-8.0071611,cafe
Le Bon Goût,Marrakech,31.6487073,-8.0092977,cafe
Café Pizza Radimi,Marrakech,31.6412859,-8.0004693,cafe
Café Snack Mandarine,Marrakech,31.6440528,-8.0006516,cafe
Red Garden,Marrakech,31.6404662,-8.0010398,cafe
Extrablatt,Marrakech,31.6236387,-8.0030371,cafe
La Flamme,Marrakech,31.6380489,-8.0184065,cafe
Rolls Café,Marrakech,31.6370392,-8.0198103,cafe
mawazine,Marrakech,31.6409583,-8.0458053,cafe
Rahba Kedima,Marrakech,31.6288161,-7.9870485,cafe
Red Planet,Marrakech,31.6655863,-8.0094128,cafe
Malysia,Marrakech,31.6645841,-8.0090051,cafe
Moon Roof,Marrakech,31.634846,-8.0187369,cafe
L'Amanguier,Marrakech,31.6585141,-8.0056435,cafe
Méchoui Quessabine,Marrakech,31.6271351,-7.9869882,cafe
Makiyato,Marrakech,31.6490308,-8.0096066,cafe
Majorelle Cafe,Marrakech,31.6485262,-8.013748,cafe
Cafe Perla,Marrakech,31.6558941,-8.0210892,cafe
Palmy Cafe,Marrakech,31.6552412,-8.0180234,cafe
Cafe Salyass,Marrakech,31.6529822,-8.0173004,cafe
Café Lynx,Marrakech,31.657886,-8.0052091,cafe
Diamanda Café,Marrakech,31.6576975,-8.0030676,cafe
Green Palm,Marrakech,31.6580492,-8.0053214,cafe
Le Bellaria,Marrakech,31.6572213,-8.0047894,cafe
Le Cristal,Marrakech,31.6544527,-8.0030611,cafe
Café Amina,Marrakech,31.6590576,-7.9960846,cafe
Bianco Ice,Marrakech,31.5863676,-7.9879495,cafe
Café Nour Assila,Marrakech,31.5974416,-8.0223508,cafe
Café CTM,Marrakech,31.6262639,-8.0204377,cafe
Le Café du Théâtre,Marrakech,31.6297802,-8.0162877,cafe
Olivia Mar,Marrakech,31.6335828,-8.0042473,cafe
Café Atlas,Marrakech,31.6357526,-8.0145211,cafe
Café Emirates,Marrakech,31.6345677,-8.0168683,cafe
Café Ibno Sina,Marrakech,31.6385772,-8.0177807,cafe
Kasbah Cafe,Marrakech,31.6171249,-7.9895077,cafe
Henna Cafe,Marrakech,31.631592,-7.9942543,cafe
Ice Room,Marrakech,31.6536749,-8.0215131,cafe
Coin Mars,Marrakech,31.6541475,-8.0215828,cafe
Musée,Marrakech,31.655504,-8.031223,cafe
Vis ta vie,Marrakech,31.6575501,-8.004478,cafe
Ayaso Concept Store,Marrakech,31.6352266,-8.0167363,cafe
Cafe Le Bled,Marrakech,31.625989,-7.9861836,cafe
Bakchich Cafe,Marrakech,31.6258908,-7.9861702,cafe
News,Marrakech,31.626824,-8.0157242,cafe
La Place,Marrakech,31.6317888,-8.0081451,cafe
Bazaar Cafe,Marrakech,31.6289131,-7.9911011,cafe
Henna Art Cafe,Marrakech,31.6237312,-7.9870832,cafe
Dino Gelato italiano,Marrakech,31.6310802,-8.0059239,cafe
Café Cavalca مقهى المهاجر,Marrakech,31.6337839,-8.0442931,cafe
porte de Marrakech adoha,Marrakech,31.639185,-8.0756816,cafe
Arabis,Marrakech,31.6584379,-8.0025887,cafe
Bistro Laksour,Marrakech,31.6271103,-7.9932873,cafe
Café Rouge,Marrakech,31.6281405,-7.9910062,cafe
Le focus,Marrakech,31.6382703,-8.0065153,cafe
Cafe Kif Kif,Marrakech,31.6252706,-7.9925003,cafe
Madresa art galerie,Marrakech,31.6316648,-7.9863843,cafe
شارع بمراكش,Marrakech,31.6263214,-8.0039195,cafe
مراكش,Marrakech,31.627365,-7.9963371,cafe
Pâtisserie Al-Jawda,Marrakech,31.6344056,-8.0130765,cafe
Zeitoun Cafè,Marrakech,31.6267731,-7.9876733,cafe
Le Cantine Des Gazelles,Marrakech,31.6259263,-7.9862026,cafe
Bonna,Marrakech,31.624508,-7.9757675,cafe
Le Grand Dades,Marrakech,31.6370039,-8.0123757,cafe
Salon dr Toudra,Marrakech,31.6186481,-7.99052,cafe
Bab Espresso,Marrakech,31.6175708,-7.9911309,cafe
My Kawa,Marrakech,31.6411864,-8.0018479,cafe
Joe ice,Marrakech,31.6692841,-8.0091678,cafe
Kui-Zin,Marrakech,31.632251,-7.9888024,cafe
Carpi,Marrakech,31.6603478,-8.006455,cafe
Regue Jamaa,Marrakech,31.6313934,-7.9963198,cafe
Cafe Armani,Marrakech,31.6342862,-8.0167861,cafe
Cafe Ezzahia,Marrakech,31.6400717,-8.0186516,cafe
Cafe Zaafrane,Marrakech,31.5968779,-8.0445825,cafe
Café Yasser,Marrakech,31.5892185,-8.0558042,cafe
Cafe Chellah,Marrakech,31.5847208,-8.0481693,cafe
Neta Café,Marrakech,31.5950365,-8.0402112,cafe
Cafe Snack Ahmed,Marrakech,31.6384515,-8.0753622,cafe
Cafe Alhilal,Marrakech,31.5764217,-8.0577716,cafe
Cafe Restaurant Racine,Marrakech,31.6318713,-8.0038561,cafe
Cafe Retaurant Aymane,Marrakech,31.6412991,-7.9967058,cafe
Hamdame,Marrakech,31.5876155,-8.0492852,cafe
Khawater,Marrakech,31.587447,-8.0489365,cafe
Al Andalous,Marrakech,31.5879679,-8.0496392,cafe
Inzal,Marrakech,31.5871716,-8.0488212,cafe
Marzouga,Marrakech,31.5871716,-8.0490518,cafe
ARWA,Marrakech,31.5866473,-8.0444599,cafe
Riad Almhamid,Marrakech,31.5902265,-8.0526429,cafe
Majiland,Marrakech,31.5900677,-8.0504958,cafe
Cafe Valentino,Marrakech,31.5895102,-8.0501525,cafe
CAFE INWA,Marrakech,31.5775693,-8.0546726,cafe
KIMONO,Marrakech,31.5883912,-8.0495971,cafe
Le Comptoir de Charlotte,Marrakech,31.6320906,-8.0162449,cafe
Café Dar Touareg,Marrakech,31.6195135,-7.9861978,cafe
Maazouz,Marrakech,31.6289367,-7.9866373,cafe
Los hermanos,Marrakech,31.6302836,-7.9858512,cafe
Laiterie Yacoute,Marrakech,31.6261982,-7.9910347,cafe
Kafe Merstan,Marrakech,31.6306165,-7.9862588,cafe
Chinguitti Fiber,Marrakech,31.6289997,-7.9868885,cafe
Local Tajine 20dr,Marrakech,31.6200876,-7.9896833,cafe
Bloom Coffee,Marrakech,31.6729586,-8.0350812,cafe
Ostrich Cafe,Marrakech,31.6170519,-7.9890004,cafe
Le Samovar,Marrakech,31.6251823,-7.9887164,cafe
Le 165 café,Marrakech,31.6345641,-8.0121478,cafe
La Résidence Café,Marrakech,31.6748571,-8.0196348,cafe
L'Opéra,Marrakech,31.6258296,-8.0126608,cafe
Twins,Marrakech,31.6554668,-8.017912,cafe
الجوهرة,Marrakech,31.6555163,-8.017901,cafe
أمين,Marrakech,31.6523876,-8.0164806,cafe
La Poterne,Marrakech,31.6301102,-7.9977488,cafe
Viavia,Marrakech,31.6201264,-7.9865925,cafe
مول السفنج,Marrakech,31.6201471,-7.9856748,cafe
Kabsa,Marrakech,31.6661688,-8.0104285,cafe
L'empreinte,Marrakech,31.6278151,-8.0420879,cafe
Kartell Kollektiv,Marrakech,31.6363854,-8.0095791,cafe
Pikala Café,Marrakech,31.6315592,-7.9950005,cafe
Cafe de la Place,Marrakech,31.6344455,-8.0130032,cafe
Alfadle,Marrakech,31.6377633,-8.0104454,cafe
Cafe Warda,Marrakech,31.638841,-8.0061333,cafe
% Arabica,Marrakech,31.6223956,-8.0169065,cafe
Café le pont,Marrakech,31.6337194,-8.0580822,cafe
Showtime coffee Shop,Marrakech,31.6492018,-8.0118665,cafe
Foundounk Gargaa,Marrakech,31.6260935,-7.99105,cafe
Cafe Boutouil,Marrakech,31.6354261,-7.9977612,cafe
Cafe Populaire,Marrakech,31.6342382,-7.9908486,cafe
Pensee,Marrakech,31.6314757,-8.005394,cafe
KASER LOUBNANE MARRAKECH,Marrakech,31.6388446,-8.0051458,cafe
Café Elena,Marrakech,31.6393325,-8.0723457,cafe
Cafe Jardin,Marrakech,31.655168,-8.0306288,cafe
Starbucks,Marrakech,31.6304481,-8.0170707,cafe
Jijo Mazel,Marrakech,31.6273781,-7.9934635,cafe
Café Mouassine,Marrakech,31.6290267,-7.9894903,cafe
Mama terrasse,Marrakech,31.6330275,-7.9894985,cafe
La Terrasse Du Marché,Marrakech,31.6199027,-7.9856433,cafe
Aassila Coffee,Marrakech,31.6275931,-7.9816022,cafe
La table de la Koutoubia,Marrakech,31.6255171,-7.9934505,cafe
Le Markech Terrasse,Marrakech,31.6252899,-7.9932072,cafe
Chez Omar,Marrakech,31.6252041,-7.9926974,cafe
Café Koutoubia,Marrakech,31.625158,-7.9926614,cafe
The Ancient House Grill,Marrakech,31.6225815,-7.9913725,cafe
Café Roxe,Marrakech,31.6224841,-7.9901599,cafe
Cafe Imzzane,Marrakech,31.6228374,-7.9902172,cafe
Cafe Ennaser,Marrakech,31.6230487,-7.9900174,cafe
Cafe Iceberg,Marrakech,31.623336,-7.9902088,cafe
La place verte,Marrakech,31.6333138,-8.0003227,cafe
Abouab giliz,Marrakech,31.6484667,-8.0388601,cafe
Café MI CASA,Marrakech,31.6478,-8.0378153,cafe
Abaq,Marrakech,31.631383,-7.9886099,cafe
Lili & Oli - Brunch Coffee,Marrakech,31.6589466,-8.0543769,cafe
Oliveri,Marrakech,31.634519,-8.0109671,cafe
Cafe Sahrij,Marrakech,31.6309278,-7.9898306,cafe
Café des épices,Marrakech,31.6290458,-7.9873196,cafe
Igloo,Marrakech,31.6227854,-7.9901561,cafe
Chouaid Azouy,Marrakech,31.5522295,-7.9082725,cafe
Epsilon,Tanger,35.7345696,-5.8930403,cafe
Hamadi,Tanger,35.7346741,-5.8958298,cafe
La framboise,Tanger,35.7711194,-5.8088995,cafe
Salon de Thê Picasso,Tanger,35.7707049,-5.8118565,cafe
La Fuga,Tanger,35.7816162,-5.8226557,cafe
Eric Kayser,Tanger,35.7817885,-5.8239208,cafe
Café Panorama,Tanger,35.7758148,-5.7869988,cafe
Café Tingis,Tanger,35.7854332,-5.8105503,cafe
La Tulipe,Tanger,35.7805985,-5.815255,cafe
Virginia Ice,Tanger,35.7729463,-5.8160678,cafe
Virginia Ice,Tanger,35.7730018,-5.8162769,cafe
Café Tinjis,Tanger,35.785484,-5.8108247,cafe
Gran café central,Tanger,35.785553,-5.8106631,cafe
Café Rihab Essalam,Tanger,35.7361142,-5.8782858,cafe
Café Bab Andalouss,Tanger,35.7364125,-5.8782025,cafe
Café El Mazar,Tanger,35.7337448,-5.8828669,cafe
Café El-Marouani,Tanger,35.7338312,-5.884495,cafe
Cafe Semara,Tanger,35.7789192,-5.8140949,cafe
Afriquia أفريقيا,Tanger,35.7800043,-5.8144947,cafe
Cafe Normandie,Tanger,35.7771294,-5.8197882,cafe
Cafe Rain Sky,Tanger,35.7770588,-5.8196622,cafe
Cafe Dakhla,Tanger,35.775792,-5.8203585,cafe
Café Glasgow,Tanger,35.7805033,-5.8201121,cafe
La Tulipe,Tanger,35.7805817,-5.8151735,cafe
Café du Parc,Tanger,35.7829294,-5.8141985,cafe
Gran Café De Paris,Tanger,35.7811246,-5.8126051,cafe
Cafe Metropole,Tanger,35.7804274,-5.8104384,cafe
Cafe DaVinci,Tanger,35.7772721,-5.8059814,cafe
Menzah,Tanger,35.7809598,-5.8159402,cafe
World Coffee,Tanger,35.7813511,-5.8159279,cafe
Café Pollock,Tanger,35.7804399,-5.8195128,cafe
Cafe Iberia,Tanger,35.7815556,-5.8209546,cafe
Cafe Atlantic,Tanger,35.779163,-5.8131458,cafe
Cafe Hanafta,Tanger,35.7892777,-5.820286,cafe
Cafe De Parque,Tanger,35.7890677,-5.8204868,cafe
Café Place De France,Tanger,35.7806683,-5.812678,cafe
Cafe Madison,Tanger,35.7754498,-5.8008432,cafe
Cafe Dulcinea,Tanger,35.776486,-5.8045881,cafe
Cafe Oscar,Tanger,35.7770005,-5.8126221,cafe
Cafe Kandinsky,Tanger,35.774982,-5.784774,cafe
Cafe Orio Serio,Tanger,35.7742978,-5.7964493,cafe
FSTT cafétéria,Tanger,35.7358238,-5.8945974,cafe
À L' anglaise,Tanger,35.7876603,-5.8147619,cafe
Café Rif,Tanger,35.7838544,-5.8134062,cafe
Dialna,Tanger,35.7829845,-5.8083715,cafe
Cafe A Doha,Tanger,35.7592404,-5.7910316,cafe
Dg. Cafe dakhla,Tanger,35.7306014,-5.8833699,cafe
مقهى ميمون,Tanger,35.7749533,-5.8197755,cafe
Victoria فيكتوريا,Tanger,35.7734591,-5.8167095,cafe
مقهى بوليندو,Tanger,35.748192,-5.8085524,cafe
مقهى ميلانو,Tanger,35.7355746,-5.8203254,cafe
Tanger Moment,Tanger,35.7860508,-5.8116741,cafe
La Geletaria,Tanger,35.7773052,-5.7990635,cafe
La Véranda,Tanger,35.7761054,-5.7851427,cafe
Café Istanbul,Tanger,35.7746879,-5.7859844,cafe
Jurjura,Tanger,35.7760438,-5.7954667,cafe
Maison La Ruche,Tanger,35.7763858,-5.7961693,cafe
Glaciers Colors,Tanger,35.7793327,-5.803074,cafe
Le Grand Cafe Mella,Tanger,35.7760893,-5.7865779,cafe
Costa,Tanger,35.7772522,-5.8023061,cafe
Cafe 4G,Tanger,35.734824,-5.8052213,cafe
Café Rakrak,Tanger,35.7459961,-5.8299143,cafe
Café Des Amis,Tanger,35.7403415,-5.8314734,cafe
Salon de the Anglet,Tanger,35.7401554,-5.8314959,cafe
Cafe Dlea Migitat,Tanger,35.7451389,-5.8471243,cafe
Cafe Emirate,Tanger,35.7582906,-5.832872,cafe
Cafe Nawras,Tanger,35.7573173,-5.8376518,cafe
Café La Fleur Bleue,Tanger,35.7466812,-5.8385483,cafe
Café Londi´z,Tanger,35.7460218,-5.8346472,cafe
Cafe Adhraghaddou,Tanger,35.7445486,-5.8322998,cafe
Cafe Salon De The Karim,Tanger,35.7467168,-5.8375456,cafe
Café Irfane,Tanger,35.734177,-5.8809739,cafe
Cafe Amrah,Tanger,35.7701961,-5.8054654,cafe
Cafe Agadir,Tanger,35.737119,-5.8850027,cafe
Café Anasim,Tanger,35.7371328,-5.8864136,cafe
Cafe Wardat Meknes,Tanger,35.7371423,-5.8870679,cafe
Café Yasmine,Tanger,35.7315217,-5.8825361,cafe
Cafe Roma,Tanger,35.7327177,-5.8822717,cafe
CAP Cafe,Tanger,35.759728,-5.8025577,cafe
Salon de Thé Sofia,Tanger,35.7626158,-5.8032635,cafe
Cafe Bayrout,Tanger,35.7582534,-5.7921327,cafe
Cafe Bassime,Tanger,35.7595401,-5.7931783,cafe
Cafe Andaluza,Tanger,35.7584573,-5.7932282,cafe
Cafe Star,Tanger,35.7596279,-5.7939755,cafe
Café Babá,Tanger,35.7877895,-5.8115525,cafe
La Boutique,Tanger,35.7827736,-5.7981185,cafe
Hercule,Tanger,35.7601713,-5.9387855,cafe
Achkar,Tanger,35.759537,-5.9372791,cafe
Charaf,Tanger,35.7848293,-5.8126495,cafe
Jawda Fruits,Tanger,35.7846159,-5.8133084,cafe
Les Fils du Détroit,Tanger,35.7881665,-5.8123052,cafe
Anisa,Tanger,35.7341637,-5.8862989,cafe
Café Oum Kolthoum,Tanger,35.7627338,-5.8390038,cafe
Alma Kitchen & Coffee,Tanger,35.7776313,-5.8044625,cafe
Cafes Porto Rico,Tanger,35.7846184,-5.8114946,cafe
Salon Roxy,Tanger,35.7780298,-5.8094904,cafe
Cafè Paradis,Tanger,35.7779156,-5.8066419,cafe
Coffee Ben Moussa,Tanger,35.7529616,-5.7963569,cafe
Cafes Porto Rico,Tanger,35.7840213,-5.8118123,cafe
Café Rania,Tanger,35.7764978,-5.8094271,cafe
La Mamounia,Tanger,35.7840136,-5.8086712,cafe
Salon de thé,Tanger,35.7865885,-5.8135945,cafe
Avenida,Tanger,35.7846016,-5.8089001,cafe
Café Malaga,Tanger,35.7837597,-5.8086326,cafe
California,Tanger,35.7838623,-5.8086537,cafe
Bayt Tarab - Music Cafe,Tanger,35.7833488,-5.8137914,cafe
La Puerta Del Mar,Tanger,35.7890813,-5.8127088,cafe
Café Cherifa,Tanger,35.7878626,-5.8116364,cafe
Tsood,Tanger,35.788267,-5.8154467,cafe
CAFE ALI,Tanger,35.7289997,-5.7862877,cafe
Café Restaurant Ibn Batouta,Tanger,35.736057,-5.8631399,cafe
Lechería La Marina,Tanger,35.7863494,-5.8094401,cafe
Bab Al Bahr,Tanger,35.7863872,-5.8094349,cafe
Salon de thé Elysée,Tanger,35.7811272,-5.8106429,cafe
Hanafta,Tanger,35.7907351,-5.8185855,cafe
3Ar3Ar,Tanger,35.7662643,-5.7895817,cafe
La Colombe,Tanger,35.7796864,-5.808918,cafe
Koop Coffee,Tanger,35.7871109,-5.8099193,cafe
Liege,Tanger,35.7262012,-5.8041944,cafe
Cafe Nassim,Tanger,35.732867,-5.8060985,cafe
Cafe El Mers,Tanger,35.7351911,-5.8181638,cafe
Café Alrabie,Tanger,35.7367137,-5.8221112,cafe
Café Dina,Tanger,35.7404216,-5.8116375,cafe
Café Oasis,Tanger,35.715766,-5.9051452,cafe
Tafarnout,Agadir,30.4173415,-9.5962774,cafe
Galaxy Coffee,Agadir,30.3935748,-9.508378,cafe
Cafe Andalus,Agadir,30.3711576,-9.5323854,cafe
Café France,Agadir,30.3720339,-9.5500074,cafe
Café Afoulki,Agadir,30.3717687,-9.5447397,cafe
Argana,Agadir,30.3690429,-9.5401461,cafe
Café Bilbao,Agadir,30.3818488,-9.4991318,cafe
مقهى الحي المحمدي,Agadir,30.4285419,-9.556511,cafe
La Fontaine,Agadir,30.4161827,-9.5956103,cafe
L'Anice,Agadir,30.4177785,-9.5958122,cafe
Cremerie du sud,Agadir,30.424319,-9.5933665,cafe
Café Bouham مقهى بوهام,Agadir,30.3939965,-9.5731285,cafe
Cafe El Hay,Agadir,30.4170415,-9.5869163,cafe
Cafe essaada مقهى السعادة,Agadir,30.3590799,-9.539802,cafe
Diamant,Agadir,30.3908082,-9.5451166,cafe
Caramel,Agadir,30.4260216,-9.5919032,cafe
Café Aslal مقهى أسلال,Agadir,30.4090353,-9.5673744,cafe
La Veranda,Agadir,30.4182303,-9.5969522,cafe
O.quotidien,Agadir,30.3997438,-9.5878898,cafe
Café Maure,Agadir,30.3874864,-9.5943528,cafe
مقهى اسايس تكوين,Agadir,30.3736912,-9.5043931,cafe
ça papote,Agadir,30.4211942,-9.5995615,cafe
Yours Cafe,Agadir,30.4035416,-9.5451541,cafe
Jnane Fruits,Agadir,30.409336,-9.5573262,cafe
Café Tanmirt,Agadir,30.4104678,-9.5554279,cafe
Cafe Blaze,Agadir,30.436709,-9.5706299,cafe
Cafe Grumium,Agadir,30.4361956,-9.5700452,cafe
Café,Agadir,30.3669756,-9.4194718,cafe
امين,Agadir,30.3603732,-9.4581053,cafe
كافي الكلاسيكو,Agadir,30.3557474,-9.5388224,cafe
روزانو,Agadir,30.3630063,-9.4527795,cafe
Café Mauro,Agadir,30.4187636,-9.5965894,cafe
Crémerie Sonaba,Agadir,30.4003632,-9.5866799,cafe
Crémerie Bay,Agadir,30.3996743,-9.5870621,cafe
iMiM,Agadir,30.421973,-9.5936098,cafe
Cremerie Mazagan,Agadir,30.42277,-9.5943783,cafe
Cafe Santiago,Agadir,30.4244373,-9.5919905,cafe
Cafe Holanda,Agadir,30.4245151,-9.5920938,cafe
Al Fajer,Agadir,30.4122939,-9.5893344,cafe
Vala,Agadir,30.3804757,-9.5020553,cafe
Cafe Rayan,Agadir,30.3990293,-9.5510911,cafe
"NOUVION (wifi only inside, code:20202020)",Agadir,30.3965358,-9.5457447,cafe
المقهى الادبي,Agadir,30.3654639,-9.5299917,cafe
Foody,Meknès,33.893644,-5.5661097,cafe
Paris 2,Meknès,33.8598387,-5.5491096,cafe
Café Ain safia,Meknès,33.8956712,-5.5568456,cafe
Ksar Ayam Zamane,Meknès,33.8675291,-5.5391527,cafe
Florence,Meknès,33.8631844,-5.576434,cafe
Rosalinda,Meknès,33.8630594,-5.5769492,cafe
Rizana,Meknès,33.8657303,-5.5762943,cafe
bab elkhmiss,Meknès,33.8905575,-5.5768498,cafe
Boule de Neige,Meknès,33.8993198,-5.5504492,cafe
abla,Meknès,33.892233,-5.5758169,cafe
قهوة مي عيشة,Meknès,33.8874577,-5.5766267,cafe
Café Al Massae مقهى المساء,Meknès,33.8613664,-5.5473164,cafe
La VillaMek,Meknès,33.8700598,-5.5800649,cafe
Shahryar cafe,Meknès,33.8989629,-5.5495651,cafe
le refuge,Meknès,33.8987821,-5.514552,cafe
Phoenix Cafe,Meknès,33.8962842,-5.5458638,cafe
Café Veronica,Meknès,33.8778949,-5.5609933,cafe
mimi,Meknès,33.8721984,-5.5766143,cafe
Cafe Moderne,Meknès,33.8701071,-5.5592302,cafe
Cafe La Perle du Meknes,Meknès,33.8704754,-5.5596855,cafe
Cafe Sibi,Meknès,33.8697516,-5.5583871,cafe
"jaafer Iraqi, Asto جعفر العراقي,اسطو",Meknès,33.8725499,-5.5619635,cafe
SELECT,Meknès,33.8999438,-5.548616,cafe
Saint Louis,Meknès,33.8952497,-5.5439693,cafe
Cafè les frère مقهى الاخوان,Meknès,33.8921404,-5.5006104,cafe
Mimed's Club,Meknès,33.8941368,-5.5404857,cafe
Cafe arij مقهى اريج,Meknès,33.9043109,-5.478784,cafe
la Marguerite,Meknès,33.8969902,-5.5475586,cafe
Café Adnane مقهى عدنان,Meknès,33.9107955,-5.4907666,cafe
Le Go,Meknès,33.919239,-5.4824472,cafe
Café Ibn Khaldoun مقهى ابن خلدون,Meknès,33.892302,-5.5380535,cafe
مقهى الوداية,Meknès,33.8592763,-5.5529152,cafe
مقهى,Meknès,33.858701,-5.5299584,cafe
Café Madrid Palace مقهى مدريد بلاس,Meknès,33.857396,-5.5367176,cafe
مقهى البندقية,Meknès,33.858132,-5.5355675,cafe
مقهى الملتقى,Meknès,33.8615615,-5.5324577,cafe
Mondial Café,Meknès,33.861065,-5.5316317,cafe
مقهى أرينا,Meknès,33.856705,-5.5284637,cafe
Café Titrite مقهى النجمة,Meknès,33.858048,-5.5355793,cafe
مقهى,Meknès,33.860275,-5.5348728,cafe
مقهى,Meknès,33.860181,-5.5348943,cafe
مقهى,Meknès,33.859784,-5.5351424,cafe
مقهى شروق الشمس,Meknès,33.859702,-5.5351667,cafe
مقهى,Meknès,33.860431,-5.5309849,cafe
مقهى العصافير,Meknès,33.860163,-5.5307667,cafe
مقهى,Meknès,33.858727,-5.5299774,cafe
مقهى,Meknès,33.857558,-5.5293911,cafe
مقهى,Meknès,33.854445,-5.541262,cafe
Café Younes مقهى يونس,Meknès,33.854796,-5.5420729,cafe
Café El Ansary مقهى الأنصاري,Meknès,33.859362,-5.5450433,cafe
Café مقهى,Meknès,33.893929,-5.5587798,cafe
Café Imailia مقهى الإسماعيلية,Meknès,33.8936897,-5.5583133,cafe
Café مقهى,Meknès,33.879167,-5.562696,cafe
مقهى,Meknès,33.8629535,-5.5341898,cafe
Véranda,Meknès,33.8757581,-5.5337566,cafe
Olympia,Meknès,33.8987519,-5.5475576,cafe
Veronica,Meknès,33.8780507,-5.5613115,cafe
Lina ice,Meknès,33.9013474,-5.5411434,cafe
Café SALENA,Meknès,33.8587594,-5.5776203,cafe
Ocafe,Meknès,33.9000809,-5.5438578,cafe
Pavilon des Idrissides,Meknès,33.8930713,-5.5646934,cafe
Barcelona,Meknès,33.8651351,-5.5763394,cafe
Cafe Brother,Meknès,33.8847598,-5.5775329,cafe
Cafe mabrouka مقهى مبروكة,Meknès,33.854335,-5.5277515,cafe
l'agora cafe,Meknès,33.8988575,-5.5521738,cafe
Café de l'aviation,Meknès,33.8964489,-5.5455935,cafe
la villa cafe,Meknès,33.896905,-5.5465233,cafe
Amazigh Cafe,Meknès,33.8968527,-5.5466037,cafe
Cafe Lavasa,Meknès,33.8969629,-5.5464227,cafe
cafe vienna,Meknès,33.8968378,-5.5463185,cafe
salamanca cafe,Meknès,33.8973555,-5.5514955,cafe
Café california,Meknès,33.8963938,-5.5463143,cafe
Café Montréal,Meknès,33.8966512,-5.5474649,cafe
café bouayadi,Meknès,33.8967078,-5.5477087,cafe
Café Dimachq,Meknès,33.8970563,-5.5490761,cafe
Café de la paix,Meknès,33.8972359,-5.5461094,cafe
cafe ghazala,Meknès,33.8960556,-5.5464251,cafe
Cafe Galaxy,Meknès,33.9013286,-5.5549692,cafe
cafe shop,Meknès,33.9027694,-5.5561705,cafe
Florence,Meknès,33.8993659,-5.5501015,cafe
baco's cafe,Meknès,33.8992199,-5.5479715,cafe
florida cafe,Meknès,33.8963232,-5.5461122,cafe
La Maison Du Blé,Meknès,33.8992907,-5.5522283,cafe
cafe shop,Meknès,33.8987836,-5.5516553,cafe
cafe shop,Meknès,33.8994025,-5.5511634,cafe
Café Omnia,Meknès,33.8977033,-5.5465628,cafe
Café Restaurant Salma,Meknès,33.8911424,-5.5634227,cafe
Palais Des Glaces,Meknès,33.8974559,-5.5510935,cafe
Café Aswane,Meknès,33.8974623,-5.5316066,cafe
Aeratina,Meknès,33.8968715,-5.5405569,cafe
Cafe Everest,Meknès,33.8991489,-5.5385399,cafe
Cafe Toubkal,Meknès,33.896591,-5.5440216,cafe
Miramar,Meknès,33.8991245,-5.550198,cafe
cafe shop,Meknès,33.8990137,-5.5493515,cafe
Café al khalil,Meknès,33.89758,-5.5506009,cafe
Mauritania Azlav,Meknès,33.9003615,-5.549255,cafe
Le Dauphin,Meknès,33.9005277,-5.5490099,cafe
Boulangerie Pâtisserie National,Meknès,33.9005248,-5.549507,cafe
Bella Médina,Meknès,33.8994156,-5.5495139,cafe
Cafe 13,Meknès,33.905636,-5.5465628,cafe
Cafe wissam,Meknès,33.8942943,-5.5604283,cafe
Pause Cafe,Meknès,33.9001413,-5.5739325,cafe
Cafe Arabica,Meknès,33.9018541,-5.5416975,cafe
Lina Ice,Meknès,33.8996915,-5.5390657,cafe
Cafe Misbah,Meknès,33.8977647,-5.5387273,cafe
Cafe La Cloche,Meknès,33.9027516,-5.547042,cafe
Cafe charkia,Meknès,33.8941748,-5.5569306,cafe
Duplex,Meknès,33.8937377,-5.5562998,cafe
النجمة البيضاء,Meknès,33.89346,-5.518538,cafe
قصر رحاب,Meknès,33.901646,-5.5030467,cafe
قصر المنزه,Meknès,33.9001474,-5.5053224,cafe
Café Sina Ice,Meknès,33.8588996,-5.5724442,cafe
Café La Ruche,Meknès,33.8593056,-5.5539707,cafe
café Twin,Meknès,33.8586803,-5.570943,cafe
Promenade palace,Meknès,33.9004364,-5.5471005,cafe
El toro,Meknès,33.8960553,-5.547597,cafe
Café andro,Meknès,33.8939588,-5.566144,cafe
مقهى بلادي,Meknès,33.893245,-5.555776,cafe
مركب البركة,Meknès,33.8932228,-5.455606,cafe
علاء الدين,Meknès,33.8981934,-5.4792099,cafe
مقهى دبي,Meknès,33.9177704,-5.491816,cafe
مقهى البستان,Meknès,33.9023056,-5.4907489,cafe
مقهى الرياض,Meknès,33.9051247,-5.4834251,cafe
مقهى عثمان,Meknès,33.9192009,-5.4852958,cafe
Cafe top Holland,Meknès,33.9293175,-5.5023341,cafe
Cafe timazray,Meknès,33.931736,-5.4964218,cafe
مقهى طنجة,Meknès,33.901001,-5.457994,cafe
مقهى المرام,Meknès,33.9080696,-5.4835811,cafe
مقهى البيروني,Meknès,33.9107056,-5.4818821,cafe
مقهى النهار,Meknès,33.9051857,-5.485043,cafe
مقهى الأندلس,Meknès,33.9285202,-5.5082059,cafe
مقهى الصباح,Meknès,33.9080658,-5.4839339,cafe
مقهى,Meknès,33.9133148,-5.490994,cafe
مقهى الكلاسيكو,Meknès,33.9084244,-5.4891009,cafe
مقهى أنس,Meknès,33.9192162,-5.4863091,cafe
مقهى ليلى,Meknès,33.9287834,-5.504353,cafe
مقهى الرياض,Meknès,33.9166641,-5.4832258,cafe
Cafe tafogalt,Meknès,33.9297447,-5.499166,cafe
مقهى المغرب العربي,Meknès,33.9121056,-5.483182,cafe
مقهى الشوكة,Meknès,33.9134064,-5.4914041,cafe
Cafe La cadem,Meknès,33.9130974,-5.491519,cafe
مقهى ميلانو,Meknès,33.9190598,-5.4921231,cafe
مقهى عين الزواوقة,Meknès,33.9454803,-5.5707598,cafe
كافي دوفاس,Meknès,33.8990707,-5.5324569,cafe
Au Comptoir Des Gourmets,Meknès,33.8985863,-5.5324469,cafe
cafe admiral palace,Meknès,33.8612595,-5.5692849,cafe
Estrella cafe,Meknès,33.8598404,-5.5694809,cafe
Café delocci,Meknès,33.8621101,-5.5686998,cafe
La Dacha,Meknès,33.9002686,-5.5245118,cafe
Vanitas,Meknès,33.900322,-5.5468588,cafe
Cafe beverly,Meknès,33.8948555,-5.5424638,cafe
مقهى حسون,Meknès,33.8957634,-5.5687799,cafe
Cube Noir,Meknès,33.8589249,-5.55199,cafe
urm cimitri dots cafe,Meknès,33.8999014,-5.5460277,cafe
Café Zahra,Meknès,33.894312,-5.5627427,cafe
La tulipe,Meknès,33.9003833,-5.5468275,cafe
Cafe bella cita,Meknès,33.9027205,-5.5619803,cafe
O'Night,Meknès,33.9036476,-5.5615955,cafe
Forest Palace,Meknès,33.8538679,-5.5677788,cafe
cafè Laanbra,Meknès,33.8957936,-5.5474542,cafe
Golden Foot,Meknès,33.8933736,-5.5325727,cafe
Park Timizar,Meknès,33.975656,-5.5825669,cafe
Café Petra,Oujda,34.6825515,-1.9158737,cafe
L'Excellence Délice Café,Oujda,34.6822316,-1.9163364,cafe
La Defense Café,Oujda,34.6808727,-1.9177871,cafe
Café Rihab,Oujda,34.678355,-1.9192075,cafe
Café Le Prince,Oujda,34.6915917,-1.9074503,cafe
Café Salazar,Oujda,34.6759793,-1.8757829,cafe
Café Marrakech,Oujda,34.6764849,-1.8805842,cafe
Café Colombo,Oujda,34.6825813,-1.9165272,cafe
Café Annakhil,Oujda,34.6838528,-1.9163227,cafe
Café Rosalia,Oujda,34.682492,-1.9159514,cafe
Café Trocadero,Oujda,34.6794135,-1.9197189,cafe
Café Design,Oujda,34.6817735,-1.917287,cafe
Café Arsenal,Oujda,34.6823222,-1.9162196,cafe
Espace Numerique,Oujda,34.6876123,-1.9200877,cafe
Café Cristal,Oujda,34.6724002,-1.9175392,cafe
Café Belle Vue,Oujda,34.6721657,-1.9171094,cafe
Café Pyramide,Oujda,34.6805898,-1.9191452,cafe
Café Al Bahia,Oujda,34.6808103,-1.9189195,cafe
Café Le Trésor,Oujda,34.684001,-1.9155616,cafe
Café Jeddah,Oujda,34.6852488,-1.914829,cafe
Café La Foire,Oujda,34.6757913,-1.9281586,cafe
Café Venise,Oujda,34.6954942,-1.9038672,cafe
Café Ophéon,Oujda,34.664374,-1.9069091,cafe
Café Karam,Oujda,34.6682594,-1.9318511,cafe
Café Crèmerie Le Dauphin,Oujda,34.6567681,-1.9000319,cafe
Café Farah,Oujda,34.6762114,-1.8809812,cafe
Café Ngadi,Oujda,34.7023553,-1.9195643,cafe
Café Nagrouz,Oujda,34.7016372,-1.9195279,cafe
Café Oujda Paris,Oujda,34.7001113,-1.9194153,cafe
Café Iceberg,Oujda,34.6890563,-1.9174658,cafe
Café Blanche,Oujda,34.6898723,-1.9177823,cafe
Café Paradise,Oujda,34.6843277,-1.9162535,cafe
Café Arena Palace,Oujda,34.6579977,-1.8970649,cafe
Café Guest,Oujda,34.6571525,-1.8977549,cafe
Café Bouskri,Oujda,34.658536,-1.8967806,cafe
Espace Jasmin,Oujda,34.6593968,-1.9028106,cafe
La Verone,Oujda,34.6590571,-1.9030199,cafe
Café B.lanco,Oujda,34.6663219,-1.8972531,cafe
L'Arôme Blanc,Oujda,34.6918745,-1.9114851,cafe
Times Square Café,Oujda,34.6912886,-1.9177076,cafe
Café Michlifen,Oujda,34.6907376,-1.9175206,cafe
Riad Ofok,Oujda,34.7031767,-1.9168549,cafe
Café Reda,Oujda,34.7031567,-1.9171035,cafe
Café Coin De La Saveur,Oujda,34.6673045,-1.9398755,cafe
Villa Ice,Oujda,34.6673839,-1.9395537,cafe
Maestro Presto,Oujda,34.6642811,-1.934715,cafe
Boulangerie Oujda Parc,Oujda,34.6696886,-1.9043661,cafe
Le Ciel Blanc,Oujda,34.7162154,-1.9253125,cafe
Café L'Alaska,Oujda,34.6733516,-1.9185762,cafe
Café Charchara,Oujda,34.6679274,-1.8630247,cafe
Café Victoria,Oujda,34.7003056,-1.911421,cafe
Alhambra,Oujda,34.6813853,-1.9171694,cafe
Colaimo,Oujda,34.6956154,-1.8807879,cafe
Café Ananas,Oujda,34.6700159,-1.8947701,cafe
Café Moulay Youssef,Oujda,34.6826939,-1.9156174,cafe
Café Qobros,Oujda,34.6652136,-1.8902504,cafe
Verger D'Or,Oujda,34.6575286,-1.8985179,cafe
Zirinet,Oujda,34.6723306,-1.9128919,cafe
Le Parcours,Oujda,34.6730825,-1.9185226,cafe
Café Al Jabah قهوة الجبح,Oujda,34.6564951,-1.8978193,cafe
Café Katana,Oujda,34.6803527,-1.9195043,cafe
Café De La Gare,Oujda,34.6810264,-1.9211296,cafe
Lion Star,Oujda,34.6759975,-1.8772409,cafe
Imane,Oujda,34.675885,-1.8749523,cafe
Nesma,Oujda,34.6958153,-1.8821814,cafe
Café La Mirabelle,Oujda,34.6537157,-1.8975242,cafe
Café Solidaire,Oujda,34.6594445,-1.8987214,cafe
Café Al Boustane,Oujda,34.6798937,-1.9194844,cafe
NYC NewYorkCity Café,Oujda,34.6732303,-1.9146444,cafe
Café Le 44,Oujda,34.6576086,-1.9148422,cafe
Café Al Houda,Oujda,34.6761418,-1.8798766,cafe
Café BIN Sports,Oujda,34.6669369,-1.8826675,cafe
Café Kiwi,Oujda,34.6708699,-1.8943604,cafe
Café Malizia,Oujda,34.6707416,-1.894458,cafe
Café La Riva,Oujda,34.6740504,-1.8927821,cafe
Café Oasis,Oujda,34.6736798,-1.8925567,cafe
Café Dream,Oujda,34.6551235,-1.8986408,cafe
Patisserie Catalonia,Oujda,34.6520689,-1.8959497,cafe
Millennium Café,Oujda,34.6569864,-1.898826,cafe
Café Romantique,Oujda,34.6577227,-1.8986281,cafe
Patisserie Boukhlouf,Oujda,34.6571132,-1.8953581,cafe
Al Houda,Oujda,34.677003,-1.8853281,cafe
Café Al Massira,Oujda,34.6824769,-1.9197104,cafe
Halviga,Oujda,34.6742208,-1.9238865,cafe
Café Rosa,Oujda,34.6808991,-1.876254,cafe
Café Outchi,Oujda,34.6755478,-1.8629439,cafe
Café Coin Vert,Oujda,34.6589069,-1.9203404,cafe
Café 5/5,Oujda,34.6600386,-1.9133513,cafe
Suza,Oujda,34.694841,-1.8813867,cafe
Café La Sirène D'Or,Oujda,34.6819951,-1.9419367,cafe
Café Beni Snassen,Oujda,34.6816808,-1.9389797,cafe
Black Coffee,Oujda,34.6878161,-1.9167931,cafe
Café Anass,Oujda,34.6754562,-1.9252559,cafe
Café Andalucia,Oujda,34.6854828,-1.9135508,cafe
Café Florimont,Oujda,34.6704328,-1.8945769,cafe
Café Marrakech,Oujda,34.6829023,-1.9139226,cafe
Café Istanbul,Oujda,34.7008215,-1.8948256,cafe
Café Veranda Benaddi,Oujda,34.6830242,-1.9167715,cafe
Café Nirvana,Oujda,34.6581759,-1.9216814,cafe
México,Oujda,34.6951863,-1.9034671,cafe
Glacier Versailles,Oujda,34.6724766,-1.9107056,cafe
Café Istanbul,Oujda,34.6563583,-1.9346029,cafe
cafe Le Consul,Oujda,34.6598541,-1.9173265,cafe
Café Oslo,Oujda,34.6857717,-1.8740845,cafe
Café Hotel Luxembourg,Oujda,34.6822141,-1.9110435,cafe
Café Loft'in,Oujda,34.6590984,-1.8978502,cafe
Café le Lion d'Or مقهى الأسد الذهبي,Oujda,34.6882605,-1.9109795,cafe
Café Rayane Ice,Oujda,34.6679221,-1.9010233,cafe
Café Madagascar مقهى مدغشقر,Oujda,34.6625106,-1.9376293,cafe
Café Nana مقهى نانا,Oujda,34.695618,-1.881943,cafe
Arabesque Délices,Oujda,34.6672246,-1.8971978,cafe
الأخوين,Oujda,34.6534761,-1.9049948,cafe
زينزي دار,Oujda,34.6567219,-1.905461,cafe
Flame d'Or,Oujda,34.6568155,-1.9041791,cafe
باباي,Oujda,34.6620429,-1.9052504,cafe
Café Lamyae,Oujda,34.6778362,-1.9164943,cafe
Café Orient,Oujda,34.6776214,-1.9178811,cafe
Café Genova,Oujda,34.6651829,-1.9320477,cafe
Café L'Oasis,Oujda,34.6649909,-1.9317714,cafe
Zam zam زم زم,Oujda,34.6615619,-1.9370715,cafe
Madagascar مدغشقر,Oujda,34.6624363,-1.9373034,cafe
Café Alsace,Oujda,34.677749,-1.9220684,cafe
Venezia فينيزيا,Oujda,34.6677341,-1.931248,cafe
Bristol,Oujda,34.657414,-1.9342027,cafe
Bristol,Oujda,34.6575201,-1.935692,cafe
Café Beni Mimoun,Oujda,34.6814872,-1.9390593,cafe
مقهى رولكس,Oujda,34.6751079,-1.8603447,cafe
مقهى هوخ,Oujda,34.6819929,-1.9468536,cafe
Cafe La Cloche,Oujda,34.6748628,-1.9312401,cafe
Cafe Le Noyer,Oujda,34.6755455,-1.9261151,cafe
Café Al Arabia Plus,Oujda,34.6823673,-1.9450575,cafe
Panorama Café,Oujda,34.6823044,-1.9448228,cafe
Café Benma,Oujda,34.6794382,-1.938069,cafe
Café Comparino,Oujda,34.6631022,-1.9468372,cafe
Café Arrihan,Oujda,34.664492,-1.9449422,cafe
ESPACE ALHANINE,Oujda,34.6822226,-1.9084543,cafe
Café Jeanys,Oujda,34.6809503,-1.9194614,cafe
Cafe In,Oujda,34.6789474,-1.8888932,cafe
Cafe Le Rond Point,Oujda,34.6610517,-1.8882495,cafe
Delight,Oujda,34.6586072,-1.8975594,cafe
Beli Gourmet,Oujda,34.6598184,-1.8984291,cafe
OXFORD,Oujda,34.6562045,-1.8991747,cafe
Al Manar,Oujda,34.6653254,-1.8886369,cafe
Café Lahrawi,Oujda,34.6839507,-1.8804847,cafe
Café Annakhil,Oujda,34.665166,-1.8888548,cafe
Aire de service Kenitra,Kenitra,34.2306215,-6.5856093,cafe
Aire de service Kenitra,Kenitra,34.2286256,-6.5808618,cafe
Casarina,Kenitra,34.2547511,-6.58157,cafe
El Tren,Kenitra,34.2546691,-6.581814,cafe
Café Al Gharb,Kenitra,34.2660105,-6.5641214,cafe
Cafe Casablanca,Kenitra,34.2715402,-6.5587073,cafe
Café Loubana,Kenitra,34.2649124,-6.5664589,cafe
Café Mnara,Kenitra,34.2690473,-6.5612659,cafe
Café renosa,Kenitra,34.2574507,-6.5903615,cafe
cafe hosni,Kenitra,34.25289,-6.6020586,cafe
Café Ouiam,Kenitra,34.2580122,-6.5822695,cafe
Café Méga,Kenitra,34.2602104,-6.590583,cafe
Cosmopolite,Kenitra,34.2576033,-6.5847869,cafe
La Verte,Kenitra,34.2574716,-6.5843661,cafe
Le Rouge et Le Noir,Kenitra,34.2575529,-6.5843187,cafe
La Flamme,Kenitra,34.2572806,-6.5839687,cafe
Tacobelle,Kenitra,34.2565392,-6.587331,cafe
Chicago,Kenitra,34.2564387,-6.5872678,cafe
Cramayel,Kenitra,34.2572372,-6.5839561,cafe
VIP salle de jeux,Kenitra,34.2574175,-6.5857926,cafe
Nada,Kenitra,34.2567706,-6.5859373,cafe
Élite,Kenitra,34.256069,-6.5871577,cafe
La Gironde,Kenitra,34.2563075,-6.5761759,cafe
Café Ba Brahim,Kenitra,34.2561928,-6.5758525,cafe
Pause Café,Kenitra,34.2591063,-6.5808273,cafe
Café Gentleman,Kenitra,34.2611223,-6.5829254,cafe
Café Venise,Kenitra,34.2574666,-6.584092,cafe
Flamand rose,Kenitra,34.2611955,-6.5827431,cafe
Café La Belle Veilleuse,Kenitra,34.2552926,-6.5845711,cafe
Café Robiglio,Kenitra,34.2554386,-6.5818181,cafe
Café Vabiano,Kenitra,34.2552167,-6.5827342,cafe
Deutch Café,Kenitra,34.2597946,-6.5845752,cafe
Café Caprice,Kenitra,34.2611046,-6.5855398,cafe
Café Orlando,Kenitra,34.2598627,-6.5846206,cafe
Café COLOGNE,Kenitra,34.2562185,-6.593188,cafe
مقهى كول فيو,Kenitra,34.2727801,-6.6134841,cafe
مقهى الرميلي,Kenitra,34.2482257,-6.5548283,cafe
Café Tomas مقهى توماس,Kenitra,34.2569235,-6.622061,cafe
مقهى كالفورنيا- الساكنية,Kenitra,34.2476579,-6.5540983,cafe
LEVEL CAFE,Kenitra,34.2592854,-6.5890588,cafe
Cappuccino,Kenitra,34.2650257,-6.587532,cafe
Ifly,Kenitra,34.2653649,-6.5877033,cafe
54 d m. Arabi,Kenitra,34.2549607,-6.6150945,cafe
Café fettah,Kenitra,34.2606529,-6.642622,cafe
Café à Nasr,Kenitra,34.2658624,-6.646746,cafe
Café iqrae,Kenitra,34.2559869,-6.6152709,cafe
Café houssam,Kenitra,34.2590039,-6.6549916,cafe
Café jawharat al kesbah,Kenitra,34.2585012,-6.655438,cafe
Café doumas,Kenitra,34.2612087,-6.6447064,cafe
Café golf,Kenitra,34.2633699,-6.6414135,cafe
Café naklie erac,Kenitra,34.2585213,-6.6485394,cafe
Café grano,Kenitra,34.2678173,-6.6254532,cafe
Sakniya,Kenitra,34.2472726,-6.5538824,cafe
Cocolico Café,Kenitra,34.2713915,-6.6287717,cafe
Scoop,Kenitra,34.2528117,-6.602195,cafe
Le Treffle,Kenitra,34.2577377,-6.5888636,cafe
Narjiss,Kenitra,34.2574654,-6.5895889,cafe
Café Dalia,Kenitra,34.261096,-6.5803654,cafe
Café Rendez-vous,Kenitra,34.2604892,-6.5676416,cafe
For You,Kenitra,34.2552626,-6.6191952,cafe
Le Saphir Palace,Kenitra,34.2485379,-6.6051509,cafe
Cafe Badr,Kenitra,34.2543193,-6.6034149,cafe
Rippele,Kenitra,34.2372502,-6.5549565,cafe
Cafe Mina,Kenitra,34.2554126,-6.5603715,cafe
Cafe Dar Chabab,Kenitra,34.2556214,-6.5605995,cafe
Cafe La Lune,Kenitra,34.2562209,-6.6495785,cafe
Venezia Palace,Kenitra,34.2609964,-6.5805736,cafe
Val-Fleury,Kenitra,34.2674091,-6.5931523,cafe
cafe rime,Kenitra,34.2632376,-6.579612,cafe
Café Manhattan,Tétouan,35.5698757,-5.3848188,cafe
Café Hamama,Tétouan,35.56961,-5.3858302,cafe
Azmizam ازميزم,Tétouan,35.5644186,-5.3788681,cafe
Cafe central,Tétouan,35.570496,-5.3744383,cafe
Cafe National,Tétouan,35.5701808,-5.3723278,cafe
Cafe Zahra,Tétouan,35.5700428,-5.3733841,cafe
Continental,Tétouan,35.5701738,-5.3725643,cafe
Ochorios,Tétouan,35.5701829,-5.3730774,cafe
Cafe Touristes,Tétouan,35.5700256,-5.3730842,cafe
Los Angeles,Tétouan,35.5705523,-5.3750484,cafe
Cafe Nipon,Tétouan,35.5707057,-5.3753194,cafe
Cafe Manila,Tétouan,35.5710266,-5.3766083,cafe
Cafe Allal,Tétouan,35.5701444,-5.3767153,cafe
Cafe Al Ahram,Tétouan,35.570133,-5.3765353,cafe
Cafes Luna,Tétouan,35.5702765,-5.3747567,cafe
Cafeteria El Padrino,Tétouan,35.569839,-5.374025,cafe
Café Paris,Tétouan,35.5700151,-5.3738767,cafe
Hotel Principe,Tétouan,35.569486,-5.3733984,cafe
Salon de thé,Tétouan,35.569659,-5.3721997,cafe
Cafeteria Bayrout,Tétouan,35.5697668,-5.3732932,cafe
Cafes Mexicano,Tétouan,35.569878,-5.3722286,cafe
Cafe Riad,Tétouan,35.5702772,-5.3720745,cafe
Al Jalae,Tétouan,35.5701119,-5.3701377,cafe
Étoile du Nord,Tétouan,35.5696193,-5.369601,cafe
Cafe Imperial,Tétouan,35.5695355,-5.3700181,cafe
Hotel & Cafe Granada,Tétouan,35.5699741,-5.3688786,cafe
Cafe Imperial,Tétouan,35.5695065,-5.3698272,cafe
Laregia,Tétouan,35.5699574,-5.3710344,cafe
Cafe Tantan,Tétouan,35.5707951,-5.3764534,cafe
Al Mandri,Tétouan,35.5692002,-5.3765348,cafe
Cafe Zarhon,Tétouan,35.5711201,-5.374418,cafe
Al Mamalik,Tétouan,35.5709784,-5.3747934,cafe
Passarela,Tétouan,35.5713412,-5.3747409,cafe
قهوة الشعيري,Tétouan,35.5834606,-5.3327635,cafe
Café Morada,Tétouan,35.5692508,-5.3754932,cafe
Cafe Hymaf,Tétouan,35.569728,-5.3758616,cafe
Ali Bouker,Tétouan,35.5724101,-5.3764265,cafe
Cafe Marbella,Tétouan,35.5695554,-5.3631458,cafe
Cafe Ahlan,Tétouan,35.5698488,-5.3621036,cafe
Elegancia,Tétouan,35.5700672,-5.3595255,cafe
Amsterdam,Tétouan,35.5692233,-5.3753031,cafe
Dinia,Tétouan,35.5699735,-5.3764921,cafe
Cafe El Khaima Granada,Tétouan,35.5722132,-5.374531,cafe
California Coffee House,Tétouan,35.585705,-5.334848,cafe
Focus,Beni Mellal,32.3323603,-6.3629333,cafe
Café kassabah,Beni Mellal,32.3333832,-6.3602376,cafe
Café Cesar,Beni Mellal,32.3315339,-6.3618134,cafe
Café des Roses,Beni Mellal,32.3355265,-6.3652932,cafe
Café Charm Cheikh,Beni Mellal,32.3354118,-6.3662729,cafe
Café Voltaire,Beni Mellal,32.3344996,-6.3644758,cafe
Café Table d'or,Beni Mellal,32.3339321,-6.364059,cafe
Café Bla Bla,Beni Mellal,32.3359017,-6.3672698,cafe
Café Ahalina,Beni Mellal,32.3361034,-6.368053,cafe
Laiterie et Café Marina,Beni Mellal,32.3362439,-6.3686404,cafe
Café Major,Beni Mellal,32.3372677,-6.366557,cafe
Café San Marina,Beni Mellal,32.3375436,-6.3663773,cafe
Café Brichia,Beni Mellal,32.3381011,-6.3667609,cafe
Café AL RAMZ,Beni Mellal,32.3383527,-6.3669817,cafe
Café Al Fadila,Beni Mellal,32.3385,-6.3674994,cafe
Café NEW DAY,Beni Mellal,32.3383119,-6.3663836,cafe
Café Silver,Beni Mellal,32.3357012,-6.3633035,cafe
Café La belle vue,Beni Mellal,32.3313968,-6.3616558,cafe
Café Annakhil,Beni Mellal,32.3332937,-6.3564025,cafe
Café Imilchil,Beni Mellal,32.330031,-6.3607642,cafe
Café Abd Alkrim Alkhattabi,Beni Mellal,32.3328843,-6.3564217,cafe
Café Pizzeria Corridore,Beni Mellal,32.3305228,-6.3593695,cafe
Dounya Day,Beni Mellal,32.3328175,-6.3618841,cafe
Café Glassier alkhaima,Beni Mellal,32.3328855,-6.3617016,cafe
Café Farhate,Beni Mellal,32.3341687,-6.3588691,cafe
Café Ljolan,Beni Mellal,32.3333133,-6.3613153,cafe
Café Prada,Beni Mellal,32.3332556,-6.3614887,cafe
Café Loisis,Beni Mellal,32.3332346,-6.3615553,cafe
Magic Ice,Beni Mellal,32.3316347,-6.3622857,cafe
Café Galaxy,Beni Mellal,32.3328977,-6.3625796,cafe
Café La Flamme,Beni Mellal,32.3348943,-6.3610304,cafe
Café Le petit Poin,Beni Mellal,32.3341349,-6.3632183,cafe
Café LOUDAYA,Beni Mellal,32.3335547,-6.3618772,cafe
Café ESPANOLE,Beni Mellal,32.3332992,-6.3629169,cafe
Café FRANCE,Beni Mellal,32.3350504,-6.3644905,cafe
Café Boulzano,Beni Mellal,32.3331985,-6.3616724,cafe
Café Ouzoud,Beni Mellal,32.3331738,-6.3617268,cafe
Café L'ELYSEE,Beni Mellal,32.333121,-6.3618948,cafe
Café ALAYAM,Beni Mellal,32.3330767,-6.3620246,cafe
Café Verdor,Beni Mellal,32.3331053,-6.3619615,cafe
Café HALA SPACE,Beni Mellal,32.3329218,-6.3624754,cafe
Café Nejma,Beni Mellal,32.3328671,-6.3626449,cafe
Café ADOUNISE,Beni Mellal,32.3330207,-6.3630008,cafe
Café AZAHR,Beni Mellal,32.3333058,-6.3632179,cafe
Café IG BOOday,Beni Mellal,32.3335804,-6.3634358,cafe
Café Le Bon Coin,Beni Mellal,32.3342244,-6.363924,cafe
Café CRISTAL COFEE,Beni Mellal,32.3343237,-6.3639899,cafe
Café AL JAZIRA,Beni Mellal,32.3346339,-6.364225,cafe
Café Epis d'Or,Beni Mellal,32.3349348,-6.3644681,cafe
Café CN NOUR,Beni Mellal,32.3351335,-6.3643842,cafe
Sté El Firdaous HP,Beni Mellal,32.3304949,-6.3594062,cafe
Café Maroma,Beni Mellal,32.3457064,-6.3496111,cafe
فضاء فاطمة,Beni Mellal,32.3189366,-6.333808,cafe
Liverpool Cafe ⵜⴰⵏⵖⵍⵓⵙⵜ ⵏ ⵍⵉⵠⵔ ⵒⵒⵓⵍ مقهى ليڤرپول,Beni Mellal,32.3435076,-6.369099,cafe
Liverpool Cafe ⵍⵉⵠⵔⵒⵓⵍ ⴽⴰⴼⵉ ليڤرپول كافي,Beni Mellal,32.3435913,-6.3691199,cafe
Alecanti,Beni Mellal,32.3397105,-6.3566452,cafe
Rehab,Beni Mellal,32.3407264,-6.3445776,cafe
Aire de service Larache,Larache,35.169058,-6.1217051,cafe
Cafe Royal,Larache,35.1775457,-6.1450164,cafe
Cafe Al Manzah,Larache,35.1773667,-6.145145,cafe
Cafe Al Mazar,Larache,35.1726197,-6.1391042,cafe
Cafe Paloma,Larache,35.1723925,-6.1420207,cafe
Café Essalam,Settat,33.0007624,-7.6204879,cafe
Cafe INRA,Settat,33.0296371,-7.6231626,cafe
La Perle,Settat,33.0352009,-7.6270008,cafe
La Pause Gourmande,Rabat,33.9956359,-6.8475119,cafe
Oukaimeden,Rabat,33.996395,-6.8478566,cafe
Café Balima,Rabat,34.0181798,-6.8355016,cafe
Nefertiti,Rabat,34.0244046,-6.8309897,cafe
The Media Luna,Rabat,34.0175803,-6.8328014,cafe
Café Liliane,Rabat,33.9964516,-6.8466521,cafe
Tea Room & Co,Rabat,33.9946417,-6.8470304,cafe
Brownies,Rabat,33.9967539,-6.8459649,cafe
Schmid,Rabat,33.9970852,-6.8457959,cafe
Café Les Deux Palmiers,Rabat,34.0494553,-6.7982647,cafe
Cupidon,Rabat,34.0174456,-6.8247895,cafe
Café La Cartouche,Rabat,34.021763,-6.8269137,cafe
Shot Coffee,Rabat,34.0220168,-6.82679,cafe
Galette de neige,Rabat,34.0217225,-6.8251726,cafe
café Badr,Rabat,34.0493456,-6.7995031,cafe
Nostalgia,Rabat,34.0198912,-6.8233916,cafe
Nejma,Rabat,33.9610729,-6.8851102,cafe
O'Caprices,Rabat,33.9601813,-6.8682658,cafe
Café des Oudayas,Rabat,34.0305263,-6.8350809,cafe
LPG,Rabat,33.9958045,-6.8475621,cafe
Fennich,Rabat,33.9901354,-6.8258274,cafe
Sambuca,Rabat,34.0198064,-6.835457,cafe
Café Al Altal,Rabat,34.0197676,-6.8263129,cafe
Villa Jnane,Rabat,34.0150348,-6.8395134,cafe
Les artistes,Rabat,34.0149703,-6.8311637,cafe
Café Etoile,Rabat,34.0182313,-6.8336875,cafe
Le Pisé,Rabat,34.0179196,-6.829597,cafe
Yana Dream,Rabat,34.0160136,-6.8320345,cafe
Astoria,Rabat,34.0168795,-6.8313391,cafe
L'abeille D'or,Rabat,34.015551,-6.8317317,cafe
Carrion,Rabat,34.0166517,-6.8303182,cafe
Madalena,Rabat,34.0189893,-6.8297028,cafe
Itry,Rabat,34.0174321,-6.8303044,cafe
Pietri Palace,Rabat,34.0165006,-6.8306178,cafe
La Sala,Rabat,34.0163069,-6.8277492,cafe
Choumoue Al Farah,Rabat,34.0205179,-6.8308732,cafe
San Marino,Rabat,34.0214721,-6.8359527,cafe
L'empire,Rabat,34.0211905,-6.8363555,cafe
Molina,Rabat,34.0212253,-6.8357782,cafe
Hollywood,Rabat,34.0212378,-6.835939,cafe
Green Café,Rabat,34.0209754,-6.8363512,cafe
Le Lingot D'or,Rabat,34.0209855,-6.8367366,cafe
La Fine Brioche,Rabat,34.0208311,-6.8358382,cafe
Majestic,Rabat,34.0207515,-6.8360641,cafe
Comedie,Rabat,34.0203533,-6.8370087,cafe
La Scène,Rabat,34.0200628,-6.8371762,cafe
% Arabica,Rabat,34.0163656,-6.82871,cafe
La Sala,Rabat,34.0163328,-6.8277524,cafe
Doncof,Rabat,34.0019876,-6.846073,cafe
Al Boustane,Rabat,34.0020721,-6.8458893,cafe
Il Buon Gelato,Rabat,34.001741,-6.8457693,cafe
La Une,Rabat,34.0005106,-6.8465371,cafe
La Fournée,Rabat,33.9977822,-6.8485827,cafe
Oliveri,Rabat,33.9976795,-6.8484955,cafe
La Rose Verte,Rabat,34.0243178,-6.8304731,cafe
Cofeeshop Company,Rabat,33.9558937,-6.8663755,cafe
Aya Rosa,Rabat,33.9556091,-6.8663063,cafe
Starbucks,Rabat,33.9566443,-6.8676795,cafe
Miami Light,Rabat,33.9948633,-6.8503589,cafe
Café Benhammou,Rabat,34.0202529,-6.8450339,cafe
Venezia Ice,Rabat,33.9977697,-6.8481855,cafe
La Rive,Rabat,33.9974489,-6.8482591,cafe
Bert's,Rabat,33.9975563,-6.8479977,cafe
Terre de Glace,Rabat,34.0012609,-6.8499423,cafe
Café Badr,Rabat,34.0011897,-6.8499075,cafe
Café Kamaoufel,Rabat,34.001103,-6.8498646,cafe
Le Savarin,Rabat,33.9994358,-6.8465284,cafe
Zen Garden,Rabat,33.9979001,-6.8480774,cafe
Le Rocher,Rabat,33.9978536,-6.8478628,cafe
Café Concorde,Rabat,34.0202724,-6.8425154,cafe
Café la Tourterelle,Rabat,34.0012726,-6.8480836,cafe
La Diva,Rabat,34.0029614,-6.8496594,cafe
Casarina,Rabat,34.0041055,-6.8483331,cafe
La Tassa,Rabat,34.0037875,-6.8486979,cafe
Café de Paris,Rabat,34.0036785,-6.8488105,cafe
Fabiola,Rabat,34.0174879,-6.8271151,cafe
Abha,Rabat,34.0245064,-6.8447902,cafe
Perle Diamant,Rabat,34.0215612,-6.830985,cafe
Café Florida,Rabat,34.0215701,-6.8486008,cafe
Café au coin de la perle,Rabat,34.0191799,-6.8478221,cafe
Le Sablier,Rabat,34.0182945,-6.8473313,cafe
4You,Rabat,34.025619,-6.8452645,cafe
Guelzim,Rabat,34.0204392,-6.8367645,cafe
L'imperial,Rabat,33.9996923,-6.8486913,cafe
La Gafiera,Rabat,34.0085412,-6.8514521,cafe
La Piazza Verde,Rabat,33.9574329,-6.8726944,cafe
Almasjid,Rabat,33.957253,-6.8728792,cafe
Goss!p,Rabat,33.9573326,-6.872823,cafe
Café Fennick,Rabat,34.0321213,-6.8226597,cafe
La Deliciosa,Rabat,33.9915537,-6.8484737,cafe
la carré noir,Rabat,34.0191083,-6.8358451,cafe
bouregreg,Rabat,34.0242033,-6.8319921,cafe
Halinka,Rabat,34.0201996,-6.8350376,cafe
Carrion,Rabat,33.9602529,-6.868168,cafe
Café Ifrane,Rabat,33.9943787,-6.8184338,cafe
Nour Al Arab,Rabat,34.0083088,-6.8515226,cafe
Café Bahja,Rabat,34.0436492,-6.7963353,cafe
La petite duchesse,Rabat,34.0178894,-6.8344227,cafe
Smoothie Frais,Rabat,34.0183463,-6.8345388,cafe
Salon de thé Amoun Er Rachid,Rabat,34.0175462,-6.8349794,cafe
Venezia Ice,Rabat,33.9618936,-6.8664381,cafe
MY BOU,Rabat,34.0155962,-6.8303308,cafe
Fm,Rabat,34.043029,-6.782102,cafe
Tablit,Rabat,34.0209373,-6.8315358,cafe
Café Restaurant Taghazoute,Rabat,34.0238533,-6.8387819,cafe
Café Al Osra قهوة الأسرة,Rabat,34.0215976,-6.8508931,cafe
Café SaniDiana مقهى ساني ديانا,Rabat,34.0195008,-6.8494479,cafe
Café Des Lys,Rabat,34.0215465,-6.8472068,cafe
Ichbilia اشبيلية,Rabat,34.0220462,-6.7716797,cafe
مقهى سرايا,Rabat,34.0357782,-6.7870388,cafe
مقهى بيكولو,Rabat,34.0361923,-6.7866607,cafe
مقهى فلسطين,Rabat,34.0400059,-6.7849728,cafe
جولي فيراج,Rabat,33.9843209,-6.8075216,cafe
Café Ghita,Rabat,34.0208864,-6.8427846,cafe
مقهى لاتينا,Rabat,34.0389847,-6.7858294,cafe
مقهى اوتاوا,Rabat,34.0375515,-6.7860871,cafe
Café Rosalina مقهى روزالينا,Rabat,34.0366038,-6.7863542,cafe
مقهى دالي,Rabat,34.0415419,-6.7849697,cafe
مقهى أوتاوا,Rabat,34.0379238,-6.7859316,cafe
مقهى بريستيج,Rabat,34.0372101,-6.7860738,cafe
Ichwa,Rabat,34.0211977,-6.839708,cafe
Oliveri,Rabat,33.9879328,-6.8278849,cafe
Villa My Pearl,Rabat,33.9883906,-6.8516456,cafe
Nardine,Rabat,33.9416112,-6.8935466,cafe
Starbucks,Rabat,33.9957975,-6.8479807,cafe
Zumba,Rabat,33.9976366,-6.8477337,cafe
google,Rabat,33.9984731,-6.845378,cafe
Café Ritch,Rabat,34.0204481,-6.8508344,cafe
Cafe Hatim,Rabat,34.0022072,-6.8659736,cafe
Cafe Maher,Rabat,33.9943531,-6.8669526,cafe
Costa Del Cafe,Rabat,34.014819,-6.8531285,cafe
Café Karim,Rabat,34.0152525,-6.8505053,cafe
L 'Escargot,Rabat,34.0143056,-6.8510413,cafe
Le Large Café,Rabat,34.023407,-6.8519846,cafe
Glacier Café Patissier,Rabat,34.0238928,-6.8481208,cafe
Café Du Midi,Rabat,34.0119221,-6.8285434,cafe
Cafe Martima,Rabat,33.955396,-6.8652548,cafe
Bella Costa,Rabat,34.0068916,-6.8477212,cafe
La Petite Chaise,Rabat,34.0151303,-6.8545058,cafe
Café Joli Coin,Rabat,34.0148998,-6.8549004,cafe
Via Café,Rabat,33.9957673,-6.8494371,cafe
Au Jour Le Jour,Rabat,33.9952298,-6.8504329,cafe
Le Flamant Rose Cafe,Rabat,34.0008724,-6.8493131,cafe
Nour Cafe,Rabat,34.0047948,-6.8491656,cafe
Bio Cafe,Rabat,33.9858338,-6.8212853,cafe
Cafe Annahda,Rabat,33.9771936,-6.8209407,cafe
Café Florida,Rabat,34.0210145,-6.8478774,cafe
Cafe les Cinq H,Rabat,34.0397626,-6.8016154,cafe
Café ITALI مقهى إيطاليا,Rabat,34.0168935,-6.8349267,cafe
Café Bel Air,Rabat,33.9953091,-6.8201162,cafe
Café مقهى آدم,Rabat,33.9906928,-6.8154751,cafe
Miam - La petite brasserie,Rabat,33.9623895,-6.8646582,cafe
Café Shazine,Rabat,34.0212241,-6.8396191,cafe
Café Tamazight,Rabat,33.9915361,-6.8676639,cafe
dar diafa,Rabat,33.9218904,-6.8970794,cafe
Coffee Time,Rabat,33.9776824,-6.8168805,cafe
Ajax,Rabat,34.0245919,-6.7593854,cafe
Café El Baraka,Rabat,34.0174879,-6.7641407,cafe
Dipndip,Rabat,33.9543167,-6.8494526,cafe
Boumalek Patisserie Océan,Rabat,34.0202634,-6.8449581,cafe
Dounia,Rabat,34.0210639,-6.8433164,cafe
Kimos,Rabat,33.9949086,-6.8509818,cafe
F.café,Rabat,33.9973646,-6.844987,cafe
Café Galicia,Rabat,33.9635913,-6.8656215,cafe
Coffee House Company,Rabat,33.9896172,-6.8482449,cafe
Le Galapagos,Rabat,34.0011635,-6.8506742,cafe
Chichawa,Rabat,33.9908974,-6.8744289,cafe
ستاربكس,Rabat,34.0003715,-6.8569275,cafe
مقهى الموعد,Rabat,34.0345134,-6.8243357,cafe
La Table d'à Côté,Rabat,34.0180194,-6.8291722,cafe
Café Carrion,Rabat,33.9924418,-6.8474788,cafe
Meeting,Rabat,33.9868822,-6.8504739,cafe
Lily Gourmet,Rabat,33.9901181,-6.8518641,cafe
Café 7 fruits,Rabat,33.9946795,-6.8500893,cafe
Maeya Brunch,Rabat,34.0167984,-6.8318692,cafe
مقهى هابي داي,Rabat,33.9722953,-6.8831629,cafe
Café ZILIS,Rabat,33.967943,-6.8969979,cafe
مقهى التنس,Rabat,33.9680887,-6.8971666,cafe
مقهى لاكاشيت,Rabat,33.9677329,-6.8967321,cafe
سميرميس,Rabat,34.0465518,-6.7871148,cafe
Café Jannat de Hamza,Rabat,34.0247286,-6.8386468,cafe
اوليفيري,Rabat,33.9626325,-6.8656551,cafe
باربيرا,Rabat,33.9618062,-6.8657221,cafe
Luna Palace,Rabat,33.9803511,-6.8846693,cafe
Glacier,Rabat,34.015678,-6.836674,cafe
Cafe Zagoura,Rabat,33.9296822,-6.8899956,cafe
Mania Club Café,Rabat,34.0182886,-6.8481902,cafe
Boho,Rabat,34.0150951,-6.8369471,cafe
Marina Palms,Rabat,34.0276629,-6.8301854,cafe
Pietri Palace,Rabat,34.01737,-6.8299176,cafe
Café Crusty,Rabat,33.9918488,-6.8833825,cafe
Cafétéria Marché Central,Rabat,34.0227959,-6.8383811,cafe
Top Batido,Rabat,34.0158346,-6.834501,cafe
Dar el Karam Fatima,Rabat,34.0321495,-6.8352488,cafe
Traiteur Benbrahim,Rabat,33.9405135,-6.8946117,cafe
Club Aposto,Rabat,33.9913103,-6.8281138,cafe
Deep coffee,Rabat,34.0457364,-6.8056767,cafe
awal cafe,Rabat,34.0075592,-6.8450438,cafe
Vazzy's Cafe,Rabat,34.0027765,-6.8574423,cafe
cafécarrion,Rabat,33.9534305,-6.8803685,cafe
cafe barozas,Rabat,34.0172825,-6.8502934,cafe
Dar Mounia,Rabat,34.029533,-6.835859,cafe
Yoyorino,Rabat,34.0291308,-6.8244789,cafe
Café Carrion,Rabat,33.9510269,-6.8418155,cafe
Café mogador,Rabat,33.9296652,-6.8902533,cafe
Le Nautilus,Rabat,33.9938585,-6.8493701,cafe
Vittoria,Rabat,33.9923084,-6.8476138,cafe
Café,Rabat,33.9633975,-6.8662782,cafe
Café Be You,Rabat,33.9940759,-6.8470675,cafe
Café,Rabat,33.9612113,-6.8649562,cafe
Cafés Carrion,Rabat,34.0019609,-6.8578561,cafe
Café Hawaii,Rabat,34.0162809,-6.8346461,cafe
Café Le Calisson,Rabat,33.9879697,-6.8513309,cafe
Fratello,Rabat,33.9605071,-6.8673408,cafe
Nigela,Rabat,33.9609801,-6.8673953,cafe
Café RH,Rabat,33.9613496,-6.8656324,cafe
Café Carrion,Rabat,33.9612965,-6.864896,cafe
Café Lala,Rabat,33.9619583,-6.864707,cafe
Miam Petite Brasserie,Rabat,33.9618031,-6.8648657,cafe
Café Mia Luna,Rabat,34.0214259,-6.8308556,cafe
Mocaccino,Rabat,33.99571,-6.8791211,cafe
Café Jour à la Mer,Rabat,33.995468,-6.8789133,cafe
Ice Burg,Rabat,33.9957446,-6.8790902,cafe
Café Picardi,Rabat,33.9963779,-6.8784666,cafe
La vue de Rabat,Rabat,33.994364,-6.8804758,cafe
La porte de la mer,Rabat,33.9949115,-6.8798872,cafe
Café point de vue,Rabat,33.9952559,-6.8795344,cafe
Yogorino hay riad,Rabat,33.9534086,-6.8841129,cafe
Matchai,Rabat,33.9967904,-6.847502,cafe
La Minaudière,Rabat,33.9890746,-6.8286152,cafe
Cedric Graulet,Rabat,33.9596719,-6.8736545,cafe
Café Ahl Fès,Fès,34.0574046,-5.0312894,cafe
Scorpion du desert,Fès,34.0622496,-4.9821416,cafe
Café El Waha,Fès,34.0439607,-5.0039229,cafe
La Renaissance,Fès,34.0380331,-4.9979805,cafe
Kirawane,Fès,34.0440652,-5.0004026,cafe
Cafe Victorine,Fès,34.0351562,-4.9989564,cafe
Cafe Jazirat Laila,Fès,34.0158041,-4.9701262,cafe
Café Memory,Fès,34.0090671,-4.9791671,cafe
Café Salah,Fès,34.017961,-5.0531319,cafe
Dias,Fès,34.0187561,-5.0262161,cafe
Laiterie Ben hayoun,Fès,34.0108497,-4.9769303,cafe
Café la Première Tasse,Fès,34.0187237,-5.0494001,cafe
Chez Yazid,Fès,34.0085165,-5.0278912,cafe
Café arrahma مقهى الرحمة,Fès,34.0100338,-5.028054,cafe
Café Diamant de Amazon مقهى جوهرة الامازون,Fès,34.0082076,-5.0284889,cafe
Café paris مقهى باريس,Fès,34.0080211,-5.0289725,cafe
Café my way مقهى ماي واي,Fès,34.0078061,-5.0292899,cafe
Paul,Fès,34.0312118,-5.0087176,cafe
Café Vertona,Fès,34.0112049,-5.0228099,cafe
Café Megador مقهى ميغاضور,Fès,34.0069009,-5.0097547,cafe
مقهى رامي امي,Fès,34.0048669,-5.0451777,cafe
Cafe barbados,Fès,34.0079089,-4.9687312,cafe
Café Challenger,Fès,34.0079646,-4.9782702,cafe
snack zamzam سناك زمزم,Fès,34.0095845,-5.0256847,cafe
Blanco بلانكو,Fès,34.0017439,-5.0106601,cafe
Café dima zen مقهى ديما زين,Fès,34.0151976,-5.0207031,cafe
Cafe 5/5,Fès,34.045231,-4.9977661,cafe
Sabah,Fès,34.0465571,-4.9975204,cafe
Cafe mouritanie مقهى موريطانيا,Fès,34.0436457,-4.9982275,cafe
Café florance,Fès,34.0426163,-4.9990291,cafe
Cafe lafiat,Fès,34.0443527,-4.9976522,cafe
Café Monte Carlo,Fès,34.0433216,-4.9984497,cafe
Café Leonardos,Fès,34.0449192,-4.9980087,cafe
Café Brasilia مقهى برازيليا Café Brasilia,Fès,34.0446464,-4.9974143,cafe
Cafe zagzouti مقهى الزكزوتي,Fès,34.0440292,-4.9979382,cafe
Café Riad,Fès,34.0392789,-5.0016567,cafe
Café Belle Amore,Fès,34.0387934,-5.002073,cafe
Café Baghdad,Fès,34.039351,-5.0016,cafe
Cafe Ampire,Fès,34.0443037,-4.9976921,cafe
Café Regency,Fès,34.0390636,-5.0018347,cafe
Café les palmier,Fès,34.0395472,-5.0014278,cafe
Café le pole,Fès,34.0410661,-5.0002523,cafe
Tcheken international,Fès,34.0389358,-5.0019766,cafe
Café jawhara,Fès,34.0410556,-5.0011874,cafe
Café la fontaine مقهى الخصة,Fès,34.0448807,-4.9973031,cafe
Café Monza,Fès,34.0590307,-5.0262732,cafe
Café Cinq Cinq,Fès,34.0550295,-5.0263432,cafe
Café Etoile El Hadika,Fès,34.0580032,-5.0306155,cafe
ESTONIA,Fès,34.0062046,-4.9677366,cafe
Cafe miroire,Fès,34.0339184,-5.004895,cafe
Café maki,Fès,34.0337979,-5.0050427,cafe
Cafe Michael,Fès,34.0443094,-4.9986524,cafe
Aroma espresso,Fès,34.043054,-4.997697,cafe
Casse-croute,Fès,34.0428409,-4.9978614,cafe
Café Dina مقهى دينا,Fès,34.0332688,-5.0054344,cafe
Café odragao,Fès,34.0427376,-4.9979552,cafe
Café Floria,Fès,34.0425332,-4.9980943,cafe
Cafe nouvelles etoiles,Fès,34.0439325,-4.9988189,cafe
Cafe Tunis,Fès,34.0439451,-4.9988415,cafe
Café La Menthe,Fès,34.0410249,-4.9977605,cafe
Cafe Le Carlton,Fès,34.0315349,-5.0073374,cafe
café Al Madar,Fès,34.0156436,-4.9745274,cafe
Café cocktail dream,Fès,34.0341955,-5.005428,cafe
Zahrat Fès,Fès,34.0434132,-4.9993329,cafe
Café Floria,Fès,34.0420127,-4.9988027,cafe
Cafe les Ambassadeurs,Fès,34.0427008,-5.0001182,cafe
Café Aswan,Fès,34.0351038,-5.0047198,cafe
Café la breva,Fès,34.0353511,-5.0044977,cafe
Cafe naamane abyad,Fès,34.0432756,-5.0001109,cafe
Café Manara,Fès,34.0421379,-4.9974071,cafe
Crémier tajeddin,Fès,34.0432825,-5.0004344,cafe
Cafe italie,Fès,34.0429991,-5.0004823,cafe
Café L'instant Asiatique,Fès,34.0354916,-5.0087281,cafe
Cafe aljawda,Fès,34.0429774,-5.0005037,cafe
Cremerie,Fès,34.0403604,-4.9972962,cafe
Café Smart,Fès,34.0403475,-4.9974028,cafe
Cafe Petite croute,Fès,34.0426117,-5.0008014,cafe
Crémerie,Fès,34.039384,-4.9988043,cafe
Café marignan,Fès,34.0390921,-4.9987257,cafe
Café oumnia,Fès,34.0394189,-4.9973289,cafe
Crémier figuguia,Fès,34.042774,-4.9996772,cafe
mamounia,Fès,34.0395235,-4.9998228,cafe
Resto Mexico,Fès,34.0349032,-5.0077786,cafe
Café Volubilis,Fès,34.0405583,-4.9966283,cafe
Café Mirador,Fès,34.0410919,-4.9966819,cafe
Cafe ahlan,Fès,34.0425468,-5.0015311,cafe
Café Espace FreeTime,Fès,34.0412349,-4.9966835,cafe
Tipico Pizza,Fès,34.036744,-5.006388,cafe
Café Rock'nrrou,Fès,34.0368112,-5.0064871,cafe
Café restaurant du centre,Fès,34.0388238,-4.998544,cafe
Café la villa مقهى لافيلا,Fès,34.0261821,-5.0141193,cafe
La villa,Fès,34.0261672,-5.0140931,cafe
Café Istamboul,Fès,34.0422816,-4.9967407,cafe
Café al khattabi,Fès,34.0384065,-4.9984672,cafe
Cafe restaurant Florence,Fès,34.0418755,-5.0008142,cafe
Café baby alhara,Fès,34.0428191,-4.9965793,cafe
Café Palace,Fès,34.0430405,-4.9966058,cafe
Cafe la concorde,Fès,34.0421776,-5.0013265,cafe
Le Rocoin,Fès,34.0347518,-5.0091162,cafe
Café,Fès,34.034841,-5.008877,cafe
Cafe wislane,Fès,34.0424832,-5.0018799,cafe
Cafe la foire,Fès,34.0425517,-5.0019834,cafe
Café O'Square,Fès,34.0343059,-5.008818,cafe
Patisserie Rosalie,Fès,34.0378885,-5.0073052,cafe
Café jnan arraha,Fès,34.0406348,-4.9964246,cafe
Cremerie,Fès,34.0405185,-4.9964198,cafe
Le bistro,Fès,34.0393357,-4.9999877,cafe
La comédie,Fès,34.0416577,-5.0022764,cafe
Café syrnos,Fès,34.0383338,-4.9992051,cafe
Laiterie adoik fes,Fès,34.0426511,-5.0014557,cafe
Ahram cafe,Fès,34.0427022,-5.0014201,cafe
Café Coin d'artiste,Fès,34.0408374,-4.9978285,cafe
La table du chef,Fès,34.0386351,-5.003755,cafe
Malongo,Fès,34.0310797,-5.0058099,cafe
L'as palace,Fès,34.0416387,-5.0036772,cafe
Crémier cocktail,Fès,34.0421702,-5.0036035,cafe
Cafe Universal,Fès,34.0308564,-5.0054075,cafe
Café club snac,Fès,34.0304368,-5.0045863,cafe
Café Himalaya,Fès,34.0440331,-5.0032491,cafe
Café Agdal,Fès,34.0439295,-5.0035938,cafe
Café Zalagh,Fès,34.044141,-5.0037003,cafe
Laitiere,Fès,34.0219601,-4.9937672,cafe
Café Bilez,Fès,34.0308749,-5.00791,cafe
Café Sahara,Fès,34.0438505,-5.0038734,cafe
Crémerie Khayrat,Fès,34.0435284,-5.0036476,cafe
Café Cortoba,Fès,34.0434654,-5.0036256,cafe
Café Opera,Fès,34.0456027,-5.004732,cafe
Café Mega,Fès,34.0455088,-5.0046036,cafe
Café Walima,Fès,34.0452766,-5.0044932,cafe
Café Friouato,Fès,34.0449301,-5.0043258,cafe
Clubs Cafe Snack,Fès,34.0318491,-5.0066733,cafe
Divels Coffee pool,Fès,34.0381983,-4.9991673,cafe
Zanzibar café,Fès,34.0383862,-4.9984143,cafe
Café Ghizlane,Fès,34.0454854,-5.0039863,cafe
Café Al Karam,Fès,34.0461862,-5.0030898,cafe
Café Coin Serein,Fès,34.0462661,-5.0027606,cafe
Café Atalis,Fès,34.0460456,-5.0033723,cafe
Cafe zahrat al jabal,Fès,34.0382171,-5.0052128,cafe
Café Ghizlane,Fès,34.045925,-5.0040192,cafe
Bleu Babel,Fès,34.0391259,-5.0068976,cafe
Café Central Parc مقهى الحديقة المركزية,Fès,34.038635,-4.9971388,cafe
Café Palmiras,Fès,34.0383209,-4.9957469,cafe
Cremerie Malibu fruit,Fès,34.0383249,-4.995632,cafe
Cremerie Abderrazak,Fès,34.0383281,-4.9955687,cafe
Cafe l'Avenue,Fès,34.0402927,-5.0090923,cafe
Café Happiness,Fès,34.0456343,-5.0030196,cafe
Jus de Fruits Verginia,Fès,34.0423564,-5.0038167,cafe
Jus de fruits Copa Cabana,Fès,34.0422696,-5.0039198,cafe
Crémerie Palais,Fès,34.0421727,-5.0040229,cafe
El Houria Cocktail,Fès,34.0421387,-5.0040608,cafe
Cocktail Taiba,Fès,34.0420232,-5.0041727,cafe
Crémerie Hawaï,Fès,34.0419589,-5.0042313,cafe
Cocktail In0,Fès,34.0419217,-5.0042717,cafe
Café Glacier Lydia,Fès,34.0415182,-5.0041945,cafe
Café Mamouchka,Fès,34.0415889,-5.0045642,cafe
Café Misbah,Fès,34.0421006,-5.0044182,cafe
Café restaurant Le paname palace,Fès,34.0384378,-4.995229,cafe
Café L'Empereur,Fès,34.0403405,-4.9941212,cafe
Cafe Cesar,Fès,34.040224,-5.009455,cafe
Cafe amaklne,Fès,34.040194,-5.0094728,cafe
Café Sbens,Fès,34.0416608,-4.9951,cafe
Cafe la lune,Fès,34.0386756,-5.0096806,cafe
Café  Bar Dalila,Fès,34.0395525,-4.9988846,cafe
Crémerie,Fès,34.0392859,-4.9987547,cafe
Café Étoile de Fes,Fès,34.0412302,-4.9947278,cafe
Gelateria Roma,Fès,34.038694,-5.0099066,cafe
Café Jawharat,Fès,34.0404816,-4.9950993,cafe
Café Flamingo,Fès,34.0395141,-5.0062636,cafe
Café Buenas,Fès,34.0408806,-5.0079454,cafe
Café Salmane,Fès,34.0415729,-5.0071801,cafe
Café Oued Dahab,Fès,34.0419497,-5.0069859,cafe
Café Top Town,Fès,34.0425172,-5.0065474,cafe
Laitiere Alej Aadimatik,Fès,34.0426279,-5.0064511,cafe
Café Sémiramis Tachi Mohammed,Fès,34.0435219,-5.0057069,cafe
Laitiere Lamkadem Mbarek,Fès,34.0441785,-5.0055512,cafe
Laitiere Khayrate,Fès,34.0454422,-5.0053043,cafe
Café Jaouda,Fès,34.0452924,-5.0053474,cafe
Agora café,Fès,34.0195846,-4.9871055,cafe
Crémerie al ikram,Fès,34.0346122,-4.9975675,cafe
Crémerie Classico,Fès,34.0413347,-5.0078308,cafe
Crémerie Faissal,Fès,34.040593,-5.0083755,cafe
Café Nil,Fès,34.0403211,-5.0085876,cafe
Cremerie Lahcica,Fès,34.0322702,-5.021166,cafe
Café Rajae,Fès,34.0318148,-5.0218106,cafe
Cremerie le Palais,Fès,34.0318985,-5.0216927,cafe
Cremerie Venerdie,Fès,34.0296347,-5.0228106,cafe
Venizia restaurant,Fès,34.0422072,-5.0013872,cafe
Café Miami,Fès,34.0290389,-5.0241749,cafe
Laitière,Fès,34.0390914,-4.9984439,cafe
Café L' Alliance,Fès,34.0283412,-5.0254385,cafe
Café Caraibi,Fès,34.0282637,-5.025535,cafe
Cremerie Bismillah,Fès,34.0290589,-5.0238301,cafe
Café marhaba,Fès,34.0396976,-4.9987508,cafe
Café Le Myrthe,Fès,34.0447693,-5.0043645,cafe
Crémerie lhaj thami,Fès,34.039296,-4.9985922,cafe
Crémerie,Fès,34.0395119,-4.9986904,cafe
Crémerie,Fès,34.03937,-4.9986185,cafe
Crémerie,Fès,34.0394496,-4.9986574,cafe
Café Stella,Fès,34.0446021,-5.0048658,cafe
Café Iceberg Berg,Fès,34.0387117,-5.0037316,cafe
Café bouquet,Fès,34.0393193,-5.0039147,cafe
Café Yassmine مقهى ياسمين,Fès,34.0237598,-5.0059838,cafe
Café Zahrat Tghat,Fès,34.0515537,-5.0356274,cafe
Café Regina,Fès,34.0518687,-5.0357371,cafe
Café Cybelle Palace,Fès,34.053883,-5.0262709,cafe
Bouanane بوعنان,Fès,34.0247923,-5.0045267,cafe
Café glory,Fès,34.0384796,-4.9977428,cafe
Café Amiga,Fès,34.0413747,-5.0025106,cafe
Café Tour D' argent ave,Fès,34.037604,-4.9993597,cafe
Pâtisserie la renaissance,Fès,34.0390809,-4.998529,cafe
Cafe la momie,Fès,34.0398004,-5.0075077,cafe
Cafe soussi,Fès,34.043275,-4.9994468,cafe
Café Reda,Fès,34.013439,-4.9712301,cafe
Perfecto,Fès,34.0494421,-5.0350459,cafe
Café Lixus,Fès,34.0426913,-5.0039766,cafe
Café le votre,Fès,34.03764,-4.9977703,cafe
Café saiss,Fès,34.0374653,-4.9977373,cafe
Cafe abir palace,Fès,34.0399117,-5.0083587,cafe
Laitiere Nour,Fès,34.0437905,-5.0040733,cafe
Café Al khozama,Fès,34.037296,-4.9991565,cafe
Café Peacock,Fès,34.0375014,-4.9987254,cafe
Café kods,Fès,34.0329617,-5.025012,cafe
Cremerie,Fès,34.0329051,-5.0248987,cafe
Café Aji,Fès,34.0391408,-5.0090695,cafe
Café de refuge club,Fès,34.0375266,-4.9985236,cafe
Café Le Panaché Lahlou Nabil Abdelfattah,Fès,34.0424477,-5.0045305,cafe
Café Yasmine,Fès,34.0319619,-5.024101,cafe
Café California,Fès,34.0377124,-4.9972107,cafe
Laitière,Fès,34.0298774,-5.0242046,cafe
Café Golden Palace,Fès,34.0416917,-5.004958,cafe
Café Le Menarit,Fès,34.0282954,-5.0257634,cafe
Café Zohour,Fès,34.0141524,-4.9861593,cafe
Cristal,Fès,34.0376006,-4.9981428,cafe
Café Elysée,Fès,34.0379021,-4.9961526,cafe
Café Borj Al Arab,Fès,34.0417064,-5.0065037,cafe
Café Restaurant,Fès,34.0380728,-4.9954282,cafe
Café palmira,Fès,34.0382498,-4.9948758,cafe
Café d'ors,Fès,34.038928,-4.9936644,cafe
La noblesse fassi,Fès,34.0343632,-4.9973989,cafe
Laitiere Maiji Abdelaziz,Fès,34.0398545,-5.0049032,cafe
Café pâtisserie,Fès,34.0369032,-4.9970755,cafe
Café Ramsisse palace,Fès,34.0377793,-5.0000599,cafe
Cremerie,Fès,34.0364678,-4.9969531,cafe
Cremerie Amal,Fès,34.0364255,-4.9969362,cafe
Café Les Poettes,Fès,34.0428292,-5.0122784,cafe
Café El Yamama,Fès,34.042983,-5.0119563,cafe
Café Top Snooker,Fès,34.0430364,-5.0116027,cafe
Café Escale Fes,Fès,34.0428271,-5.0121667,cafe
Café Top Classico,Fès,34.0429052,-5.0120855,cafe
Café mimousa,Fès,34.0404007,-5.0086914,cafe
Café univers,Fès,34.0406135,-5.0090885,cafe
Café flamingo,Fès,34.0410132,-5.0104144,cafe
Café Diwane Palace,Fès,34.042593,-5.0102946,cafe
Café El Bacha Palace,Fès,34.0419356,-5.0085809,cafe
Café Perlatino,Fès,34.0390071,-5.0045711,cafe
Crémerie Sweet Palace,Fès,34.0391869,-5.0044196,cafe
Café Iris,Fès,34.0385877,-5.0048722,cafe
Laitiere Souad,Fès,34.0391017,-5.0043197,cafe
Monalisa,Fès,34.0370846,-4.9996455,cafe
Café Napolitan,Fès,34.0392073,-5.0042399,cafe
Crémerie Belvédère,Fès,34.0401062,-5.018962,cafe
Café valida,Fès,34.0409926,-5.0110723,cafe
Café Le Parrain,Fès,34.0392409,-5.0050692,cafe
Café Babylon,Fès,34.0395633,-5.0055677,cafe
Café et Salle des Jeux Seven Lamsaffer,Fès,34.0389519,-5.0048556,cafe
Cremerie Cactus,Fès,34.0320098,-5.0237978,cafe
Café sarakosta,Fès,34.0319509,-5.0240032,cafe
Cremerie,Fès,34.0329917,-5.0251462,cafe
Fez Café,Fès,34.0614133,-4.9787162,cafe
Les Deux Magots,Fès,34.0361799,-4.996802,cafe
Cafe safia,Fès,34.04011,-5.0298903,cafe
Crémerie le coin lyaakoubi,Fès,34.0400889,-5.0292796,cafe
Cafe Epie D'or,Fès,34.040216,-5.0296563,cafe
Cafe tabiaa,Fès,34.0398404,-5.0311247,cafe
Crémerie jalila,Fès,34.0398277,-5.0311811,cafe
Cafe quadissiya,Fès,34.0396732,-5.032113,cafe
Café Visa,Fès,34.0410741,-5.0088535,cafe
Café Cup Sud,Fès,34.0370998,-4.9973832,cafe
Cremerie Bijou,Fès,34.0370798,-4.9975185,cafe
Café Rotterdam,Fès,34.0416389,-5.0083045,cafe
Crémerie,Fès,34.041561,-5.00838,cafe
Cremerie Moulay Driss,Fès,34.0265054,-5.021592,cafe
Café Le kitch,Fès,34.0279663,-5.0226283,cafe
Café Kawtar,Fès,34.0363111,-4.9962918,cafe
Café Istoria,Fès,34.036355,-4.9960678,cafe
Laitiere El Anouar Loudiyi Anouar,Fès,34.0416417,-5.0107563,cafe
Laitiere Slaoui Berrada Rajae,Fès,34.0418634,-5.0104078,cafe
Laitier et gâteau anoir,Fès,34.0399514,-5.0289089,cafe
Crémier saida,Fès,34.03984,-5.0289059,cafe
Cremerie,Fès,34.026626,-5.0244181,cafe
Laitiere Maroua Ben Addou Idrissi Rachid,Fès,34.0417109,-5.0120375,cafe
Crémier errabie,Fès,34.0395927,-5.0292698,cafe
Cafe Galacya,Fès,34.0394807,-5.0292672,cafe
Crémier el arjane,Fès,34.0392815,-5.0292472,cafe
Crémerie El Mourtaoui Fouad,Fès,34.0417274,-5.0118601,cafe
Thé habibi café,Fès,34.035945,-4.9999386,cafe
Laitière Zouhir,Fès,34.0349342,-5.0236548,cafe
Cremerie,Fès,34.0351878,-5.0233942,cafe
Café,Fès,34.0367491,-4.9986361,cafe
Café,Fès,34.0366877,-4.9988177,cafe
Café hamza,Fès,34.0368956,-4.9981746,cafe
Laitière,Fès,34.0358471,-5.0245259,cafe
Crémerie la famille,Fès,34.0369611,-4.9979964,cafe
Nile Nine,Fès,34.0333783,-4.9946673,cafe
Café anoual,Fès,34.0354903,-4.997884,cafe
Café Rania,Fès,34.0397849,-5.031794,cafe
Café Lario,Fès,34.0071974,-5.033094,cafe
Café Agdal,Fès,34.0415178,-5.0133364,cafe
Café Petit Nid,Fès,34.0420773,-5.011777,cafe
Crémerie My Driss Idrissi Ketouni,Fès,34.042332,-5.0118397,cafe
Café Brini Hassan,Fès,34.0424162,-5.0118698,cafe
Café Inside,Fès,34.0352249,-4.9948044,cafe
Café La Coupole Amakrane Amrou et Mohammed,Fès,34.0420728,-5.0130409,cafe
Café De Paris Oukili Karti Rachid,Fès,34.0423233,-5.0127791,cafe
Café la rosie,Fès,34.0359718,-5.0290472,cafe
Cremerie El ihssan,Fès,34.0263873,-5.0044176,cafe
Laiterie anouar,Fès,34.0353854,-4.9989549,cafe
IZMIR,Fès,34.0444549,-5.0100303,cafe
Café El Mondo,Fès,34.0445312,-5.0097029,cafe
Laiterie,Fès,34.0366338,-5.0282737,cafe
Café la Girand,Fès,34.0352874,-4.9954069,cafe
Café Nzala Forever,Fès,34.0364202,-4.9957061,cafe
Panaché,Fès,34.0339797,-4.9940514,cafe
Café Calèche d'or,Fès,34.0364628,-4.9955661,cafe
Café Maria Palace,Fès,34.0361592,-4.995502,cafe
Café Sabah,Fès,34.024626,-5.0054423,cafe
Café Riad,Fès,34.024469,-5.0055423,cafe
Café Étoile,Fès,34.045534,-5.0052198,cafe
Crémerie Les Voyageurs,Fès,34.0455813,-5.0049739,cafe
Laborieuse,Fès,34.0319374,-4.9943358,cafe
Café Yasmine,Fès,34.023893,-5.0058763,cafe
Café essalam,Fès,34.0307165,-4.9935258,cafe
Cafe odyssee,Fès,34.0359461,-5.000954,cafe
Café Teatros,Fès,34.0381351,-4.9932627,cafe
Café Venizia Ice,Fès,34.0387856,-4.9933699,cafe
Café Google,Fès,34.0327858,-4.9923296,cafe
Café Verre D'or,Fès,34.0220199,-5.0069744,cafe
Café Star Essaada,Fès,34.0218721,-5.0070437,cafe
Café Menzah,Fès,34.021232,-5.0070358,cafe
Café Ritz,Fès,34.0442789,-5.0062104,cafe
Café Reda,Fès,34.0438937,-5.0071174,cafe
Rocan Bleu,Fès,34.0330033,-4.9940723,cafe
Étoile de l'Atlas,Fès,34.0330335,-4.9937077,cafe
Café Brawn,Fès,34.0199377,-5.0067704,cafe
Cremerie Ibno Batouta,Fès,34.0183881,-5.006599,cafe
Café Abitjanise,Fès,34.0182842,-5.0066198,cafe
Grego delice,Fès,34.0302435,-4.9928215,cafe
Café Lavida,Fès,34.0180564,-5.0067678,cafe
Café gruzni,Fès,34.0309129,-4.9933283,cafe
Café shiran palace,Fès,34.0311761,-4.9934173,cafe
Laiterie ennour,Fès,34.0317071,-4.9938117,cafe
Café Mozart,Fès,34.0151392,-5.0074262,cafe
L' Arc de Triomphe,Fès,34.0147573,-5.0076021,cafe
Café La Nation,Fès,34.0434746,-5.0081162,cafe
Laitiere Ghizlane,Fès,34.0434853,-5.0065158,cafe
Les Canarier,Fès,34.0146557,-5.0073042,cafe
Laitière,Fès,34.0320899,-4.9936086,cafe
Café La Montana,Fès,34.0160266,-5.0069831,cafe
Café New Balima,Fès,34.0322739,-4.9921065,cafe
Café la belle vie,Fès,34.0327248,-4.9906636,cafe
Café Noumidia,Fès,34.0330341,-4.9904606,cafe
Cremerie El Mahi,Fès,34.0171063,-5.006713,cafe
Café chatie,Fès,34.0285008,-4.9933338,cafe
Café Zarhoune,Fès,34.0353461,-4.9906236,cafe
Ville venisia,Fès,34.0334301,-5.0550508,cafe
Pioche icecram,Fès,34.0180636,-5.0065044,cafe
Marbella Palace,Fès,34.0181847,-5.0064844,cafe
Café Espace Minissa,Fès,34.0334718,-4.9907238,cafe
Café Festina Palace,Fès,34.0450712,-5.0067543,cafe
Café Tahiti,Fès,34.0329371,-4.9907664,cafe
Café Bendrom,Fès,34.0323312,-4.9931113,cafe
Laitière,Fès,34.0200582,-5.0065601,cafe
Café Ocean,Fès,34.0206128,-5.0066578,cafe
Cremerie Rayan,Fès,34.0207342,-5.006691,cafe
Café Sky Club,Fès,34.0223365,-5.006553,cafe
Café Lily à pol,Fès,34.0302774,-4.9920845,cafe
Laitière lido,Fès,34.0341282,-4.9902516,cafe
Café Diamand Saada,Fès,34.0228658,-5.0061404,cafe
Café Gloria,Fès,34.0230918,-5.006038,cafe
Cafe Arabica,Fès,34.0240448,-5.0054924,cafe
Cremerie Florida,Fès,34.0258297,-5.0045038,cafe
Crémier senhaji moumen,Fès,34.0341886,-4.9977865,cafe
Café Mitropoul,Fès,34.0333172,-4.989569,cafe
Café Athene,Fès,34.0264159,-5.0040131,cafe
Hazer baba,Fès,34.0326789,-4.9953019,cafe
Berber cafe on roof terrace,Fès,34.0643538,-4.9736784,cafe
Café cremerie L'esperance,Fès,34.0302643,-4.9993856,cafe
Laitiere El Karam Bahij M'hamed,Fès,34.0432557,-5.0090194,cafe
Café Calabria,Fès,34.0439259,-5.0093179,cafe
Café Bonjour,Fès,34.0337421,-4.9890867,cafe
Cafe Le Melting pot,Fès,34.0306734,-4.9989577,cafe
Café Aviation,Fès,34.0344857,-4.9889182,cafe
Café La Boussole,Fès,34.0427345,-5.0105666,cafe
Café El Manara Vert,Fès,34.0342888,-4.989102,cafe
Laiterie marmoucha,Fès,34.0315269,-4.9944674,cafe
Café Adam,Fès,34.0281507,-4.9933925,cafe
Laiterie,Fès,34.0284156,-4.994019,cafe
Café drugstore,Fès,34.0301691,-4.983606,cafe
Café Les Fleurs,Fès,34.0294868,-4.9820621,cafe
Crémerie,Fès,34.030551,-4.9939547,cafe
Cremerie,Fès,34.0290313,-4.9775188,cafe
Café la tasse,Fès,34.0313442,-4.9951702,cafe
Café Best Time,Fès,34.0221574,-5.0114696,cafe
Café La Capsule Sbai Regragui Mounia,Fès,34.0214871,-5.0078429,cafe
Crémerie Andalous,Fès,34.0218218,-5.0100114,cafe
Café Salcido,Fès,34.0221416,-5.011595,cafe
Café Nantes,Fès,34.0218954,-5.0105503,cafe
Café Aquario,Fès,34.0221697,-5.0117336,cafe
Café najm,Fès,34.0308625,-4.995053,cafe
Laitiere Moutaouakkil Driss,Fès,34.0216691,-5.0088075,cafe
Café Krouna,Fès,34.0217376,-5.0095702,cafe
Café Al Hawdaj,Fès,34.0217965,-5.0098044,cafe
Café French Club 2,Fès,34.0213766,-5.0073772,cafe
Café New Relax,Fès,34.0224736,-5.0124358,cafe
Café Dambloise,Fès,34.0226522,-5.0129034,cafe
Café Cappella,Fès,34.0441374,-4.9880426,cafe
Cremerie,Fès,34.0427964,-4.9864725,cafe
Café Aya,Fès,34.0401451,-4.9901502,cafe
Laitière El Massira,Fès,34.0425691,-4.9863287,cafe
Cremerie Abir,Fès,34.0404919,-4.9891168,cafe
Café la Brisa,Fès,34.0291654,-4.9914864,cafe
Café haitam,Fès,34.0282605,-4.9942023,cafe
Cremerie,Fès,34.0276303,-4.9893657,cafe
Café Al Andalous,Fès,34.026815,-4.9869917,cafe
Laitière zahrae,Fès,34.0267691,-4.9874536,cafe
Laitière alkheir,Fès,34.0264145,-4.9867704,cafe
Café Images L'astree,Fès,34.026927,-4.988727,cafe
Crémerie Ziad,Fès,34.024886,-5.0181391,cafe
Café Le Barron,Fès,34.0219114,-5.0116899,cafe
Café El Khalil,Fès,34.0225858,-5.013459,cafe
Café Malaika Hsinou Abdelilah,Fès,34.0254312,-5.0192149,cafe
Café Chourafa,Fès,34.0245012,-5.0178403,cafe
Café Normandie,Fès,34.0242022,-5.0172092,cafe
Café pyramisa,Fès,34.0213768,-4.9826156,cafe
Cafe Baydir,Fès,34.0210126,-4.9833401,cafe
Café El Karam,Fès,34.020356,-4.9846849,cafe
Le 33,Fès,34.0202119,-4.9849924,cafe
Cremerie,Fès,34.0232309,-5.006433,cafe
Cremerie Aziza,Fès,34.0206119,-4.9871954,cafe
Cremerie El firdaws,Fès,34.0228174,-4.9885013,cafe
Café la musée,Fès,34.0234514,-4.9888861,cafe
Laiterie atlas,Fès,34.0307942,-4.9948339,cafe
Laiterie alami,Fès,34.0309877,-4.9948614,cafe
Bousbata Mohammed Sghir et Driss Mahfoud El Khalfaoui,Fès,34.0205848,-5.0047198,cafe
Laitiere Ibn Al Atir,Fès,34.0201947,-5.003306,cafe
Café Le 64,Fès,34.0202153,-5.0030353,cafe
Cafe la coste,Fès,34.0249557,-4.9897999,cafe
Laiterie el fassia,Fès,34.0314328,-4.9949014,cafe
Laiterie moulay driss,Fès,34.0314963,-4.9949081,cafe
Laitiere El Amrani,Fès,34.0220899,-5.0137551,cafe
Cafe Aliona,Fès,34.0382454,-5.004994,cafe
Café Sandriyo,Fès,34.0201093,-5.0119608,cafe
Crémerie Al Baraka,Fès,34.0198121,-5.0143963,cafe
Laitiere El Farah,Fès,34.0215754,-5.0136889,cafe
Crémerie La Petite Perle,Fès,34.0195515,-5.013975,cafe
Café La Vana Bouhlal Bouchta,Fès,34.0210136,-5.0145425,cafe
Café Coral Fes,Fès,34.0207955,-5.0140095,cafe
Café Get Set,Fès,34.0199145,-5.0115226,cafe
Crémerie Ennaim,Fès,34.0194478,-5.0140095,cafe
Laitiere Abou Al Karam,Fès,34.0201219,-5.0142825,cafe
Cremerie Al Akhawayne,Fès,34.0256686,-5.006873,cafe
Café Nourat,Fès,34.018005,-5.0194868,cafe
Cremerie Kings & Youngs,Fès,34.0162375,-5.006245,cafe
Laiterie Adrouji,Fès,34.0165756,-5.0059415,cafe
Cafe classico,Fès,34.0174465,-5.0051761,cafe
Del Man Cafe,Fès,34.0164148,-5.0058648,cafe
Cafe Touiti,Fès,34.0177713,-5.0047154,cafe
Cafe DVD,Fès,34.0183111,-5.0043301,cafe
Manhattan,Fès,34.0205417,-5.0025755,cafe
Oberoi,Fès,34.0200422,-5.0030377,cafe
Laitiere Badr,Fès,34.0217969,-5.0174232,cafe
Café Abdou,Fès,34.0234871,-5.0266262,cafe
Crémerie La Buvette,Fès,34.0238728,-5.026706,cafe
Café Barbecue House,Fès,34.0236174,-5.0162036,cafe
Café Lina Nova,Fès,34.018525,-5.0205552,cafe
Café Champs-Elysées,Fès,34.0196486,-5.0182642,cafe
Café Luxor,Fès,34.0196834,-5.0180017,cafe
Café Arabesc Ahl Fes,Fès,34.0197253,-5.0229323,cafe
Café Half Moon,Fès,34.0195881,-5.0184454,cafe
Crémerie Société Gzira,Fès,34.0235112,-5.0162578,cafe
Laitiere Senhaji Mohammed,Fès,34.0225572,-5.0164304,cafe
Café Veroca,Fès,34.017466,-5.0167367,cafe
Café Lool Pool,Fès,34.016731,-5.0165294,cafe
Café Destinia,Fès,34.0204229,-5.0239841,cafe
Café Palmiras,Fès,34.0218838,-5.0254999,cafe
Café Room 147,Fès,34.0173654,-5.0168168,cafe
Café La Brise Rouen,Fès,34.0234154,-5.02018,cafe
Café & You Club,Fès,34.0187376,-5.0144825,cafe
Crémerie 33 Michigan,Fès,34.018309,-5.0131048,cafe
Café Costa Serena Société Nor Concept,Fès,34.0236187,-5.0206773,cafe
Café Bismillah,Fès,34.0218506,-5.0093076,cafe
Cafe Nour,Fès,34.0231197,-5.009089,cafe
Café Atlas,Fès,34.0319699,-4.994993,cafe
Laiterie ghazala,Fès,34.0323998,-4.995215,cafe
Café Rex,Fès,34.0323108,-4.9952288,cafe
Cremerie champ de fruit,Fès,34.0146191,-5.000925,cafe
Café la calise,Fès,34.0143698,-5.0017964,cafe
Cremerie Salade de fruits Zouine,Fès,34.0144804,-5.0014743,cafe
Café Oscar,Fès,34.0143185,-5.0019589,cafe
Café Vip,Fès,34.0142782,-5.0021354,cafe
Café al fakhir,Fès,34.0329203,-4.9968123,cafe
Crémerie argana,Fès,34.0330506,-4.9963343,cafe
Café marcana palace,Fès,34.0323006,-4.9962692,cafe
l'Omega 3 لوميكا,Fès,34.025281,-5.0329079,cafe
Cremerie,Fès,34.013929,-5.0073552,cafe
Café le stendhal,Fès,34.0141233,-5.0064103,cafe
Café orientale,Fès,34.03216,-4.9954583,cafe
Café Normandie,Fès,34.014222,-5.0026106,cafe
Laiterie mohamed taha,Fès,34.0317338,-4.9953353,cafe
Café voyageurs,Fès,34.0310769,-4.9967167,cafe
Café Zahra errabie,Fès,34.0315592,-4.99678,cafe
Cremerie allidin,Fès,34.0196359,-5.0009172,cafe
Cremerie Bismillah,Fès,34.0224197,-5.0114791,cafe
Laitiere Saiss Adarissa,Fès,34.0181413,-5.0134414,cafe
Café L' Apostrophe,Fès,34.0295291,-4.9980283,cafe
Café Dalia,Fès,34.0188288,-5.0093477,cafe
Café Espace Vert,Fès,34.0247652,-5.0119886,cafe
Chez Hamid,Fès,34.0288375,-4.9949803,cafe
Café Pâtisserie Restaurant L' Ambra,Fès,34.0205052,-4.9960228,cafe
Laitière,Fès,34.0235397,-5.0130275,cafe
Café Adan,Fès,34.0288502,-4.9991501,cafe
Laitière,Fès,34.026837,-5.0098969,cafe
Cremerie,Fès,34.023029,-5.0056843,cafe
Café Pane vero,Fès,34.0255399,-5.0038378,cafe
Café et Restaurant Dix - 30,Fès,34.0267134,-4.9955681,cafe
Café Santa Rosa,Fès,34.0266725,-4.9945839,cafe
Café Victoria,Fès,34.028206,-4.9925125,cafe
Café Pasta,Fès,34.0277695,-4.9930159,cafe
Laitière Meryem,Fès,34.0262965,-5.0040281,cafe
Cremerie,Fès,34.0262715,-5.0036462,cafe
Cremerie Aberahim,Fès,34.0269526,-5.0026699,cafe
Café Flamme Rouge,Fès,34.0248589,-4.996368,cafe
Café Pronto,Fès,34.026278,-5.0004703,cafe
Cremerie Makour,Fès,34.0260602,-4.9990322,cafe
Crémerie Sbai Sassi Saad,Fès,34.0218134,-4.9936821,cafe
La Tulipe,Fès,34.026125,-4.9986788,cafe
Café le Bon Coin,Fès,34.0460235,-4.9967595,cafe
Café la jeunesse,Fès,34.0458566,-4.9968059,cafe
Café L'Ariva,Fès,34.0123677,-5.008149,cafe
Palma Palace,Fès,34.0099816,-5.0090247,cafe
Café Andalousia,Fès,34.0173305,-4.9849187,cafe
Crémerie,Fès,34.016632,-4.9843017,cafe
Cremerie,Fès,34.0449274,-4.9979735,cafe
Café villa nouva,Fès,34.0447317,-4.9973407,cafe
Café TopKapi,Fès,34.0111625,-4.9799708,cafe
Café Le Paris,Fès,34.0431638,-4.9986013,cafe
Cremerie Hawaï,Fès,34.0408027,-5.0004564,cafe
Café avenda palace,Fès,34.0105471,-4.9795492,cafe
Café mixe,Fès,34.0104608,-4.9794754,cafe
Crémerie Al jazira,Fès,34.0092225,-4.9786352,cafe
Café la Gamme,Fès,34.0386817,-5.0022922,cafe
Café Alanya,Fès,34.0093657,-4.9787698,cafe
Café villa nova,Fès,34.0091465,-4.9785603,cafe
Café Al Momayaza,Fès,34.0015077,-5.0094249,cafe
Cremerie jus Blanco,Fès,34.0016567,-5.0098923,cafe
Café San claire,Fès,34.0004489,-5.0079965,cafe
Café espace dream,Fès,34.0173142,-4.9798529,cafe
Café frankfort,Fès,34.0169327,-4.9788432,cafe
Café las palmas,Fès,34.0167142,-4.9782648,cafe
Café galaxi,Fès,34.0090202,-4.978418,cafe
Cremerie florence,Fès,34.0412617,-5.0010436,cafe
Café topkapi,Fès,34.0160678,-4.9765666,cafe
Café espace artista,Fès,34.0158413,-4.9761059,cafe
Café Milanino,Fès,34.0004279,-5.0053139,cafe
Café Fath,Fès,34.0000829,-5.0046563,cafe
Café fiesta,Fès,34.01499,-4.9756559,cafe
Café l'incontro,Fès,34.0151971,-4.975945,cafe
Cremerie Pourquoi pas,Fès,34.0024644,-5.0080498,cafe
Crémerie salam,Fès,34.0144403,-4.9723723,cafe
Café Pollak,Fès,34.0144461,-4.9709397,cafe
Cremerie Zahrat et Al Madaen,Fès,34.0026643,-5.0083741,cafe
Café Riad Yasmine,Fès,34.0024735,-5.0082893,cafe
Laiterie imane,Fès,34.014426,-4.964463,cafe
Café,Fès,34.0145486,-4.969416,cafe
Café casanova,Fès,34.0145434,-4.9688867,cafe
Café Ayoub,Fès,34.0145658,-4.9700912,cafe
Crémerie Argana,Fès,34.0149114,-4.9835116,cafe
Café Basma,Fès,34.0117539,-4.9810307,cafe
Café El Manar,Fès,34.0108306,-4.980328,cafe
Café Somatra,Fès,34.0077459,-4.978071,cafe
Société Café,Fès,34.0179105,-4.9859624,cafe
Café Top Marveille,Fès,34.017739,-4.9855905,cafe
Café Sidney,Fès,34.0131325,-4.9821465,cafe
Café Belhaj,Fès,34.0128955,-4.9819537,cafe
Café Rosaleda,Fès,34.0110722,-4.9805001,cafe
Café Conporcini,Fès,34.0103619,-4.9799922,cafe
Café Nakhlate,Fès,34.0092134,-4.9792737,cafe
Café La grille,Fès,34.0091298,-4.9792125,cafe
Café Qatar,Fès,34.0134149,-4.9823579,cafe
Café Genova,Fès,34.0128208,-4.9818994,cafe
Café El Fadl,Fès,34.0127083,-4.9818101,cafe
Crémerie Saiss,Fès,34.0119782,-4.9812266,cafe
Café la Perla,Fès,34.0145981,-4.9709311,cafe
Café Reda,Fès,34.0146143,-4.9712325,cafe
Crémerie Vego,Fès,34.0146125,-4.9713529,cafe
Crémerie,Fès,34.0146136,-4.972152,cafe
laitiere,Fès,34.0052874,-5.008201,cafe
Café Ithri,Fès,34.0147988,-4.9730616,cafe
Café Mantequilla,Fès,34.0039355,-5.0090642,cafe
Café Madar,Fès,34.0155217,-4.9744993,cafe
Café et Hôtel Narjis,Fès,34.013199,-4.9822057,cafe
Crémerie El Fath,Fès,34.0161885,-4.9765162,cafe
Crémerie Najah,Fès,34.0161482,-4.9764138,cafe
Cremerie Abou Amira,Fès,34.0065329,-5.0078068,cafe
Café Caraibi Palace,Fès,34.0061028,-5.0082133,cafe
Café Hoda,Fès,34.0175332,-4.9798922,cafe
Café oualid,Fès,34.0179027,-4.9808644,cafe
Café Dublin palace,Fès,34.0181293,-4.9813397,cafe
Café manhatan,Fès,34.0188709,-4.9831769,cafe
Café l'orientale,Fès,34.0191227,-4.983799,cafe
Café Billadi,Fès,34.0065415,-5.0053223,cafe
Café Kortoba,Fès,34.0176115,-4.9874284,cafe
Café La Paix,Fès,34.0175876,-4.9875321,cafe
Café Belfort,Fès,34.0045917,-5.0042921,cafe
Cremerie Al Khir,Fès,34.0039067,-5.0032658,cafe
Café Ice Square,Fès,34.004059,-5.0032938,cafe
Café La Terrasse,Fès,34.0041952,-5.0033014,cafe
Café Sanabil,Fès,34.0339245,-5.0172209,cafe
Café La Caserne,Fès,34.0172846,-4.9888452,cafe
Café Artiistico,Fès,34.0171009,-4.9896414,cafe
Café Sais Palas,Fès,34.0044453,-5.0035458,cafe
Laiterie el Fath,Fès,34.0169457,-4.9814987,cafe
Crémerie ghaita,Fès,34.0167821,-4.981513,cafe
Laiterie Anasse,Fès,34.0172017,-4.9814853,cafe
Laiterie,Fès,34.0174552,-4.9814497,cafe
Café Ramses,Fès,34.0198528,-4.9812328,cafe
Café Malak,Fès,34.0172508,-4.9859516,cafe
Café Hataba,Fès,34.0176338,-4.9859135,cafe
Café Williams,Fès,34.0185833,-4.9815382,cafe
Café quattro,Fès,34.0184338,-4.9815436,cafe
Café Hongkong,Fès,34.0187496,-4.9815699,cafe
Café Biladi,Fès,34.0144486,-4.9861323,cafe
Café Moya,Fès,34.0167359,-4.9817109,cafe
Café,Fès,34.0123861,-5.003173,cafe
Café Hally,Fès,34.0140671,-4.9861677,cafe
Poly Cafés,Fès,34.0135088,-4.986298,cafe
Café Samar Leider,Fès,34.0095308,-5.0034395,cafe
Café Angola,Fès,34.0150408,-4.9820112,cafe
Café parce halab,Fès,34.019455,-4.9812417,cafe
Café l'îlot leila,Fès,34.0157235,-4.9702722,cafe
Café Arraidia,Fès,34.0160671,-4.9702987,cafe
Café Mallorca,Fès,34.0151679,-4.9703474,cafe
Café Atlantice Palace,Fès,34.016192,-4.9702663,cafe
Café najmat El Jabal,Fès,34.0169107,-4.9702504,cafe
Café Al Magharib,Fès,34.0182702,-4.9701891,cafe
Café Al Macharik,Fès,34.0188261,-4.9702057,cafe
Café Espace Rahma,Fès,34.0168614,-4.9705971,cafe
Crémerie Anouar,Fès,34.0167153,-4.9705968,cafe
Café Rihab fes,Fès,34.0159935,-4.9706051,cafe
Crémerie oued dahab,Fès,34.0161247,-4.9705941,cafe
Café Mouzar,Fès,34.0154496,-4.9706799,cafe
Café Tamarix Palace,Fès,34.0148021,-4.9707188,cafe
Café jibal Rif,Fès,34.0097528,-4.9781409,cafe
Café festival,Fès,34.0098394,-4.978015,cafe
Café Oxford,Fès,34.0139084,-5.0021891,cafe
Café La Ruche,Fès,34.0138886,-5.002345,cafe
Cremerie Ouzoud,Fès,34.0140406,-5.0016257,cafe
Café Eglo Palace,Fès,34.0111934,-4.9754327,cafe
Laiterie Manal,Fès,34.0119774,-4.9738446,cafe
Café Arcobaleno,Fès,34.0126495,-4.9726688,cafe
Café Kenza,Fès,34.013318,-4.9714129,cafe
Café Al Maghribia,Fès,34.0137734,-4.9706619,cafe
Café Uranus,Fès,34.0128861,-4.9723089,cafe
Café Youssef,Fès,34.0111472,-4.9893115,cafe
Café 23 Taibi Mohamed,Fès,34.0115642,-4.9881521,cafe
Café Rayane,Fès,34.0112486,-4.9894179,cafe
Café Vibel Karama,Fès,34.0111983,-4.9890711,cafe
Café Saada,Fès,34.0129788,-4.9863361,cafe
Café Berlin Palace,Fès,34.0141861,-4.9708533,cafe
Crémerie Al moultaka,Fès,34.0139859,-4.9711742,cafe
Crémerie Ilasse,Fès,34.0130908,-4.9727736,cafe
Fromagerie Cafeteria,Fès,34.0073242,-4.9657905,cafe
Cremerie Tropicana,Fès,34.0219117,-4.9884733,cafe
Café Aroma,Fès,34.0213239,-4.9881596,cafe
Café Grandi,Fès,34.0177579,-4.9883604,cafe
Café Park des Princes,Fès,34.0177397,-4.9879134,cafe
Café lamnara,Fès,34.0180711,-4.9875929,cafe
Café Big Ben,Fès,34.0183869,-4.9861286,cafe
Laiterie Ben Zakour,Fès,34.0224007,-4.9888785,cafe
Cremerie Mamounia,Fès,34.01761,-4.9886254,cafe
Laitière,Fès,34.0177512,-4.9877441,cafe
Cremerie Morrella Palace,Fès,34.0189457,-4.9867472,cafe
Café Titanic,Fès,34.0244397,-4.9899129,cafe
Café Roncalé,Fès,34.0182832,-4.9878738,cafe
Cremerie Al Azhar,Fès,34.0177531,-4.9879005,cafe
Café Armor,Fès,34.0075178,-4.9654467,cafe
Bellina,Fès,34.0086628,-4.9631371,cafe
Issam,Fès,34.0087414,-4.9629514,cafe
Café Essalam,Fès,34.0112652,-4.9762639,cafe
Café l'Odéon,Fès,34.0125053,-4.9739387,cafe
Café Cap Vert,Fès,34.0109124,-4.9768436,cafe
Café Jawhara,Fès,34.010131,-4.9782126,cafe
Crémerie,Fès,34.0098781,-4.9787123,cafe
Cremerie premo,Fès,34.0094374,-4.9615865,cafe
Café Kawtar,Fès,34.0127557,-4.9656219,cafe
Café Le Soft,Fès,34.0110129,-4.9645422,cafe
Cremerie Israe,Fès,34.0103763,-4.9637211,cafe
Café Moon,Fès,34.0367806,-5.0142885,cafe
Laiterie El Jawda,Fès,34.0133992,-4.980995,cafe
Café Alfa Trône,Fès,34.0128903,-4.97593,cafe
Cremerie Adwak Mandar Jamil,Fès,34.0372722,-5.0156826,cafe
Cafe White,Fès,34.0369861,-5.0154052,cafe
Green Apple,Fès,34.0372194,-5.0156367,cafe
Café pasta Blanca,Fès,34.0128425,-4.9753016,cafe
Café,Fès,34.0127971,-4.9738945,cafe
Zine Driss Laitière,Fès,34.0144393,-4.9859812,cafe
Crémerie Lokmane,Fès,34.0132983,-4.9861536,cafe
Café Anass Ahmadoun Ahmed,Fès,34.0153779,-4.9859328,cafe
Café Isly,Fès,34.0151782,-4.9872936,cafe
Les Maître Du Pain,Fès,34.0386583,-5.011958,cafe
Guennoune El Hassania Crémerie Andalousie,Fès,34.0146938,-4.9896802,cafe
Café Ennasre El Machouahi Omar,Fès,34.0148462,-4.9895706,cafe
El Maghrani Abdellah Crémerie Al Ikhlass,Fès,34.0147658,-4.9899089,cafe
Café Firdaous Alaoui et Taoufik,Fès,34.0145595,-4.9902232,cafe
Café Al Arabe,Fès,34.0084656,-4.9643727,cafe
Café Varizi,Fès,34.0082475,-4.9642202,cafe
Café Oualili,Fès,34.0102704,-4.9639459,cafe
Café Davinci,Fès,34.0086602,-4.9645103,cafe
Café morena,Fès,34.0131864,-4.9775555,cafe
Café Pool El Mahboube,Fès,34.0135583,-4.9802603,cafe
Café Espana,Fès,34.0135988,-4.9805903,cafe
Café Bleu Water,Fès,34.0137488,-4.9814712,cafe
Café L'Avenir,Fès,34.0154467,-4.9903212,cafe
Café Al Ahrame,Fès,34.0137534,-4.9816774,cafe
Café Azzouhour 2,Fès,34.0102074,-4.9655853,cafe
Café Chada,Fès,34.0107856,-4.9659769,cafe
Café Afriquia,Fès,34.0112714,-4.9663183,cafe
Café Estonia,Fès,34.0062727,-4.9677237,cafe
Crémerie Nakhil,Fès,34.0070982,-4.9683729,cafe
Café Avicenne,Fès,34.0081211,-4.96907,cafe
Café Barbados,Fès,34.0077137,-4.9687871,cafe
Café Arrachidia,Fès,34.0136519,-4.9899015,cafe
Casa Mia,Fès,34.0464074,-5.0016926,cafe
Café Soleil Palace,Fès,34.008682,-4.9694788,cafe
Crémerie Chorouk,Fès,34.0092895,-4.9698939,cafe
Café Morolia,Fès,34.0115771,-4.9665504,cafe
Café La Tulipe Noir,Fès,34.0120046,-4.9669492,cafe
Laiterie Al Ikhlass,Fès,34.0099278,-4.9703984,cafe
Cremerie Al Amal,Fès,34.0114434,-4.9664547,cafe
Café Amsterdam,Fès,34.0109244,-4.9885022,cafe
Laitière Bismi Allah,Fès,34.0106551,-4.9884112,cafe
Café Monté Carlo,Fès,34.0121846,-4.9673459,cafe
Café Kasr Al Omda,Fès,34.0120477,-4.9672641,cafe
Café Adam,Fès,34.0117088,-4.9706038,cafe
Café Goya Palace,Fès,34.010434,-4.9883159,cafe
Café,Fès,34.0127799,-4.9704704,cafe
Café Lazaro,Fès,34.0129566,-4.9704441,cafe
Café Etoile de Saiss,Fès,34.0084811,-4.9875411,cafe
Café Pronto,Fès,34.0137658,-4.9704094,cafe
Cremerie,Fès,34.0097454,-4.9655968,cafe
Cremerie Malak,Fès,34.0096613,-4.965542,cafe
Café Le Pont,Fès,34.0095352,-4.9654532,cafe
Café Al Hamrae,Fès,34.0092914,-4.9652431,cafe
Café Cavailon,Fès,34.0089083,-4.9650028,cafe
Snack Marchika,Fès,34.0099449,-4.9657668,cafe
Café Chanae,Fès,34.0129567,-4.9706609,cafe
Café florancia,Fès,34.0110309,-4.9707944,cafe
Café,Fès,34.0104645,-4.9708471,cafe
Café Mozart,Fès,34.0129606,-4.9673778,cafe
Café Pavillon Blanc,Fès,34.0089118,-4.9674496,cafe
Café Capanina,Fès,34.0105629,-4.966515,cafe
Café Miarage,Fès,34.0105653,-4.9669297,cafe
Cremerie Nabil,Fès,34.0106365,-4.9663524,cafe
Cremerie,Fès,34.0110829,-4.9654783,cafe
Café El Omda,Fès,34.0112256,-4.9655878,cafe
Café Roterdam Akrouch Said,Fès,34.0075214,-4.9871442,cafe
Café Ahlam,Fès,34.0076313,-4.9872245,cafe
Café Ajdir,Fès,34.008049,-4.9875996,cafe
Laiterie Ayoub,Fès,34.0128858,-4.9716991,cafe
Café Marmara Palace,Fès,34.0127644,-4.9696274,cafe
Laiterie Azami,Fès,34.012764,-4.9689862,cafe
Laiterie La famille,Fès,34.0089091,-4.9660817,cafe
Cremerie Jaouda,Fès,34.0107983,-4.9670909,cafe
Cremerie La Nature,Fès,34.0088229,-4.9680572,cafe
Café Napoli,Fès,34.0129305,-4.9702136,cafe
Café Amory,Fès,34.0129898,-4.9713627,cafe
Café Orchidée,Fès,34.0158315,-4.9642665,cafe
Patisserie SOLARO,Fès,34.015667,-4.9647904,cafe
Café SOLARO,Fès,34.0156692,-4.9649188,cafe
Café Bella Rosa,Fès,34.0156531,-4.9645663,cafe
Café Bleu Iris,Fès,34.0070716,-4.9725005,cafe
Café Star Pool,Fès,34.0060576,-4.9744323,cafe
Café ti Amo,Fès,34.0067903,-4.9730218,cafe
Café Fox,Fès,34.006861,-4.9701686,cafe
Laiterie Amjad,Fès,34.0157038,-4.9658857,cafe
Café Marhaba,Fès,34.0157144,-4.9660282,cafe
Cafe fes,Fès,34.0158558,-4.9654891,cafe
Cremerie,Fès,34.0158049,-4.9648225,cafe
Café Hadil,Fès,34.0178434,-4.9649393,cafe
Café Hamza,Fès,34.0159785,-4.965955,cafe
Café La Sejour,Fès,34.0157241,-4.966102,cafe
Laiterie Al Ihssan,Fès,34.0143626,-4.9669632,cafe
Café Parc des Princes,Fès,34.0134882,-4.9674332,cafe
Café Tchaw Tchaw,Fès,34.0169137,-4.9639005,cafe
Laiterie Al Adwak,Fès,34.0158229,-4.963326,cafe
Laiterie,Fès,34.0154337,-4.9628338,cafe
Café Riad Fes,Fès,34.0153186,-4.9629501,cafe
Laiterie,Fès,34.0073044,-4.9666735,cafe
Café Touta Boudine Khlafa,Fès,34.010669,-4.9888947,cafe
Laitière Beyrouth,Fès,34.0071848,-4.9868824,cafe
Café Nouria,Fès,34.0072619,-4.9865137,cafe
Café Al Arabia,Fès,34.0083093,-4.9816129,cafe
Café L ' Époque,Fès,34.0068044,-4.9877237,cafe
Café Omario El Ghaouat Thami,Fès,34.0081821,-4.9876323,cafe
Café La Casilla,Fès,34.0069383,-4.9871844,cafe
Café Bord,Fès,34.0079312,-4.9839117,cafe
Café Verona Amrani Abdeslam,Fès,34.0073093,-4.9854738,cafe
Crémerie fadlouAllah,Fès,34.0126454,-4.9801772,cafe
Café Najmat Anarjis,Fès,34.0187443,-4.9695999,cafe
Laiterie,Fès,34.0184952,-4.9685469,cafe
Cremerie Rahma,Fès,34.0182721,-4.9677697,cafe
Café Jabal Habri,Fès,34.0180767,-4.9669641,cafe
Cafe yaya,Fès,34.0179913,-4.9641409,cafe
Café Maghrébia Zohour,Fès,34.0082087,-4.9813173,cafe
Crémerie Al Ouatania,Fès,34.0081144,-4.9814029,cafe
Laitière Marimar,Fès,34.0091488,-4.9795793,cafe
Café Hanovre,Fès,34.0079715,-4.98155,cafe
Laitière Al Baraka,Fès,34.0081019,-4.9818374,cafe
Café Kimadou,Fès,34.0087189,-4.9804475,cafe
Cafe Atlantique Garden,Fès,34.0179196,-4.9620785,cafe
Café Cesar,Fès,34.0076693,-4.982335,cafe
Café Argana,Fès,34.0078297,-4.982158,cafe
Café le région,Fès,34.0146756,-4.973237,cafe
Café Aminchi,Fès,34.0146217,-4.9731198,cafe
Café volpera,Fès,34.0148727,-4.9768982,cafe
Café l'orientale,Fès,34.0136465,-4.9787934,cafe
Laiterie walid,Fès,34.0139638,-4.9782147,cafe
Café Royal,Fès,34.0184547,-4.9761747,cafe
Café Ben Ali,Fès,34.0170851,-4.9776992,cafe
Crémerie,Fès,34.0163335,-4.9781678,cafe
Laiterie Najmate Al Jabal,Fès,34.0168984,-4.9699435,cafe
Café Riad,Fès,34.0168791,-4.9689861,cafe
Café champs Elysees,Fès,34.0170236,-4.9779727,cafe
Laiterie Bismillah,Fès,34.0147992,-4.9680178,cafe
Café Nachit,Fès,34.018225,-4.9767646,cafe
Cremerie Bismillah,Fès,34.0160331,-4.9693601,cafe
Cafe Kounouz,Fès,34.0160529,-4.9696245,cafe
Local Fermé,Fès,34.0208252,-4.9698292,cafe
Café Le Lac Vert,Fès,34.0208614,-4.9702192,cafe
Café Les Merrinedds,Fès,34.0209083,-4.9702506,cafe
Café Yasmine,Fès,34.0207757,-4.9701831,cafe
Café Al Quods,Fès,34.0210351,-4.9703061,cafe
Café Bouzidi,Fès,34.0210875,-4.970336,cafe
Café Granada,Fès,34.021897,-4.9708257,cafe
Café L 'Aret,Fès,34.0211461,-4.9703657,cafe
Café Douae,Fès,34.0212512,-4.9704161,cafe
Café Rida,Fès,34.0214759,-4.9705447,cafe
Café Nour,Fès,34.0219349,-4.9708624,cafe
Cremerie Salam,Fès,34.0217553,-4.9707335,cafe
Café Al Karama,Fès,34.0218354,-4.9707867,cafe
Crémerie,Fès,34.0158853,-4.9766262,cafe
Café Rha,Fès,34.0202805,-4.9698122,cafe
Café,Fès,34.0170712,-4.9795266,cafe
Café azourz,Fès,34.018636,-4.9779554,cafe
Café dolce cappuccino,Fès,34.0193592,-4.9770593,cafe
Crémerie Al Ossra,Fès,34.0187974,-4.9780693,cafe
Café Secouk,Fès,34.021416,-4.970254,cafe
Café Sara Line,Fès,34.0183552,-4.9786384,cafe
Café Hara,Fès,34.02014,-4.9697099,cafe
Café Assila Palace,Fès,34.0174739,-4.9793878,cafe
Café Istanbul,Fès,34.0171159,-4.9796995,cafe
Café Oualid,Fès,34.0217919,-4.970463,cafe
Café Baghdad,Fès,34.0218735,-4.9705286,cafe
Cremerie,Fès,34.0249884,-4.972323,cafe
Café,Fès,34.025072,-4.9723926,cafe
Café Bougtout,Fès,34.0221086,-4.9712183,cafe
Café Nacer,Fès,34.0217748,-4.9723057,cafe
Cremerie,Fès,34.022278,-4.9712698,cafe
Café Le Centre,Fès,34.02071,-4.9701324,cafe
Café Bréda,Fès,34.0204822,-4.9705374,cafe
Café Madrid,Fès,34.0203206,-4.9708836,cafe
Café Jamil,Fès,34.0195538,-4.9771814,cafe
Café Manhatan,Fès,34.0192104,-4.9768511,cafe
Café Miami,Fès,34.0190431,-4.9767442,cafe
Cremerie Wissam,Fès,34.0191854,-4.9726968,cafe
Café 21,Fès,34.0169678,-4.9732871,cafe
Laiterie,Fès,34.0251567,-4.9724825,cafe
Café Almerya,Fès,34.0074184,-4.9826283,cafe
Crémerie Fares Abdelkader,Fès,34.0069191,-4.9840492,cafe
Café Pom Pidou,Fès,34.0032062,-4.9887718,cafe
Café Trèfle d'Or,Fès,34.0031223,-4.9890067,cafe
Café Lavita,Fès,34.0036291,-4.9864887,cafe
Café Sultana,Fès,34.0050436,-4.9850207,cafe
Café Gioia,Fès,34.0070991,-4.9832136,cafe
Crémerie Ait Moussa Driss,Fès,34.0035861,-4.9866032,cafe
Café Imarate El Kossor,Fès,34.0077284,-4.9817807,cafe
Café Riad Kortoba,Fès,34.0039901,-4.9864812,cafe
Benaissa Mohamed Crémerie Salam,Fès,34.0032249,-4.988645,cafe
Laitière Khayrat,Fès,34.0041288,-4.9848346,cafe
Café Paloma,Fès,34.019577,-4.9856708,cafe
Café Room Kandinsky,Fès,34.0193937,-4.9859832,cafe
Café Malizia,Fès,34.0200278,-4.9847364,cafe
Crémerie El kiraouan,Fès,34.0200916,-4.9843437,cafe
Café Azarina,Fès,34.0202082,-4.9842324,cafe
Café le bon coin,Fès,34.0204451,-4.9836862,cafe
Café complexe sportif,Fès,34.0201887,-4.9810971,cafe
Cremerie Kods,Fès,34.0194577,-4.9722244,cafe
Café Al Azizia,Fès,34.0196167,-4.9719316,cafe
Café Bahia,Fès,34.0201115,-4.9709743,cafe
Café Chabab,Fès,34.0206563,-4.9689605,cafe
Laiterie,Fès,34.0198816,-4.9708069,cafe
Café Goura Palace,Fès,34.0202046,-4.9790651,cafe
Laiterie,Fès,34.0202033,-4.9784572,cafe
Cremerie,Fès,34.022294,-4.9713074,cafe
Café salah Eddine,Fès,34.0201967,-4.9782451,cafe
Laiterie chourafae,Fès,34.0202371,-4.9780021,cafe
Café Stylia,Fès,34.0201613,-4.9748076,cafe
Café Étoiles Salam,Fès,34.0223482,-4.9714064,cafe
Café Zara Goza,Fès,34.0195959,-4.9742147,cafe
Café Stylia,Fès,34.0199398,-4.9749067,cafe
Laiterie Arabia,Fès,34.019383,-4.9732897,cafe
Café toufiq,Fès,34.0198806,-4.9743753,cafe
Café Palma,Fès,34.0199958,-4.9746021,cafe
Café Zahrat Khalig,Fès,34.0025134,-4.9786621,cafe
Café Happy Day,Fès,34.0046409,-4.980914,cafe
Café Marjane,Fès,34.0048093,-4.9845086,cafe
Café Mauritania,Fès,34.0058839,-4.9846711,cafe
Société Pâtisserie Café Carrefour,Fès,34.0044165,-4.978439,cafe
Café Mon Pays,Fès,34.00454,-4.9844375,cafe
Café Stop In,Fès,34.0057598,-4.9779406,cafe
Cremerie Al Badre,Fès,34.0050123,-4.9782428,cafe
Café Coin Bleu,Fès,34.0042248,-4.9783962,cafe
Café Dirbi,Fès,34.0035788,-4.9785714,cafe
Cremerie Al Akhaouayne,Fès,34.0043685,-4.9798902,cafe
Café Hyperion,Fès,34.0046381,-4.9823399,cafe
Cremerie Rif,Fès,34.0045264,-4.9838638,cafe
Café brazil,Fès,34.0203985,-4.9748614,cafe
Laiterie Milano,Fès,34.0205006,-4.9748365,cafe
Café Milano,Fès,34.0207103,-4.9747937,cafe
Crémerie,Fès,34.020787,-4.9748244,cafe
Café Kartaje,Fès,34.0222688,-4.9749806,cafe
Café Chaab,Fès,34.0218093,-4.9750124,cafe
Café Nassim,Fès,34.0204338,-4.9757867,cafe
Café El Azhar,Fès,34.0203943,-4.9783402,cafe
Café El Kadissia,Fès,34.0203762,-4.9788719,cafe
Café Atlanta,Fès,34.0203753,-4.9797637,cafe
Laitière Paris,Fès,34.0117305,-4.9837547,cafe
El Filali Allach Jamal Cremerie,Fès,34.0118568,-4.9838392,cafe
Café El Fath,Fès,34.011252,-4.9834454,cafe
Crémerie,Fès,34.0205523,-4.9742085,cafe
Café Express,Fès,34.0202681,-4.974307,cafe
Crémerie,Fès,34.0197166,-4.9737699,cafe
Café,Fès,34.0199911,-4.9737878,cafe
Café,Fès,34.0199927,-4.9739033,cafe
Crémerie,Fès,34.0205111,-4.9740928,cafe
Café walid,Fès,34.0205173,-4.9736413,cafe
Café,Fès,34.0210485,-4.9742103,cafe
Café Al Amal,Fès,34.0210541,-4.9743298,cafe
Café Nezar,Fès,34.0210462,-4.974119,cafe
Laiterie Tazi,Fès,34.0210474,-4.9739819,cafe
Café Tazi,Fès,34.0210489,-4.9739217,cafe
Café orica,Fès,34.0210261,-4.9737122,cafe
Crémerie El wafae,Fès,34.019976,-4.9735158,cafe
Café Mondial,Fès,34.0202091,-4.9735601,cafe
Café Mouhajirine,Fès,34.0226409,-4.9788659,cafe
Café Licorne,Fès,34.0089946,-4.9849506,cafe
Cremerie Al Ikhlasse,Fès,34.0025974,-4.9877782,cafe
Café Venise,Fès,34.0127154,-4.9851243,cafe
Café Espace,Fès,34.0047872,-4.9869185,cafe
Café Auris,Fès,34.0251853,-4.9766687,cafe
Café,Fès,34.0210249,-4.9783372,cafe
Café Ifrane Znaki Othmane,Fès,34.005528,-4.9874487,cafe
Café Reda Palace,Fès,34.018387,-5.052652,cafe
Cremerie Ghaza,Fès,34.0184981,-5.0526884,cafe
Café Mounir,Fès,34.0187297,-5.0527755,cafe
Cremerie Om Al Kora,Fès,34.0190304,-5.0528637,cafe
Café L ' Arbre,Fès,34.0192777,-5.0529574,cafe
Café Dubai,Fès,34.0205081,-5.0533979,cafe
Café CELLINI,Fès,34.0234721,-5.0548105,cafe
Café Mas Glas,Fès,34.0241085,-5.055077,cafe
Café olivera,Fès,34.0223015,-5.0549571,cafe
Cremerie,Fès,34.0236755,-5.0548817,cafe
Café Everest,Fès,34.0192969,-5.0535743,cafe
Café Verto,Fès,34.0181165,-5.0530739,cafe
Laiterie,Fès,34.0243885,-5.0551794,cafe
Café Bab Allah,Fès,34.0177303,-5.0535971,cafe
Café Achariqa,Fès,34.0177308,-5.0543439,cafe
Cremerie,Fès,34.0182608,-5.0518633,cafe
Café jolipee,Fès,34.0182288,-5.0519736,cafe
Café Sarayouss,Fès,34.0181743,-5.0522123,cafe
Café Zomorrod,Fès,34.0177086,-5.0536974,cafe
Café Nahda,Fès,34.0189919,-5.0528536,cafe
Cafe,Fès,34.0183395,-5.0516125,cafe
Café Beflore,Fès,34.0183612,-5.0515044,cafe
Cremerie Fadwa,Fès,34.0183761,-5.0514094,cafe
Laiterie Abdelkbir,Fès,34.0184791,-5.0510037,cafe
Café Opera Local Fermé,Fès,34.0184993,-5.0509193,cafe
Cremerie El Baraka,Fès,34.0185383,-5.0507498,cafe
Cremerie,Fès,34.0185202,-5.050819,cafe
Café Aljazira,Fès,34.0185647,-5.0506045,cafe
Café CLASSICO,Fès,34.019595,-5.0523239,cafe
FES CAFÉ 44,Fès,34.0195239,-5.0520383,cafe
Cremerie Manal,Fès,34.0214401,-5.0493826,cafe
Cremerie Quods,Fès,34.0222509,-5.0488017,cafe
Café Sacre Coin,Fès,34.0208006,-5.0484108,cafe
Café Mint Garden,Fès,34.0226751,-5.0488449,cafe
Café Sais,Fès,34.015533,-5.0514447,cafe
Café tighouza,Fès,34.0154038,-5.0513666,cafe
Café Taliouine,Fès,34.0151989,-5.0512301,cafe
Cremerie jazira,Fès,34.0150176,-5.0510631,cafe
Café Anouar,Fès,34.0150023,-5.0510219,cafe
Café Sultana,Fès,34.0248176,-5.0465631,cafe
Café Mahdia,Fès,34.0149402,-5.0509893,cafe
Café Rayaska,Fès,34.0269537,-5.0464045,cafe
Café Rahma,Fès,34.0270433,-5.0465227,cafe
Café Jaouahir,Fès,34.027241,-5.0461171,cafe
Laiterie Bismillah,Fès,34.0273061,-5.046302,cafe
Café Noujoum,Fès,34.0274013,-5.0462248,cafe
Café Fatima Palace,Fès,34.0279373,-5.0453719,cafe
Cremerie Najma,Fès,34.0241686,-5.0460713,cafe
Cremerie Nour,Fès,34.0214633,-5.0531626,cafe
Cremerie Sweet Palace,Fès,34.028358,-5.0442738,cafe
Café YOURS,Fès,34.0285214,-5.0438085,cafe
Cremerie,Fès,34.0297051,-5.0444597,cafe
Café Les Amis,Fès,34.0305961,-5.0460594,cafe
Café Nejma,Fès,34.0182967,-5.0505744,cafe
Cremerie,Fès,34.0311201,-5.0468306,cafe
Café flionce,Fès,34.0179261,-5.0520385,cafe
Café Nidal,Fès,34.0178198,-5.0523037,cafe
Cafe CALIFORNIA,Fès,34.0238619,-5.0427487,cafe
Café Original,Fès,34.0245848,-5.0405908,cafe
Cremerie Les amis,Fès,34.0175842,-5.0523505,cafe
Laiterie daouk Rafie,Fès,34.0174277,-5.0522584,cafe
Cremerie Al khir,Fès,34.024948,-5.0403282,cafe
Cremerie laymouna,Fès,34.0173128,-5.0522413,cafe
Café L'atomium,Fès,34.0163057,-5.0516093,cafe
Café Saad,Fès,34.0259323,-5.0407234,cafe
Café Nakhla,Fès,34.0260451,-5.0470174,cafe
Café El Kods,Fès,34.0153252,-5.0509027,cafe
Café Menara,Fès,34.0151524,-5.0507324,cafe
Café chabab,Fès,34.0150418,-5.0506657,cafe
Café La Roche,Fès,34.0316112,-5.0437902,cafe
Café Ouazane,Fès,34.0322463,-5.0439967,cafe
Cremerie Al Baraka,Fès,34.0324781,-5.0440981,cafe
Cremerie Marwane,Fès,34.0328628,-5.0442511,cafe
Café Yasmine,Fès,34.0329224,-5.04428,cafe
Café Lokmane,Fès,34.032986,-5.0442989,cafe
Café Jane,Fès,34.0324636,-5.0436952,cafe
Café Saada,Fès,34.0140395,-5.0499869,cafe
Café baghdad,Fès,34.0134442,-5.0494424,cafe
Café Paris,Fès,34.0133883,-5.0493915,cafe
Café,Fès,34.0327191,-5.0449037,cafe
Café Al Sakina,Fès,34.0309353,-5.0476964,cafe
Cremerie Jaouda Local Ferme,Fès,34.0306439,-5.0489775,cafe
Café Star Light,Fès,34.0314082,-5.0509276,cafe
Cremerie La Famille,Fès,34.0318626,-5.051154,cafe
Café wiam,Fès,34.031952,-5.0511927,cafe
Café Malizia,Fès,34.0322686,-5.0480092,cafe
Café Riad Fes,Fès,34.0351625,-5.0483724,cafe
Cremerie,Fès,34.032779,-5.047797,cafe
Cremerie Ahl fes,Fès,34.0330909,-5.0469236,cafe
Laiterie les Amis,Fès,34.0329898,-5.0466796,cafe
Café Amine,Fès,34.0356368,-5.0487143,cafe
Café,Fès,34.035885,-5.0489898,cafe
Laiterie Ikhlas,Fès,34.0364376,-5.0493483,cafe
Café GTR,Fès,34.0169275,-5.0505956,cafe
Cremerie Zakaria,Fès,34.0376883,-5.0496934,cafe
Café Bouquet d ' Or El Hirari Mohamed,Fès,34.0054542,-5.0104499,cafe
Café Garden Babel Atmoun Mohamed et Ahmed,Fès,34.0025762,-5.0111177,cafe
Café Diamant Princesse Belhaji Ahmed,Fès,34.0135007,-5.0083019,cafe
Café Alicante Achkak Rachid pour Société Aksel Maroc,Fès,34.01328,-5.008361,cafe
Café Amigo,Fès,34.0425654,-5.04983,cafe
Café Quods,Fès,34.0403785,-5.0498985,cafe
Crémerie Stitou,Fès,34.0397261,-5.0498795,cafe
Café FIRDAOUS,Fès,34.0356067,-5.0490937,cafe
Café Nil,Fès,34.0163691,-5.0501577,cafe
Café Bahri,Fès,34.0241146,-5.0391947,cafe
Cremerie Bacha,Fès,34.0353055,-5.0469849,cafe
Cremerie,Fès,34.0368299,-5.0478046,cafe
Café Ouad Jawahir,Fès,34.0407184,-5.0479814,cafe
Café Brahim Saidi,Fès,34.0411065,-5.0477678,cafe
Café Salam,Fès,34.0161865,-5.0505688,cafe
Café Al Yacout,Fès,34.0357841,-5.0437757,cafe
Café sadaka,Fès,34.0159449,-5.0507046,cafe
Café,Fès,34.03477,-5.0437375,cafe
Crémerie,Fès,34.0373468,-5.0392558,cafe
Cremerie,Fès,34.0367692,-5.0390825,cafe
Cremerie,Fès,34.0359845,-5.0389337,cafe
Cafe Le Rameau,Fès,34.0388146,-5.0369283,cafe
Café,Fès,34.0161898,-5.0502522,cafe
Café Panorama,Fès,34.0379491,-5.0361012,cafe
patisserie Nakhla,Fès,34.0386229,-5.0355761,cafe
Café moscou 131 lotis asmae Rte Ain chkef,Fès,34.0062379,-5.0103526,cafe
Café Amazone,Fès,34.0377451,-5.0405857,cafe
Café Génova Palace,Fès,34.0199685,-5.0407732,cafe
Café,Fès,34.0154422,-5.0473115,cafe
Café Mamounia,Fès,34.0208957,-5.0397974,cafe
Café BAMEAU,Fès,34.0210804,-5.0394534,cafe
Café Jnane Andalous,Fès,34.0238454,-5.0370759,cafe
Laiterie,Fès,34.0246615,-5.0359992,cafe
Café Kaabouch,Fès,34.0253022,-5.035034,cafe
Café Rixi,Fès,34.015874,-5.0486479,cafe
Café Anass,Fès,34.0255015,-5.0345672,cafe
Cremerie El karam,Fès,34.0134766,-5.0490298,cafe
Café La Famillia,Fès,34.0257581,-5.0338056,cafe
Café Chabab,Fès,34.0256693,-5.0347428,cafe
Café Oumayma,Fès,34.0212237,-5.037615,cafe
Café Jnane Zouaghat,Fès,34.0234031,-5.0368379,cafe
Laiterie,Fès,34.0230837,-5.0370325,cafe
Laiterie,Fès,34.0238302,-5.0364483,cafe
Café Cleopatra,Fès,34.0238777,-5.0364002,cafe
Café Siham,Fès,34.024511,-5.0356514,cafe
Café Najah,Fès,34.0244373,-5.0357402,cafe
Café De France,Fès,34.0244771,-5.0356906,cafe
Cremerie,Fès,34.0251205,-5.0346791,cafe
Café Wahran,Fès,34.025184,-5.0345666,cafe
Société Café Nas Fes,Fès,34.0045698,-5.0122283,cafe
El Yaagoubi El Hassan Café Karaouiyine,Fès,34.0014841,-5.012878,cafe
Café Lazari Atlati Abderrahim et Atlati Otmane,Fès,34.0021351,-5.0116643,cafe
Café Savini,Fès,34.0027117,-5.0142416,cafe
Er -- radi Adil Café Gusto,Fès,34.0051972,-5.0108417,cafe
Mahdaoui Mohamed Cremerie bisous lahlotis Karaouiyine,Fès,34.0048458,-5.0125067,cafe
Cremerie mosquée Karaouiyine 9,Fès,34.004779,-5.0135813,cafe
Café Alaska Malki Hassan,Fès,34.0068457,-5.0104857,cafe
El Marbah Houcine Laitière Karaouiyine,Fès,34.0013667,-5.0122641,cafe
Qarqabi Youness Café Alloo,Fès,34.0052264,-5.0106753,cafe
Rhandour Mohamed Cremerie,Fès,34.0048136,-5.0126649,cafe
Café Nizar Kartaf Najib et Kartaf Yassine,Fès,34.0065928,-5.011705,cafe
Cremerie Oméga,Fès,34.0252206,-5.0329432,cafe
Café Pam,Fès,34.0165487,-5.0555507,cafe
Café Salam,Fès,34.0235675,-5.0320103,cafe
Café tafilalte,Fès,34.0167944,-5.0541344,cafe
Café fassih,Fès,34.0168555,-5.0539699,cafe
Café maghrib Arabi,Fès,34.0169331,-5.0537972,cafe
Café Najm,Fès,34.0169893,-5.0536452,cafe
Café La Rose Des Sables,Fès,34.0233384,-5.0319111,cafe
Crémerie,Fès,34.023083,-5.0318159,cafe
Café Espace Word,Fès,34.0229044,-5.0317526,cafe
Café Skay Club,Fès,34.0222789,-5.0317477,cafe
Café Marzouk,Fès,34.0220756,-5.0313938,cafe
Café Basma,Fès,34.0215455,-5.0308753,cafe
Salle de Jeux,Fès,34.0216477,-5.0309318,cafe
Café Espace Hajar,Fès,34.0216035,-5.0306197,cafe
Café Amity Palace,Fès,34.0218426,-5.030751,cafe
CAFÉ Gambara,Fès,34.0222408,-5.0308601,cafe
Cafe Lyncha,Fès,34.0250503,-5.0280998,cafe
Cremerie,Fès,34.0250027,-5.0282716,cafe
Café Amamousta Aamamou Mohamed,Fès,34.0064022,-5.0128817,cafe
Café Pablo مقهى بابلو,Fès,34.0069169,-5.0111995,cafe
Société Café Flaminki SARL,Fès,34.0075113,-5.0132914,cafe
El Azzouzi Mohamed Jamal Cremerie,Fès,34.0069531,-5.0110576,cafe
Lamsieh Mohamed Cremerie,Fès,34.0073751,-5.0109577,cafe
Café La Team El Kharroubi Chafik,Fès,34.0074861,-5.0108656,cafe
El Moutawafik Maria Cremerie,Fès,34.0096115,-5.0132971,cafe
Janati Idrissi Fatima Cremerie,Fès,34.0072273,-5.01079,cafe
Café Marjana,Fès,34.0232945,-5.0276005,cafe
CO -- T -- Café Tlamsani Mekkaoui Adil et El Mardi Mohamed,Fès,34.0077359,-5.0146895,cafe
Cafe La Tulipe,Fès,34.0179548,-5.0206025,cafe
Cremerie ( Local Fermé ),Fès,34.0178088,-5.020269,cafe
Laiterie,Fès,34.0178937,-5.0204506,cafe
Cremerie Hiba Local Fermé,Fès,34.0176107,-5.019886,cafe
Café Espace Palace,Fès,34.0175315,-5.0197552,cafe
Cremerie Yassmine,Fès,34.0170268,-5.0198304,cafe
Café Brechia ( Local Fermé ),Fès,34.0160503,-5.0202335,cafe
Laiterie Bismillah,Fès,34.0147927,-5.0210109,cafe
Café Dima Zen,Fès,34.0144694,-5.0211559,cafe
Café Essalam,Fès,34.0100834,-5.0159237,cafe
Café Daytona Palace,Fès,34.0101805,-5.0248729,cafe
Café Zohria,Fès,34.0099036,-5.0253722,cafe
Cremerie Ziad,Fès,34.0097149,-5.0256949,cafe
Café Acassia,Fès,34.009473,-5.0259744,cafe
Café chourafa,Fès,34.0160139,-5.0557559,cafe
Café El Akhaouayene,Fès,34.0150672,-5.0569684,cafe
Café El jazira,Fès,34.0156975,-5.0557346,cafe
Cremerie,Fès,34.0110623,-5.0224006,cafe
Café El waha,Fès,34.0141415,-5.0600974,cafe
Café Mabrouka,Fès,34.0183588,-5.061915,cafe
Café Amis Rami,Fès,34.0048667,-5.0449859,cafe
Café B T G,Fès,34.009349,-5.0292899,cafe
Laiterie,Fès,34.009571,-5.0289231,cafe
Café Dounia,Fès,34.0096678,-5.0287887,cafe
Café Baghdad,Fès,34.0097441,-5.0286591,cafe
Café Planto,Fès,34.0094859,-5.0290612,cafe
Café Sant Flour,Fès,34.0101219,-5.0304225,cafe
Café mountada El Amane,Fès,34.0002819,-5.0433531,cafe
Crémerie Zouzou,Fès,34.0101897,-5.0255797,cafe
Crémerie,Fès,34.0097106,-5.0263988,cafe
Café Polarya,Fès,34.0097205,-5.0261352,cafe
Café Aljazira,Fès,34.0122459,-5.0257116,cafe
Café RAYANE,Fès,34.0119536,-5.025359,cafe
Café,Fès,34.0053501,-5.0514554,cafe
Café Al Fath,Fès,34.0122585,-5.0263293,cafe
Laiterie,Fès,34.0098888,-5.0262504,cafe
Café oued Dahab,Fès,34.0149197,-5.0536313,cafe
Café Saoudi,Fès,34.0144784,-5.0551177,cafe
Café,Fès,34.0146916,-5.0544075,cafe
Café Jnane Palace,Fès,34.0149411,-5.0126176,cafe
Café Sol y Sombra,Fès,34.0130812,-5.0102067,cafe
Café Cesar,Fès,34.0134155,-5.0095106,cafe
Café Marouan,Fès,34.0129325,-5.0575113,cafe
Café Taoufik,Fès,34.0158056,-5.062451,cafe
Café La Gazelle,Fès,34.0389629,-5.0363002,cafe
Laiterie Arida,Fès,34.0102807,-5.027987,cafe
Café Les Amis,Fès,34.01242,-5.0277454,cafe
Laiterie,Fès,34.0125347,-5.0277945,cafe
Laiterie,Fès,34.0125539,-5.0278232,cafe
Café Al Ahram,Fès,34.0140428,-5.0272855,cafe
Café Rabie,Fès,34.0120968,-5.028312,cafe
Cremerie Ain Assal,Fès,34.0135925,-5.0286015,cafe
Laiterie,Fès,34.0121556,-5.028385,cafe
Crémerie,Fès,34.01359,-5.0282008,cafe
Cremerie,Fès,34.0137574,-5.028902,cafe
Café,Fès,34.0136788,-5.0282776,cafe
Café Nacer,Fès,34.0138099,-5.0251552,cafe
Café Savana Palace مقهى سافانا بالاس,Fès,34.0157503,-5.0270933,cafe
Laiterie Bismillah,Fès,34.0154663,-5.0268576,cafe
Café Al Amane,Fès,34.0158303,-5.0272998,cafe
Laiterie Hiba mina Allah,Fès,34.0158886,-5.0273757,cafe
Café Intelak,Fès,34.0164654,-5.02734,cafe
Laiterie,Fès,34.0169023,-5.0274871,cafe
Café Ikhriy,Fès,34.0174008,-5.0287657,cafe
Café ICHBILIA,Fès,34.0162282,-5.0305475,cafe
Café AL FATH,Fès,34.0161773,-5.0305675,cafe
Café Miramas,Fès,34.0140806,-5.030338,cafe
Café Ghita,Fès,34.0164996,-5.0310175,cafe
Café Ghandour,Fès,34.0167691,-5.0314948,cafe
Cremerie,Fès,34.0182685,-5.0333727,cafe
Café El Yassamine,Fès,34.0179775,-5.0335692,cafe
Accessoires Harim Soltane,Fès,34.0171751,-5.0332209,cafe
Local Fermé,Fès,34.0169753,-5.0331491,cafe
Cremerie,Fès,34.0143819,-5.0306912,cafe
Café Najmat,Fès,34.0164216,-5.0328135,cafe
Laiterie,Fès,34.0180011,-5.0334433,cafe
Café Amal,Fès,34.0180157,-5.0335853,cafe
Laiterie Snack,Fès,34.018349,-5.0337239,cafe
Café,Fès,34.0185143,-5.033813,cafe
Cafe Mouhcine,Fès,34.0187241,-5.0339264,cafe
Cremerie Bouadel,Fès,34.0189443,-5.0341746,cafe
Café Rida,Fès,34.0188861,-5.0341154,cafe
Café Ibiza Plaza,Fès,34.0406323,-5.0148016,cafe
Café Pizzeria La Belle Ville,Fès,34.0132124,-5.0033944,cafe
Café Nice,Fès,34.013902,-4.9619885,cafe
Laiterie Azhar,Fès,34.017024,-5.0329741,cafe
Café El Mardi,Fès,34.014834,-5.0329556,cafe
Laiterie,Fès,34.0145059,-5.0333721,cafe
Café Joe Verson,Fès,34.0144299,-5.0335882,cafe
Laiterie,Fès,34.0145539,-5.0333448,cafe
Café Al Akhawayn,Fès,34.0152219,-5.0336454,cafe
Cafe AL FATH,Fès,34.0162311,-5.0350549,cafe
Café Al Houda,Fès,34.0177053,-5.0351541,cafe
Café Milano,Fès,34.0210268,-5.0354819,cafe
Café Place D'Or,Fès,34.0219446,-5.0359854,cafe
Café Tazi,Fès,34.0234319,-5.0366524,cafe
Cremerie Tazi,Fès,34.0233094,-5.0365779,cafe
Café Sanabil,Fès,34.0228263,-5.0363439,cafe
Salle de jeux,Fès,34.0222421,-5.0360033,cafe
Café Zouhour,Fès,34.0219348,-5.0358139,cafe
Café Les Amis,Fès,34.0217222,-5.0356909,cafe
Café Panorama,Fès,34.0210613,-5.0353073,cafe
Laiterie,Fès,34.0210266,-5.0352871,cafe
Café Al Jaziras,Fès,34.0200112,-5.0348145,cafe
Laiterie,Fès,34.0199854,-5.0348083,cafe
Café Istanboul,Fès,34.0197137,-5.0347202,cafe
Café Sinizia,Fès,34.0193071,-5.0343124,cafe
Laiterie,Fès,34.0194308,-5.0344194,cafe
Café Essarai,Fès,34.0191616,-5.0341323,cafe
Café Salam,Fès,34.018821,-5.0337506,cafe
Café Jaouhate Zouagha,Fès,34.0187626,-5.033703,cafe
Cremerie,Fès,34.0189306,-5.0338557,cafe
Café Narjissia,Fès,34.0177941,-5.0322936,cafe
Café Marjanat,Fès,34.0205992,-5.0350483,cafe
Laiterie,Fès,34.0174024,-5.0290931,cafe
Café Venezia,Fès,34.0174943,-5.0288259,cafe
Laiterie,Fès,34.0176905,-5.0282346,cafe
Café Lacassa,Fès,34.0177199,-5.0281072,cafe
Café Rif,Fès,34.0178126,-5.0278114,cafe
Laiterie Azhar,Fès,34.0179871,-5.0274486,cafe
Café Al Fath,Fès,34.0182648,-5.0268627,cafe
Cremerie,Fès,34.0182777,-5.0268368,cafe
Laiterie,Fès,34.0188656,-5.0260431,cafe
Café IGMIR,Fès,34.0540961,-4.9894895,cafe
Alla oui,Fès,34.0578699,-4.9907943,cafe
Dar Le 44,Fès,34.063194,-4.9828671,cafe
Café Clock,Fès,34.0623369,-4.9831172,cafe
cafe ART COFFEE,Fès,34.035495,-5.0086064,cafe
Café De molen,Fès,34.0355086,-5.0044196,cafe
Café Delices,Fès,34.0341211,-5.0054922,cafe
Café El Alami,Fès,34.0235373,-5.0277328,cafe
Café Marssillia ( Local Fermé ),Fès,34.0207085,-5.0305214,cafe
Laiterie Amal,Fès,34.0216106,-5.0328774,cafe
Cremerie Al Fath,Fès,34.02264,-5.0321241,cafe
Café Al Jaouabir,Fès,34.019046,-5.0359959,cafe
Laiterie,Fès,34.0191347,-5.0374919,cafe
Café Agdal,Fès,34.0204183,-5.038157,cafe
Café Essalam,Fès,34.0216787,-5.0372633,cafe
Laiterie Les Amis,Fès,34.0217453,-5.0372957,cafe
Café Fassi Pool,Fès,34.0218571,-5.0373769,cafe
Café Raha,Fès,34.0219767,-5.0374578,cafe
Cremerie,Fès,34.021335,-5.0376059,cafe
Café Astouria,Fès,34.0190529,-5.0401475,cafe
Café Facandia,Fès,34.0187094,-5.0413565,cafe
Cremerie Al Karam,Fès,34.0176433,-5.0406527,cafe
Cremerie Adouha,Fès,34.0141017,-5.0439842,cafe
Café,Fès,34.0142179,-5.0435916,cafe
Laiterie,Fès,34.0140461,-5.0432886,cafe
Cremerie,Fès,34.0142859,-5.0433889,cafe
Laiterie,Fès,34.0139094,-5.0436902,cafe
Café Coin Ambra,Fès,34.0086413,-5.0336239,cafe
Cremerie El Jaouhara,Fès,34.0082249,-5.03306,cafe
Café Rifi,Fès,34.0147032,-5.0365517,cafe
Laiterie Quods,Fès,34.0149975,-5.0367052,cafe
Café Al Hadath,Fès,34.0149691,-5.0369228,cafe
Cremerie Yassmine,Fès,34.0149033,-5.0353164,cafe
Café Arco Blanco,Fès,34.0127202,-5.0375215,cafe
Café Manarat Sais,Fès,34.0118891,-5.0403395,cafe
Café Manarat Sais,Fès,34.0121701,-5.0403499,cafe
Cremerie,Fès,34.0128756,-5.0408473,cafe
Café,Fès,34.0142743,-5.0409535,cafe
Cremerie Salam,Fès,34.0154433,-5.0415411,cafe
Local Fermé,Fès,34.0148607,-5.0420236,cafe
Café Monde Alfirdaous,Fès,34.0122658,-5.0432127,cafe
Café Terminé,Fès,34.0099503,-5.0362125,cafe
Crémerie,Fès,34.0128665,-5.0400915,cafe
Cremerie,Fès,34.0143756,-5.0416782,cafe
Café barcelona,Fès,34.0633263,-4.9816885,cafe
Café fassi,Fès,34.0617159,-4.9834077,cafe
Jawharaz Bab Boujloud,Fès,34.0617059,-4.9839501,cafe
Café Toni Club,Fès,34.0571057,-5.0269683,cafe
Café Yakout,Fès,34.0097586,-5.0278287,cafe
Cremerie Mou,Fès,34.0097373,-5.0271438,cafe
Café OMI,Fès,34.0096029,-5.0353205,cafe
Café Sahara,Fès,34.0230632,-5.0364307,cafe
Café Habib Allah,Fès,34.0129809,-5.033253,cafe
Café Le Six,Fès,34.0184284,-5.0214017,cafe
Café Yassmin,Fès,34.0700342,-4.9690878,cafe
Café Étoile Medina,Fès,34.0703904,-4.9691065,cafe
Café Zina,Fès,34.0704869,-4.9690961,cafe
Café Paris,Fès,34.0705367,-4.9690968,cafe
Café Levule,Fès,34.0707847,-4.9690501,cafe
Café BILAL,Fès,34.0711664,-4.9686057,cafe
Café El Fath,Fès,34.0708559,-4.9682017,cafe
Café ZALAGH,Fès,34.0706594,-4.9678611,cafe
Café AMBRA PALACE,Fès,34.0704886,-4.9671719,cafe
Café El MANZAH,Fès,34.0703549,-4.9669609,cafe
Café OPERA,Fès,34.0702763,-4.9668008,cafe
Cremerie,Fès,34.0700481,-4.9664289,cafe
Café DAKHLA,Fès,34.0699778,-4.966296,cafe
Café kaoutar riad laymoune,Fès,34.0547518,-5.0420258,cafe
Café Rosa,Fès,34.0517779,-5.0438305,cafe
Café roma termini,Fès,34.0532718,-5.0404832,cafe
Café riyad El mountazah,Fès,34.0520258,-5.0414868,cafe
Cremerie riyad laymoune,Fès,34.0518514,-5.0434184,cafe
Café Jad,Fès,34.0562809,-5.0370729,cafe
Café Houriat Al Bahr,Fès,34.0583149,-5.0377019,cafe
Café Bab Tghate,Fès,34.0588752,-5.0379685,cafe
Café hammioui,Fès,34.0593473,-5.038864,cafe
Café Tarchane,Fès,34.0594649,-5.0390665,cafe
Cremerie,Fès,34.0701104,-4.9660033,cafe
Café Fatyou,Fès,34.0595949,-5.0393559,cafe
Cafe El Karama,Fès,34.0684266,-4.9654041,cafe
Café FARAJ,Fès,34.0682857,-4.9654371,cafe
Café L'espoire Palace,Fès,34.0529726,-5.0371235,cafe
Café La Belle Vie,Fès,34.0531049,-5.0371692,cafe
Café Badr,Fès,34.0681608,-4.9654438,cafe
Café Fidélité,Fès,34.0680498,-4.9654541,cafe
Laiterie,Fès,34.0679267,-4.965473,cafe
Café El Boughaz,Fès,34.0673612,-4.9656459,cafe
Café Errabie,Fès,34.0675406,-4.9656058,cafe
Café Anoual,Fès,34.0671984,-4.9656615,cafe
Café Atlanta,Fès,34.066993,-4.9654045,cafe
Café Al fajr,Fès,34.0672665,-4.9656566,cafe
Laiterie Al Jaouda,Fès,34.066935,-4.9653196,cafe
Café Tidighine,Fès,34.0568647,-5.043594,cafe
Café Disney,Fès,34.0668821,-4.9652506,cafe
Café Marrakech,Fès,34.0668289,-4.9648611,cafe
Café Camelia,Fès,34.0668536,-4.964671,cafe
Snack,Fès,34.0668675,-4.9646199,cafe
Café Sindibad,Fès,34.067342,-4.9639281,cafe
Laiterie,Fès,34.0674095,-4.9636609,cafe
Laiterie,Fès,34.0674329,-4.9635648,cafe
Café Tourat,Fès,34.0674071,-4.9634308,cafe
Café Titanic,Fès,34.0570907,-5.032493,cafe
Cafe Santa Marina,Fès,34.067375,-4.9632613,cafe
Café VALSUGANA,Fès,34.0673121,-4.9630787,cafe
Café Medina Palace,Fès,34.0672792,-4.9629313,cafe
Cremerie Chabab,Fès,34.0669755,-4.9615232,cafe
Cremerie Farah,Fès,34.0670698,-4.9614073,cafe
Cremerie,Fès,34.0671922,-4.9612996,cafe
Café Atlantes,Fès,34.0582163,-5.028816,cafe
Café Retaje,Fès,34.0591787,-5.0256045,cafe
Café Valerosa,Fès,34.0594765,-5.0242604,cafe
Café Omega( fermé),Fès,34.0593799,-5.0247733,cafe
Café Mos (en cour),Fès,34.0592081,-5.025535,cafe
Café Tawn Haouse( en cour),Fès,34.0594169,-5.0245294,cafe
Café Hadaik chaimae(fermé),Fès,34.0592291,-5.025489,cafe
Café Charam Cheikh,Fès,34.0600624,-5.0219123,cafe
Café La Marche verte,Fès,34.0600839,-5.0216804,cafe
Café Ala Vesta,Fès,34.0598901,-5.0215705,cafe
Café News Times,Fès,34.0603173,-5.0221979,cafe
Café Blue Heaven,Fès,34.0602548,-5.0224501,cafe
Café Lourosa,Fès,34.0599524,-5.0236308,cafe
Café Alizeo,Fès,34.0599141,-5.023743,cafe
Café Roma Palace,Fès,34.0598522,-5.023974,cafe
Café Toufah,Fès,34.0632433,-4.9597545,cafe
Café LaColoma Blanca,Fès,34.0598062,-5.0241259,cafe
Café Mesk Lil,Fès,34.0594289,-5.0257781,cafe
Café Assonaa,Fès,34.0634605,-4.9601026,cafe
Café Royal,Fès,34.0634055,-4.9599725,cafe
Café Lausane,Fès,34.0579826,-5.0310333,cafe
Café Najah,Fès,34.0635843,-4.9603874,cafe
Café Quods,Fès,34.0635185,-4.9602452,cafe
Café Marina,Fès,34.0572689,-5.0329657,cafe
Café Opera,Fès,34.0574459,-5.0324123,cafe
Café Bahia,Fès,34.0636325,-4.9604937,cafe
Café Oued Sebou,Fès,34.0636775,-4.9605908,cafe
Café Riad,Fès,34.0637542,-4.9607979,cafe
Café Planet( fermé),Fès,34.0571606,-5.0333572,cafe
Café Arriadia,Fès,34.0638316,-4.9610215,cafe
Café Al Akhaouine,Fès,34.0567138,-5.0350243,cafe
Café kordouba,Fès,34.0565878,-5.0355965,cafe
Café Baraka Al Salam,Fès,34.0638672,-4.9610985,cafe
Café Najah,Fès,34.0639044,-4.9611878,cafe
Café Al Akhawayn,Fès,34.0639581,-4.9612851,cafe
Café Zhour,Fès,34.0640214,-4.9615822,cafe
Café Lamrani,Fès,34.0640022,-4.9614752,cafe
Café Ouahda,Fès,34.0640812,-4.9616948,cafe
Café la Riva de fes,Fès,34.0692993,-4.9655467,cafe
Café L'escapade,Fès,34.0598464,-5.0228134,cafe
Café La vie Palaces,Fès,34.0575164,-5.025768,cafe
Cremerie Ennoure,Fès,34.0578415,-5.023852,cafe
Café Havane Palace,Fès,34.0565181,-5.0321057,cafe
Café Espace El Andalous,Fès,34.0559783,-5.0340119,cafe
Café La Fontaine,Fès,34.0560404,-5.0320663,cafe
Cremerie El Manare,Fès,34.0561472,-5.0303629,cafe
Café Jawad,Fès,34.0565178,-5.0299483,cafe
Café Lilya,Fès,34.0572236,-5.0258163,cafe
Café Paradis Rolaxe,Fès,34.0544425,-5.0264298,cafe
Café Andalous,Fès,34.0669155,-4.9607704,cafe
Crémerie,Fès,34.0655548,-4.9596563,cafe
Café Palestine,Fès,34.0681297,-4.9634051,cafe
Crémerie Brichi,Fès,34.066016,-4.9587754,cafe
Cremerie,Fès,34.065786,-4.9593053,cafe
Cremerie Saad,Fès,34.0658533,-4.9591595,cafe
Crémerie,Fès,34.0664671,-4.9587147,cafe
Café Lamnara,Fès,34.0565348,-5.0359319,cafe
La parisienne,Fès,34.0549212,-5.0266354,cafe
Cremerie Abla,Fès,34.0545137,-5.0275899,cafe
Café figuras,Fès,34.0550891,-5.0286419,cafe
Café 1-2-3,Fès,34.0551988,-5.028657,cafe
Café Talha,Fès,34.0548037,-5.0310382,cafe
Café Ajial,Fès,34.0545986,-5.031075,cafe
Café Jnane Tghate,Fès,34.054654,-5.0323917,cafe
Café jbale Tghate,Fès,34.0549066,-5.0325007,cafe
Café Nada,Fès,34.0544216,-5.0326426,cafe
Café La Paix,Fès,34.054186,-5.0330116,cafe
Café Bismi Allah,Fès,34.0576125,-5.0345718,cafe
Café Molokha,Fès,34.0576403,-5.0344208,cafe
Café Ziyad,Fès,34.0578342,-5.0349416,cafe
Café (cheche),Fès,34.0587317,-5.0360047,cafe
Café Islam,Fès,34.0586334,-5.0320626,cafe
Café La Legend,Fès,34.0594771,-5.0346892,cafe
Café Opera,Fès,34.0601903,-5.0257675,cafe
Café Azzhar,Fès,34.0669281,-4.9582953,cafe
Cremerie El Jawda,Fès,34.0607347,-5.0254128,cafe
Café LA VITAL,Fès,34.0658894,-4.9566819,cafe
Cremerie Aya,Fès,34.0592211,-5.0366951,cafe
Café Hamiche,Fès,34.0593124,-5.0361645,cafe
Café,Fès,34.0642222,-4.9575871,cafe
Café Najid,Fès,34.0683638,-4.9855593,cafe
Café Laaroussi,Fès,34.0684916,-4.985885,cafe
Café Bismillah,Fès,34.0685089,-4.9858035,cafe
Café Al Fouroussia,Fès,34.0684253,-4.9861117,cafe
Café Corsica,Fès,34.068515,-4.9862672,cafe
Café Borj Fès,Fès,34.0683772,-4.9862744,cafe
Café,Fès,34.0682475,-4.9861697,cafe
Café El Borje,Fès,34.068055,-4.9861155,cafe
Café Kaoutar,Fès,34.0678557,-4.9874136,cafe
Café Roma,Fès,34.0678615,-4.9875583,cafe
Café Zohour,Fès,34.0680499,-4.9889374,cafe
Café Tazaka,Fès,34.0680783,-4.9890604,cafe
Café Istanbul,Fès,34.0681001,-4.9893148,cafe
Café Mrjane,Fès,34.0681404,-4.9894877,cafe
Café Barça,Fès,34.0679314,-4.9893565,cafe
Café Zakariae,Fès,34.0678866,-4.9891258,cafe
Café Benzakour,Fès,34.0679442,-4.9895081,cafe
Café Khansae,Fès,34.0677636,-4.9875289,cafe
Café Amine,Fès,34.0677827,-4.9876678,cafe
Café Alaoui,Fès,34.0695086,-4.9691367,cafe
Champs al assil,Fès,34.069639,-4.9691263,cafe
Café zina,Fès,34.0704311,-4.9691259,cafe
Cafe Bassatine,Fès,34.0665829,-4.9620981,cafe
Cafe Bagdadia,Fès,34.0660558,-4.9622411,cafe
Cafe colador,Fès,34.0659057,-4.962257,cafe
Crémerie nayla,Fès,34.0652953,-4.9623157,cafe
Café taouam,Fès,34.0671355,-4.9674574,cafe
Café Al joulan,Fès,34.0664792,-4.9671615,cafe
Café athena,Fès,34.0661008,-4.9673765,cafe
Cremerie morial,Fès,34.0651603,-4.966445,cafe
Café alina,Fès,34.0614459,-4.9521505,cafe
Café elle barakka,Fès,34.0614077,-4.9516588,cafe
Café saad,Fès,34.0617476,-4.9511355,cafe
Crémerie bismi allah,Fès,34.0639322,-4.9534882,cafe
Crémerie salam,Fès,34.064176,-4.9535569,cafe
Café amori mio,Fès,34.0644385,-4.9536786,cafe
Café les amis,Fès,34.0642409,-4.9528936,cafe
Café molay Ali charif,Fès,34.0647285,-4.9545448,cafe
Crémerie jaouuhar,Fès,34.0454357,-4.9552113,cafe
Cafe ifrane,Fès,34.0468009,-4.9574717,cafe
Casse croute al fath,Fès,34.048128,-4.9579373,cafe
Café billale,Fès,34.0522167,-4.9607491,cafe
Café essalam,Fès,34.0533166,-4.9624759,cafe
Café omnia,Fès,34.059638,-4.9565778,cafe
Cremerie el Akhawayain,Fès,34.058887,-4.9547499,cafe
Café brikh,Fès,34.0577055,-4.9550226,cafe
Café salam,Fès,34.0577313,-4.9549084,cafe
Café bahassan,Fès,34.057232,-4.9559562,cafe
Café jabal annour,Fès,34.0569643,-4.9554639,cafe
Café hanane,Fès,34.0684424,-4.9657089,cafe
Café 5 etoile,Fès,34.069465,-4.9655802,cafe
Cafe REDA,Fès,34.0699138,-4.9661528,cafe
Café nakhla,Fès,34.0685989,-4.9656858,cafe
Café nour almanar,Fès,34.0685149,-4.9656907,cafe
Café ben nasser,Fès,34.0632406,-4.9526305,cafe
Café raha,Fès,34.0690762,-4.9655828,cafe
Café houssima,Fès,34.069179,-4.9655587,cafe
Café al jaouhara,Fès,34.0698293,-4.9658821,cafe
Café amal,Fès,34.0703428,-4.9664345,cafe
Cafe al faracha,Fès,34.0656343,-4.9622834,cafe
Crémerie magribe de fes,Fès,34.0659132,-4.9674591,cafe
Café nassime,Fès,34.0617487,-4.9528177,cafe
Café palace,Fès,34.0641005,-4.9535945,cafe
Cafe fakharine,Fès,34.0467418,-4.9572866,cafe
Cafe borj anour,Fès,34.0468532,-4.9576238,cafe
Café car essalam,Fès,34.0496481,-4.960859,cafe
Cafe berlin,Fès,34.0535236,-4.9591835,cafe
Café khlifi,Fès,34.0702088,-4.9662577,cafe
Crémerie real,Fès,34.0539189,-4.9614897,cafe
Cafe marina,Fès,34.0515527,-4.9614805,cafe
Café italy,Fès,34.0530093,-4.9611425,cafe
Café hossam,Fès,34.0590816,-4.9554828,cafe
Café venisia,Fès,34.0700735,-4.9659834,cafe
Café ressala,Fès,34.0483625,-4.9579328,cafe
Café ben makhloufe,Fès,34.0490745,-4.9611346,cafe
Café les amis,Fès,34.0495102,-4.9607941,cafe
Café dar issalam,Fès,34.050104,-4.9607514,cafe
Cafe okri,Fès,34.050405,-4.9613967,cafe
Café el fath,Fès,34.0523583,-4.9607201,cafe
Café vert,Fès,34.0527718,-4.9610203,cafe
Litière pour Alfa nour,Fès,34.0534101,-4.9614639,cafe
Café fleurs des palmiers,Fès,34.0535336,-4.9616325,cafe
Café saad,Fès,34.0536031,-4.9619234,cafe
Istambol,Fès,34.0531343,-4.9594682,cafe
Cremerie med maghrnaoui,Fès,34.0532877,-4.9594164,cafe
Cafe les amis,Fès,34.0535315,-4.9594782,cafe
Cafe qabbali,Fès,34.054624,-4.9591364,cafe
Cafe Upper palace,Fès,34.0595554,-4.9580254,cafe
Café panorama,Fès,34.0592676,-4.9561731,cafe
Café Barj,Fès,34.0591838,-4.9558237,cafe
Café yassin,Fès,34.0589482,-4.9544933,cafe
Crémerie abdellkhalek,Fès,34.0592053,-4.9567727,cafe
Cafe rotana,Fès,34.0586876,-4.9560163,cafe
Cafe mokhless,Fès,34.0572852,-4.9551486,cafe
Cafe régala eamda,Fès,34.0574903,-4.9551684,cafe
Café el fath,Fès,34.0576148,-4.9550873,cafe
Crémerie,Fès,34.057858,-4.9547901,cafe
Café kamra,Fès,34.0573632,-4.9555783,cafe
Café jaouhar,Fès,34.066671,-4.9646467,cafe
Crémerie multaka,Fès,34.066634,-4.9647586,cafe
Café loubna,Fès,34.0667701,-4.964435,cafe
Café Drem,Fès,34.0671918,-4.9634905,cafe
Café Roma,Fès,34.0671621,-4.9631075,cafe
Café oued el makhazin,Fès,34.0670597,-4.962682,cafe
Crémerie Bella roma,Fès,34.0668712,-4.9624866,cafe
Crémerie nahla,Fès,34.0661977,-4.9622258,cafe
Cafe tanga,Fès,34.0654006,-4.9623171,cafe
Cafe aboussaad,Fès,34.0651637,-4.9623595,cafe
Café al founoune,Fès,34.0650148,-4.9624158,cafe
Cafe yassamine,Fès,34.0634231,-4.9551678,cafe
Cafe nasma,Fès,34.0460615,-4.9564801,cafe
Cafe selayman,Fès,34.0463703,-4.9568248,cafe
Café al fath,Fès,34.0477054,-4.9581964,cafe
Café al arrabia,Fès,34.0479309,-4.9580703,cafe
Cremerie jouhara,Fès,34.0527573,-4.9597104,cafe
Cafe zhour,Fès,34.0534009,-4.9592967,cafe
Cafe jnane el ouard,Fès,34.0594704,-4.9564404,cafe
Cafe brichia,Fès,34.0590367,-4.9567272,cafe
Cafe al lkarm,Fès,34.0594521,-4.9566845,cafe
Café bab allah,Fès,34.0607902,-4.9508827,cafe
Crémerie,Fès,34.0665276,-4.9560819,cafe
Café Panorama,Fès,34.0640598,-4.9944368,cafe
Café El Hader,Fès,34.0640488,-4.9946164,cafe
Café Karaouyene,Fès,34.0636614,-4.9953328,cafe
Café Al Rayan,Fès,34.0640087,-4.9968034,cafe
Café Sultan,Fès,34.0637329,-4.9959835,cafe
Café Hamza,Fès,34.0654313,-4.9990466,cafe
Café Rif,Fès,34.0653117,-4.9990888,cafe
Café Nizar,Fès,34.0655475,-4.9989894,cafe
Café Chachi,Fès,34.066618,-4.9983052,cafe
Café Benbrahim,Fès,34.0661407,-4.9987049,cafe
Café El Fath,Fès,34.0662399,-4.9979797,cafe
Café louizate,Fès,34.0535941,-4.961279,cafe
Casse croute Bismillah,Fès,34.0535797,-4.9612221,cafe
Café al farah,Fès,34.059381,-4.9563273,cafe
Café Al Moultaqa,Fès,34.0672021,-4.998196,cafe
Café Youssera,Fès,34.0659294,-4.9989671,cafe
Café Hamza (fermé),Fès,34.0654875,-4.9991998,cafe
Café Jalal,Fès,34.0653726,-4.9992787,cafe
Café El Ghazala,Fès,34.0655724,-4.9999753,cafe
Café jawad,Fès,34.0666224,-4.9994596,cafe
Café raha,Fès,34.0521313,-4.9612234,cafe
Café adwae fes,Fès,34.0496785,-4.9652657,cafe
Café el bourj chamali,Fès,34.0491124,-4.9646185,cafe
Cafe attadamen,Fès,34.0489109,-4.9621708,cafe
Cafe,Fès,34.0482654,-4.9620378,cafe
Cremerie najari,Fès,34.04801,-4.9572896,cafe
Café ranya,Fès,34.0479436,-4.957025,cafe
Café chaoune,Fès,34.0491681,-4.9579516,cafe
Cafe la suit palace,Fès,34.0493681,-4.9579305,cafe
Cafe,Fès,34.0498447,-4.9581,cafe
Café taha,Fès,34.0517895,-4.95785,cafe
Café storia,Fès,34.0502594,-4.9579769,cafe
Café sefian,Fès,34.0520621,-4.9577832,cafe
Café Rotana,Fès,34.0509166,-4.9574332,cafe
Café Amine,Fès,34.0579494,-4.9517938,cafe
Café sabrin,Fès,34.0511935,-4.9571564,cafe
Café Baraka,Fès,34.0574784,-4.9518729,cafe
Café Ilyas,Fès,34.0573628,-4.9516377,cafe
Café Rayan,Fès,34.05762,-4.9513085,cafe
Crémerie,Fès,34.0569948,-4.9509959,cafe
Cremerie Al Akhawayne,Fès,34.0569439,-4.9509242,cafe
Café Al Mahaba,Fès,34.0566666,-4.9505091,cafe
Café Raha,Fès,34.0562469,-4.9499359,cafe
Café Laurida,Fès,34.0564941,-4.9495762,cafe
Cafe saada,Fès,34.0525694,-4.9563679,cafe
Cafe alghazala,Fès,34.0533766,-4.9562699,cafe
Café farah,Fès,34.051863,-4.9567153,cafe
Café Simo Rayan,Fès,34.0554045,-4.9493052,cafe
Cafe arbi jarda,Fès,34.0536718,-4.9566587,cafe
Café Les Amis,Fès,34.0565755,-4.9513954,cafe
Café Bergamo,Fès,34.0567334,-4.9513237,cafe
Café Tidghine,Fès,34.0566185,-4.9513081,cafe
Café Nacer,Fès,34.0564733,-4.9519276,cafe
Cafe hillal,Fès,34.055189,-4.958369,cafe
Café EL fath,Fès,34.0573733,-4.9532997,cafe
Cafe andalous,Fès,34.0555781,-4.9590446,cafe
Cafe hermal,Fès,34.0558214,-4.9598543,cafe
Cafe fawzia,Fès,34.0552753,-4.9594223,cafe
Cafe maghriib el yaem,Fès,34.0565657,-4.9607007,cafe
Café Mouhcine,Fès,34.0685268,-4.9943655,cafe
Café Zalaghe,Fès,34.0688933,-4.9944951,cafe
Café Otmane,Fès,34.0694929,-4.9946206,cafe
Café El Founoune,Fès,34.0691533,-4.9944844,cafe
Café Mabrouka,Fès,34.0563751,-4.9542065,cafe
Café Jazira,Fès,34.067975,-5.0014656,cafe
Café Manzah Fès,Fès,34.0681497,-5.0015407,cafe
Café,Fès,34.0559212,-4.9539947,cafe
Café Maghrib Arabi,Fès,34.0706474,-5.0022515,cafe
Café Ahlam,Fès,34.0557784,-4.9539602,cafe
Café Chami,Fès,34.0683978,-5.0016086,cafe
Café Saada,Fès,34.0707423,-5.0022812,cafe
Crémerie,Fès,34.0547598,-4.9540331,cafe
Café NASSIM,Fès,34.0546111,-4.9539125,cafe
Café Maissae,Fès,34.0708085,-5.0023033,cafe
Café Al Akhawayn,Fès,34.0554254,-4.9543009,cafe
Café El Farasse,Fès,34.0708481,-5.0023163,cafe
ملثقى الالوان,Fès,34.0545008,-4.9538087,cafe
Café Cordoba,Fès,34.0708915,-5.0023265,cafe
Café Ezzahir,Fès,34.0542303,-4.9535797,cafe
Café Chourouk Chams,Fès,34.0709424,-5.00235,cafe
Café Rif El Jadida,Fès,34.0713393,-5.0024628,cafe
Café,Fès,34.0542971,-4.9532933,cafe
Café Rihame,Fès,34.0714686,-5.0024995,cafe
Crémerie Titanic,Fès,34.0533714,-4.9521692,cafe
Café RBIGUI,Fès,34.0533489,-4.9523689,cafe
Café,Fès,34.0532191,-4.9522539,cafe
Crémerie,Fès,34.0530076,-4.9517773,cafe
Crémerie,Fès,34.052881,-4.9516288,cafe
Café Farih,Fès,34.0526167,-4.951359,cafe
Café Mustapha,Fès,34.0694962,-5.0020797,cafe
Café Doha,Fès,34.0684297,-5.0019804,cafe
Café Boushaba,Fès,34.0685082,-5.0023909,cafe
Laiterie Al Hay,Fès,34.0570044,-4.9544758,cafe
Café Sami,Fès,34.0686688,-5.0018532,cafe
Café Rabie,Fès,34.0685086,-5.0018127,cafe
Crémerie fadae fes,Fès,34.060886,-4.9617005,cafe
Crémerie fadae fes,Fès,34.0607958,-4.9612068,cafe
Café Meryamti Bekkali Hamid,Fès,34.0589309,-5.0210584,cafe
Café Tghate,Fès,34.0595034,-5.0212769,cafe
Café Zalagh Palace Senhaji Mohamed et Senhaji Sellam,Fès,34.0609327,-5.0172673,cafe
Café Alaska,Fès,34.0590389,-5.0198154,cafe
Café Noura,Fès,34.0614,-5.0139697,cafe
Café Blanca Ice Bahjaoui Younes,Fès,34.0593057,-5.0121235,cafe
Café Golf,Fès,34.058888,-5.0112547,cafe
Café La grotte Des Pigeons Saidi Fatiha,Fès,34.0612914,-5.0133117,cafe
Cremerie Amine Soufiane Dahbi,Fès,34.0620783,-5.0149929,cafe
Café Faouzi,Fès,34.058645,-5.0209214,cafe
Café Al Foroussia Hamdane Ben Ziad,Fès,34.0601639,-5.0214555,cafe
Cremerie Al Habaib Maghraoui Naima,Fès,34.059102,-5.0124529,cafe
Café Ouslou Azir Abderrahmane,Fès,34.061918,-5.0135492,cafe
Mansouri Rabia Cremerie Al Ikhwa,Fès,34.0604299,-5.0203523,cafe
Café Dali,Fès,34.0607123,-5.0191043,cafe
Café Arij Palace,Fès,34.0595266,-5.0177905,cafe
Cremerie Toulito,Fès,34.0607775,-5.0133714,cafe
Café Samar El Ouanjli Abdessamad,Fès,34.0592074,-5.0109834,cafe
Café Nesma Chouaref Noureddine,Fès,34.0621072,-5.0141237,cafe
Café Citta Alta Khaifallah Zakariae,Fès,34.0607282,-5.0207146,cafe
Café,Fès,34.0605829,-5.0131743,cafe
Café Rahma Zouyten Najima,Fès,34.0596572,-5.0174295,cafe
Azoukane Khalid Laitiere,Fès,34.0620828,-5.0148117,cafe
Kiosque Meknassi Salim Adiba,Fès,34.0604904,-5.0132807,cafe
Café Les Roses Héritiers Batata Ahmed,Fès,34.0620368,-5.0139386,cafe
Café Moudhila,Fès,34.0591642,-5.0120093,cafe
Café De Football,Fès,34.0511668,-4.9497394,cafe
Café Achraf,Fès,34.0505825,-4.9500541,cafe
Café Real,Fès,34.0665743,-5.0027031,cafe
Crémerie ES-ESAADI,Fès,34.0503111,-4.9501129,cafe
Café Ouiam,Fès,34.04997,-4.9501511,cafe
Café Al Basma,Fès,34.0501966,-4.9477749,cafe
Café Kawtar,Fès,34.0667329,-5.0030519,cafe
Crémerie,Fès,34.0493052,-4.9479495,cafe
Café Dahab,Fès,34.0669792,-5.0041303,cafe
Cremerie Bismillah,Fès,34.0670596,-5.0043771,cafe
Cremerie Sanaoubar,Fès,34.067203,-5.0047548,cafe
Café Al Amal,Fès,34.0479563,-4.9524697,cafe
Café Zohour El Hadaik,Fès,34.0684639,-5.0073813,cafe
Café El Faracha,Fès,34.0683594,-5.0077602,cafe
Cremerie,Fès,34.0687932,-5.0079735,cafe
Café Prine,Fès,34.0690151,-5.0084576,cafe
Café El Mahir,Fès,34.0694464,-5.0087632,cafe
Café Adam مقهى آدم,Fès,34.0703121,-5.0079448,cafe
Café Yassamin,Fès,34.0702222,-5.0040352,cafe
Cremerie Beranzaran,Fès,34.049612,-4.9520291,cafe
Kiosque Cremerie Sbai Mohamed,Fès,34.0644961,-5.002195,cafe
Café Reda Hani Fatima et Darif Malika,Fès,34.0643973,-5.0024303,cafe
Laitière Kliyoubatra Benakkadou Rachid,Fès,34.0647416,-5.0014895,cafe
Café Amoiaj Ali Aloulouch,Fès,34.0643011,-5.0027515,cafe
Café Al Amal,Fès,34.0646805,-5.001637,cafe
Laitière Min Fadli Allah Chaouri Abdellah,Fès,34.0647801,-5.0013528,cafe
Café Chalalat Ouzoud Bzioui Abdelaziz,Fès,34.0651601,-5.0008546,cafe
Café Al Anwar Anwar Mansoura,Fès,34.064819,-5.0012157,cafe
Café Amine,Fès,34.0665109,-5.0046769,cafe
Cremerie Souhaile,Fès,34.0670615,-5.0070932,cafe
Café janat,Fès,34.0665776,-5.008865,cafe
Café Kanza,Fès,34.0664338,-5.0098443,cafe
Café Wissal Benayad Charafa,Fès,34.0662286,-5.0025632,cafe
Laitière Saidi Rachid,Fès,34.0628157,-5.0074726,cafe
Café Achaab,Fès,34.0661417,-5.0024476,cafe
Café El Amal Sbai Mohamed,Fès,34.0627931,-5.007547,cafe
Café Mirador Lakhlifi Mohamed,Fès,34.0601584,-5.007506,cafe
Café Nouama Bouzhar Nouama,Fès,34.0627639,-5.0076134,cafe
Café Douae Zouini Fatima Zohra,Fès,34.0625632,-5.0082213,cafe
Café Nouzha,Fès,34.0654998,-5.0010078,cafe
Cremerie La Jeunesse Kara Abdellah,Fès,34.0659307,-5.0019979,cafe
Café Bergamo Bouzekri Idrissi Barnoussi,Fès,34.0661426,-5.0026791,cafe
Café Narjis Bousecsou Mohamed,Fès,34.0664207,-5.0090729,cafe
Café Touhfa Atif Mohamed et Moussaid Khalid,Fès,34.0626874,-5.0078351,cafe
Café Diyae Lafdili Driss et Lafdili Mohamed,Fès,34.0626421,-5.0079698,cafe
Café Salam Hertiers El Biaali Mohamed,Fès,34.0662148,-5.007722,cafe
Laitière Kharrouba Mohamed,Fès,34.0625943,-5.0081143,cafe
Café Bensadouk Essadouki Slimani Redouane,Fès,34.062319,-5.0077803,cafe
Café Maghreb Arabi Boussouf Hammouch,Fès,34.0604097,-5.0083719,cafe
Café L' horizon,Fès,34.06271,-5.0077412,cafe
Café Mabrouka Kernis Said,Fès,34.065609,-5.0011973,cafe
Café Hamza Dico Bassim Mohamed Rachid,Fès,34.0623797,-5.0075395,cafe
Café Black House,Fès,34.0642031,-5.0179031,cafe
Café Azhar El Maslouhi Abdellah,Fès,34.0603593,-5.0086307,cafe
Café Globo El Janati Abdelhak,Fès,34.0622388,-5.0196898,cafe
Café El Kharif Slimi Laaziza,Fès,34.0666248,-5.0076146,cafe
Café El Mariniyine Jalal Mohamed Toufik et Jalal Imad,Fès,34.062981,-5.0069649,cafe
Café Anoual El Azzouzi Hammouch,Fès,34.0628846,-5.0072608,cafe
Café Imouzzer Loukili Driss,Fès,34.063118,-5.0065905,cafe
Café Sahli Mohamed,Fès,34.0645686,-5.0041425,cafe
Cremerie Osmane Abdelati,Fès,34.0652198,-5.0043926,cafe
Café Fatine Alami Fouzia,Fès,34.0658609,-5.0043653,cafe
Café Hadika Laghrissi Lahsen,Fès,34.06513,-5.0033913,cafe
Cremerie Essabahi Hassan,Fès,34.0648922,-5.0040341,cafe
Café Al Moudir,Fès,34.0656818,-5.0042683,cafe
Café Yanboue Bourakkadi Smail,Fès,34.0650629,-5.0048715,cafe
Café El Mountazah Ait El Jid El Hassan,Fès,34.0638629,-5.0087245,cafe
Cremerie El Youssefi Ennabih Rachid,Fès,34.0638973,-5.0085092,cafe
Kiosque Café et Tabac Abd Idamer,Fès,34.0646357,-5.000446,cafe
Kiosque Cremerie Mountazah,Fès,34.0601273,-5.0046947,cafe
Bristol,Fès,34.0291991,-5.0428727,cafe
Café Cap d'Or,Fès,34.0097048,-5.0265007,cafe
Café Molina,Fès,34.0121743,-5.0261447,cafe
Café L'heure du café,Fès,34.0131063,-5.024419,cafe
Café Cap de l'Eau,Fès,34.018021,-5.027401,cafe
Café El Fath,Fès,34.0160772,-5.0306968,cafe
Café Roma,Fès,34.0225493,-5.036128,cafe
Café,Fès,34.0171063,-5.0349499,cafe
Café up doun,Fès,34.037353,-5.0224,cafe
Café ISEO,Fès,34.0379758,-5.02241,cafe
Café Al jadawil,Fès,34.0381323,-5.0224023,cafe
مقهى بلير,Fès,34.0374107,-5.0134117,cafe
Café Maamoura Salon de té,Fès,34.06011,-4.9817591,cafe
Café AFAF,Fès,34.0595771,-4.9818023,cafe
Encanto,Fès,34.0605221,-4.98183,cafe
Café Abdollah,Fès,34.0635284,-4.9781422,cafe
Café la famille,Fès,34.0254978,-5.0441779,cafe
Classico,Fès,34.0650004,-4.9776223,cafe
مقهى الإدريسي,Fès,34.0154108,-5.046685,cafe
Café Smile,Fès,34.0632123,-4.9818682,cafe
Café du jour,Fès,34.0227201,-5.0402496,cafe
Milano,Fès,34.0328407,-5.0438722,cafe
Cafe Tifinar,Fès,34.0612117,-4.9836473,cafe
Café Place Happy,Fès,34.0146221,-4.9664884,cafe
Bamboo Kitchen,Fès,34.0614855,-4.9840685,cafe
Café Paris,Fès,34.064149,-4.9632065,cafe
La Palma,Fès,34.061778,-4.9839287,cafe
Cafe FM,Fès,34.0632749,-4.9661013,cafe
Blue Gate,Fès,34.062076,-4.9816124,cafe
Adam,Fès,34.0671248,-4.9735044,cafe
Café Bruxelle,Fès,34.0088932,-4.9775446,cafe
Café Nevada,Fès,34.0107609,-4.9797015,cafe
Café al aahde el jadid,Fès,34.0116028,-4.9803655,cafe
Abdullah Thé & Café,Fès,34.0643372,-4.9721294,cafe
Café Terrasse Panoramique,Fès,34.0686787,-4.9726903,cafe
Café l’île verte,Fès,34.0708753,-4.9693831,cafe
مقهى ماشاء الله,Fès,34.071061,-4.9688777,cafe
Bomo Coffee,Fès,34.0049731,-5.0013975,cafe
Médina Coffee Mug,Fès,34.0662151,-4.9749667,cafe
Café La villa,Fès,34.0260698,-5.0140438,cafe
مقهى القصر,Safi,32.3077411,-9.228264,cafe
California,Safi,32.2858408,-9.2287755,cafe
oscor,Safi,32.2899789,-9.2274493,cafe
café plateau (Safi ),Safi,32.2934807,-9.2353286,cafe
Cafe Glacier Asala (Safi ),Safi,32.2932586,-9.2337837,cafe
Café ElFarass,Safi,32.2823884,-9.2277963,cafe
Zenith,Safi,32.2946736,-9.2332854,cafe
Café Requin Bleu,Safi,32.2901933,-9.2212528,cafe
café benaychour,Safi,32.2621503,-9.2483074,cafe
café ouazzani,Safi,32.2615857,-9.2483956,cafe
Café Le Phénicien,Safi,32.3066486,-9.2418054,cafe
SafCity,Safi,32.2942668,-9.2290695,cafe
Niagara,Safi,32.2943105,-9.2290534,cafe
La cascade,Safi,32.2939984,-9.2332249,cafe
Café Riyad,Safi,32.2937241,-9.2337222,cafe
Tartine,Safi,32.2942138,-9.2333252,cafe
Café Rihab,Safi,32.2919004,-9.2324509,cafe
Café Rihab مقهى الرحاب,Safi,32.2934081,-9.2332457,cafe
Café Le Jardin,Safi,32.301729,-9.2373076,cafe
Café Dourcas,Safi,32.3222494,-9.2258164,cafe
Addahabiya,Safi,32.2905668,-9.2396687,cafe
Café Colibris,Safi,32.2905389,-9.2410521,cafe
Café Jour Et Nuit,Safi,32.2938983,-9.2342023,cafe
Pattiserie,Safi,32.2913064,-9.2428478,cafe
boulangerie & patisserie OUKAIMDEN,Safi,32.2936092,-9.2347085,cafe
Cafe Alyassamine,Safi,32.3210051,-9.2302843,cafe
Café Mzoughen,Safi,32.324998,-9.2318534,cafe
Cafe des Rempapts,Safi,32.2988428,-9.2429271,cafe
Avocat,Safi,32.2954441,-9.2280465,cafe
L'express café,El Jadida,33.2583801,-8.5100379,cafe
Café FALORA,El Jadida,33.2508245,-8.5320497,cafe
MODHILA,El Jadida,33.2290005,-8.5007341,cafe
Cafe Glacier Chams,El Jadida,33.2471346,-8.4973535,cafe
Bien Venue Cafe,El Jadida,33.246677,-8.5002387,cafe
Cafe Dikra,El Jadida,33.2477694,-8.5005654,cafe
Le Lokal,El Jadida,33.2564129,-8.5022374,cafe
Mille d'Or,El Jadida,33.2304437,-8.4845338,cafe
Adresse House,El Jadida,33.2293625,-8.4874194,cafe
Café Amira,El Jadida,33.2523602,-8.5145133,cafe
Café Malmo FF,El Jadida,33.2296382,-8.4932363,cafe
Espace Etoile,El Jadida,33.2251127,-8.5024215,cafe
Jivara,El Jadida,33.2251306,-8.5025985,cafe
La Falaise,El Jadida,33.2281368,-8.5044725,cafe
Nevada,El Jadida,33.2281667,-8.5045422,cafe
Paoula,El Jadida,33.2283582,-8.506659,cafe
Les Vagues,El Jadida,33.24736,-8.4948769,cafe
Smiley Beach,El Jadida,33.2492285,-8.4985537,cafe
102,El Jadida,33.2322185,-8.486478,cafe
O'Parc,El Jadida,33.2468205,-8.4970234,cafe
El Khair,El Jadida,33.2424316,-8.4987839,cafe
Jawhara,El Jadida,33.2426141,-8.4979256,cafe
Café de La Gare,El Jadida,33.2446902,-8.4993751,cafe
Riad,El Jadida,33.2487023,-8.5010336,cafe
Oscar,El Jadida,33.2495192,-8.4995794,cafe
Lokman,El Jadida,33.2548782,-8.5041454,cafe
La Détente,El Jadida,33.2501519,-8.5038652,cafe
Café la Tulibe,El Jadida,33.2503697,-8.5006182,cafe
Dar Atay,El Jadida,33.2563909,-8.5023244,cafe
Haoua,El Jadida,33.2561712,-8.5026373,cafe
La Détente,El Jadida,33.2502844,-8.5040006,cafe
Arriadia,El Jadida,33.2517819,-8.5046571,cafe
Nzaha,El Jadida,33.2516645,-8.5048109,cafe
Café Soundouss,El Jadida,33.2493047,-8.4497678,cafe
Istanbul,El Jadida,33.2244568,-8.5004322,cafe
Paoula,El Jadida,33.2283492,-8.5067416,cafe
Formidable,El Jadida,33.2271703,-8.5069356,cafe
La Mémoire,El Jadida,33.2268288,-8.4987809,cafe
Azzaytouna,El Jadida,33.2284061,-8.4996302,cafe
Venezia Ice,El Jadida,33.2354384,-8.503962,cafe
La Vallée,El Jadida,33.2340934,-8.4991707,cafe
Hill Side Coffee,El Jadida,33.2389285,-8.4977128,cafe
Solymar,El Jadida,33.2472824,-8.4947398,cafe
Yasmina,El Jadida,33.2474369,-8.4950091,cafe
La Costa,El Jadida,33.2500122,-8.4982895,cafe
La Varenne,El Jadida,33.2503097,-8.4986391,cafe
La Rose,El Jadida,33.2504559,-8.4988099,cafe
Dades Diamantine,El Jadida,33.2506405,-8.4990335,cafe
Les 4 Dauphins,El Jadida,33.2507808,-8.4992019,cafe
La Kasbah,El Jadida,33.2450164,-8.5008877,cafe
Tout Va Bien,El Jadida,33.2509906,-8.5032161,cafe
Zahwa,El Jadida,33.2523112,-8.503512,cafe
Café do Mar,El Jadida,33.2568235,-8.5014832,cafe
Café Fikhra,El Jadida,33.2574316,-8.5050114,cafe
Weld El-Lawya,El Jadida,33.2550042,-8.5054853,cafe
Café Chaimaa,El Jadida,33.2329685,-8.536864,cafe
La Qualita,El Jadida,33.2267629,-8.4990274,cafe
Café Marmara,El Jadida,33.2443016,-8.5130888,cafe
Café Cappuccino,El Jadida,33.2448743,-8.5124357,cafe
Cafe du Nord,Nador,35.1616279,-2.9305203,cafe
Café Molen,Nador,35.152802,-2.9259108,cafe
Sélect,Nador,35.1529572,-2.9232695,cafe
Cafe Palace,Nador,35.1744294,-2.9221428,cafe
Café Riad,Nador,35.1745832,-2.9223397,cafe
مقهى سيدني,Nador,35.1499546,-2.9270799,cafe
مقهى مدقة الزهرة,Nador,35.148685,-2.9246092,cafe
مقهى لافازا,Nador,35.1531732,-2.9206512,cafe
Café du Zénith,Nador,35.1673202,-2.9174644,cafe
مقهى مدريد,Nador,35.1672269,-2.9176556,cafe
The Box Club Cafe,Nador,35.1716218,-2.9280244,cafe
Café Novo Class,Nador,35.1489474,-2.9094359,cafe
Café Halli,Nador,35.17077,-2.9325039,cafe
Café Everest,Nador,35.1744883,-2.9223797,cafe
Cherry & Berry,Nador,35.1730952,-2.9153527,cafe
Mina Rosita,Nador,35.1524663,-2.9157704,cafe
Cae Mehdi,Ouarzazate,30.9205964,-6.91449,cafe
الهمة,Ouarzazate,30.9266423,-6.9284717,cafe
Akabar,Ouarzazate,30.9192179,-6.9058061,cafe
Cae Tamda,Ouarzazate,30.9205647,-6.9147655,cafe
Cuisine divers,Ouarzazate,30.9217287,-6.9137328,cafe
El Mouahidine,Ouarzazate,30.9217193,-6.913877,cafe
Amsterdam امستردام,Ouarzazate,30.927359,-6.9037779,cafe
Amaziz,Ouarzazate,30.927529,-6.9044493,cafe
Chinzen,Ouarzazate,30.9281287,-6.9011158,cafe
الركن الذهبي,Ouarzazate,30.9259902,-6.9078242,cafe
Sabrine,Ouarzazate,30.9204418,-6.8982595,cafe
Café Assarag,Ouarzazate,30.9027366,-6.9112934,cafe
Café al Hizame,Ouarzazate,30.9273753,-6.9268508,cafe
Café Valencia,Ouarzazate,30.9281066,-6.8999602,cafe
TF,Ouarzazate,30.9218762,-6.9072841,cafe
Jus Master,Ouarzazate,30.9235957,-6.9124176,cafe
New Assafar,Ouarzazate,30.9273277,-6.9043793,cafe
Glacier 3 Mars,Ouarzazate,30.9219764,-6.9241339,cafe
Café Noura,Ouarzazate,30.9223791,-6.9254301,cafe
Café septièmle art,Ouarzazate,30.9227662,-6.9252557,cafe
Café,Berkane,34.9327409,-2.2769024,cafe
Café Soussi,Berkane,34.9293911,-2.3130966,cafe
Café Des Etudiants,Berkane,34.922807,-2.3277265,cafe
Café Titanic,Berkane,34.9257137,-2.3312238,cafe
Café Royal,Berkane,34.9263603,-2.3319158,cafe
Café le printemps,Berkane,34.9260458,-2.3315993,cafe
Café kadis,Berkane,34.9256082,-2.331382,cafe
Café Faransa,Berkane,34.9253882,-2.3311429,cafe
Café aghdal,Berkane,34.9243809,-2.3086091,cafe
Café Al Missri,Berkane,34.9223804,-2.3267439,cafe
Café al arrahma,Berkane,34.9324304,-2.3219791,cafe
Cafe IN,Berkane,34.9299215,-2.3083792,cafe
La Maison Gourmande,Essaouira,31.5038705,-9.7582363,cafe
Syfax billiards-espresso,Essaouira,31.5022674,-9.756568,cafe
billiard,Essaouira,31.5015676,-9.7571233,cafe
Ch`Rif cofe resturant popolar,Essaouira,31.5035114,-9.7621699,cafe
Baashir,Essaouira,31.5117191,-9.7715687,cafe
Café Océan,Essaouira,31.5055386,-9.7636202,cafe
Le Murex,Essaouira,31.5057712,-9.7636128,cafe
Café de France,Essaouira,31.5126976,-9.7718136,cafe
Café La cloche,Essaouira,31.5090692,-9.7562407,cafe
Mega Loft,Essaouira,31.5145561,-9.772059,cafe
Café Berbere,Essaouira,31.5135522,-9.7717723,cafe
Sweet Clock Literary Cafe,Essaouira,31.5124354,-9.76379,cafe
Cafe plus,Essaouira,31.5009305,-9.7564282,cafe
Étoile,Essaouira,31.5041566,-9.7592994,cafe
Pause Cafe,Essaouira,31.5058495,-9.7610845,cafe
"CP2 12,7 km RAVITO",Essaouira,31.5484868,-9.6628999,cafe
Cafe Mekhla,Essaouira,31.5070924,-9.7573608,cafe
Taraa Essaouira,Essaouira,31.5154752,-9.7681243,cafe
L'atelier,Essaouira,31.5111456,-9.7704895,cafe
Caravane Cafe,Essaouira,31.5133033,-9.768719,cafe
مقهى الحرباء,Essaouira,31.5149612,-9.7714605,cafe
Street food,Essaouira,31.5164782,-9.759838,cafe
patesserie Chef driss,Essaouira,31.5127191,-9.7716206,cafe
Mandala Society,Essaouira,31.5134601,-9.7690345,cafe
Good coffee,Essaouira,31.5076414,-9.7608879,cafe
Café Naples,Essaouira,31.5149979,-9.7618631,cafe
Café Essaouira,Essaouira,31.5159302,-9.7591899,cafe
Pumpkin,Essaouira,31.5133014,-9.769309,cafe
Moga Style,Essaouira,31.5105834,-9.7658329,cafe
Pause Coffee,Essaouira,31.5017175,-9.7584596,cafe
Coffee on the roof,Essaouira,31.5146402,-9.7718821,cafe
Fanatic,Essaouira,31.5066658,-9.7646525,cafe
Banque Populaire البنك الشعبي,Casablanca,33.5890756,-7.6338773,atm
Bank of Africa ⵍⴱⴰⵏⴽ ⵏ ⴰⴼⵔⵉⵇⵢⴰ بنك أفريقيا,Casablanca,33.5893741,-7.634147,atm
Crédit du Maroc مصرف المغرب,Casablanca,33.5940201,-7.5960752,atm
Saham Bank سهام بنك,Casablanca,33.5904264,-7.6028811,atm
Attijariwafa,Casablanca,33.5905704,-7.6033869,atm
Saham Bank سهام بنك,Casablanca,33.5941631,-7.5958177,atm
Attijariwafa,Casablanca,33.5943061,-7.5955924,atm
Saham Bank سهام بنك,Casablanca,33.5912854,-7.5908503,atm
Saham Bank سهام بنك,Casablanca,33.59684,-7.6699147,atm
Saham Bank سهام بنك,Casablanca,33.5951106,-7.6274401,atm
BMCI البنك المغربي للتجارة والصناعة,Casablanca,33.5950257,-7.6276333,atm
ATM,Casablanca,33.5951397,-7.6273382,atm
BMCI البنك المغربي للتجارة والصناعة,Casablanca,33.5774783,-7.6470695,atm
Banque Populaire البنك الشعبي,Casablanca,33.5772814,-7.6473402,atm
Attijariwafa Bank التجاري وفا بنك,Casablanca,33.587136,-7.639214,atm
ATM,Casablanca,33.5943551,-7.6337971,atm
BMCI Ziraoui,Casablanca,33.594373,-7.633722,atm
Banque Populaire البنك الشعبي,Casablanca,33.515764,-7.6552273,atm
Crédit du Maroc مصرف المغرب,Casablanca,33.596916,-7.6136515,atm
Saham Bank سهام بنك,Casablanca,33.5783115,-7.6460522,atm
Attijariwafa Bank التجاري وفا بنك,Casablanca,33.584381,-7.6434803,atm
Attijariwafa Bank التجاري وفا بنك,Casablanca,33.5862476,-7.6348076,atm
Bank of Africa ⵍⴱⴰⵏⴽ ⵏ ⴰⴼⵔⵉⵇⵢⴰ بنك أفريقيا,Casablanca,33.584005,-7.6397371,atm
BMCI البنك المغربي للتجارة والصناعة,Casablanca,33.5843009,-7.6395782,atm
Banque Populaire البنك الشعبي,Casablanca,33.5839877,-7.6401329,atm
Bank of Africa ⵍⴱⴰⵏⴽ ⵏ ⴰⴼⵔⵉⵇⵢⴰ بنك أفريقيا,Casablanca,33.5438403,-7.5624959,atm
wafa banc,Casablanca,33.5416296,-7.5659403,atm
Attijari Wafa Bank,Casablanca,33.5641341,-7.5558126,atm
Wafa Salaf,Casablanca,33.5640954,-7.5556971,atm
BMCI البنك المغربي للتجارة والصناعة,Casablanca,33.5796676,-7.6402266,atm
Banque Populaire البنك الشعبي,Casablanca,33.5811455,-7.6420162,atm
ATM,Casablanca,33.5981854,-7.6321859,atm
Attijariwafa Bank التجاري وفا بنك,Casablanca,33.5788362,-7.6367765,atm
Saham Bank سهام بنك,Casablanca,33.5846639,-7.632696,atm
Crédit du Maroc مصرف المغرب,Casablanca,33.5920259,-7.6397531,atm
BMCI البنك المغربي للتجارة والصناعة,Casablanca,33.6143354,-7.4868055,atm
Crédit Agricole du Maroc القرض الفلاحي للمغرب,Casablanca,33.6093458,-7.4968501,atm
Bank of Africa ⵍⴱⴰⵏⴽ ⵏ ⴰⴼⵔⵉⵇⵢⴰ بنك أفريقيا,Casablanca,33.5902895,-7.6382841,atm
attijari wafa bank,Casablanca,33.574,-7.6245881,atm
Attijari wafa Bank التجاري وفا بنك,Casablanca,33.5730262,-7.6570534,atm
Banque Populaire البنك الشعبي,Casablanca,33.5734687,-7.6554709,atm
BMCI البنك المغربي للتجارة والصناعة,Casablanca,33.5705232,-7.6507462,atm
CIH Bank القرض العقاري والسياحي,Casablanca,33.5704892,-7.6257379,atm
Banque Populaire البنك الشعبي,Casablanca,33.5714899,-7.6201025,atm
Attijariwafa Bank التجاري وفا بنك,Casablanca,33.5913307,-7.6263338,atm
Crédit du Maroc مصرف المغرب,Casablanca,33.5919205,-7.6265726,atm
Wafa Immobilier,Casablanca,33.585022,-7.631003,atm
Attijariwafa Bank التجاري وفا بنك,Casablanca,33.5829715,-7.6147125,atm
Crédit Agricole du Maroc القرض الفلاحي للمغرب,Casablanca,33.5877018,-7.6437372,atm
CFG Bank,Casablanca,33.5875096,-7.6429072,atm
Bmci Moulay Youssef,Casablanca,33.6037336,-7.6335217,atm
Crédit Agricole du Maroc القرض الفلاحي للمغرب,Casablanca,33.5953617,-7.5861657,atm
Attijawirafa,Casablanca,33.5910558,-7.5905094,atm
Banque Populaire البنك الشعبي,Casablanca,33.5931136,-7.5884871,atm
BMCI البنك المغربي للتجارة والصناعة,Casablanca,33.5906092,-7.5911107,atm
Crédit Agricole,Casablanca,33.5554004,-7.6847135,atm
B M C E,Casablanca,33.5562892,-7.684813,atm
BMCI البنك المغربي للتجارة والصناعة,Casablanca,33.5933558,-7.6241331,atm
Bank of Africa ⵍⴱⴰⵏⴽ ⵏ ⴰⴼⵔⵉⵇⵢⴰ بنك أفريقيا,Casablanca,33.592173,-7.6243384,atm
Chaabi bank,Casablanca,33.592705,-7.6265983,atm
Saham Bank سهام بنك,Casablanca,33.5963722,-7.6163301,atm
Saham Bank سهام بنك,Casablanca,33.5692128,-7.6445823,atm
ATM,Casablanca,33.5963544,-7.616749,atm
BMCI البنك المغربي للتجارة والصناعة,Casablanca,33.5957356,-7.6170986,atm
Banque Populaire البنك الشعبي,Casablanca,33.592835,-7.6236063,atm
Banque Populaire البنك الشعبي,Casablanca,33.5942905,-7.6286331,atm
Bank of Africa ⵍⴱⴰⵏⴽ ⵏ ⴰⴼⵔⵉⵇⵢⴰ بنك أفريقيا,Casablanca,33.5947467,-7.6517194,atm
Banque Populaire البنك الشعبي,Casablanca,33.5905294,-7.6271794,atm
Banque Populaire البنك الشعبي,Casablanca,33.5950973,-7.6246073,atm
Bank of Africa ⵍⴱⴰⵏⴽ ⵏ ⴰⴼⵔⵉⵇⵢⴰ بنك أفريقيا,Casablanca,33.595656,-7.6249462,atm
Saham Bank سهام بنك,Casablanca,33.5927036,-7.6278928,atm
Bureau de change,Casablanca,33.5939524,-7.6183165,atm
wafa bank,Casablanca,33.5513918,-7.5885397,atm
Banque Populaire البنك الشعبي,Casablanca,33.5514343,-7.5884136,atm
Saham Bank سهام بنك,Casablanca,33.5893357,-7.629244,atm
Attijariwafa Bank التجاري وفا بنك,Casablanca,33.5890625,-7.6284723,atm
Attijariwafa Bank التجاري وفا بنك,Casablanca,33.572162,-7.6170907,atm
Attijariwafa Bank التجاري وفا بنك,Casablanca,33.5711886,-7.6125519,atm
CIH Bank القرض العقاري والسياحي,Casablanca,33.5826822,-7.6200806,atm
Attijariwafa Bank التجاري وفا بنك,Casablanca,33.5832627,-7.6135545,atm
Credit Agricole Du Maroc,Casablanca,33.5828486,-7.6188187,atm
Bank of Africa ⵍⴱⴰⵏⴽ ⵏ ⴰⴼⵔⵉⵇⵢⴰ بنك أفريقيا,Casablanca,33.5853104,-7.620091,atm
Crédit du Maroc مصرف المغرب,Casablanca,33.5951163,-7.6156706,atm
BMCI البنك المغربي للتجارة والصناعة,Casablanca,33.5945122,-7.6164254,atm
Banque Populaire البنك الشعبي,Casablanca,33.5947826,-7.6166764,atm
AXA,Casablanca,33.5972137,-7.6143768,atm
Al Barid Bank,Casablanca,33.5949182,-7.6133078,atm
Banque Populaire البنك الشعبي,Casablanca,33.5988085,-7.6148494,atm
Saham Bank سهام بنك,Casablanca,33.5949473,-7.6137513,atm
ATM,Casablanca,33.5994222,-7.6129472,atm
ATM,Casablanca,33.5997653,-7.6125836,atm
Banque populaire,Casablanca,33.5993236,-7.6130555,atm
Saham Bank سهام بنك,Casablanca,33.5829854,-7.6172417,atm
Banque Populaire البنك الشعبي,Casablanca,33.5872605,-7.6045962,atm
Banque Populaire البنك الشعبي,Casablanca,33.5898465,-7.5925992,atm
Crédit du Maroc,Casablanca,33.5902516,-7.5930334,atm
Bank of Africa ⵍⴱⴰⵏⴽ ⵏ ⴰⴼⵔⵉⵇⵢⴰ بنك أفريقيا,Casablanca,33.5857195,-7.613722,atm
Saham Bank سهام بنك,Casablanca,33.5877588,-7.61234,atm
Bank of Africa ⵍⴱⴰⵏⴽ ⵏ ⴰⴼⵔⵉⵇⵢⴰ بنك أفريقيا,Casablanca,33.5920072,-7.6146983,atm
Banque Populaire البنك الشعبي,Casablanca,33.5921804,-7.6143549,atm
CIH,Casablanca,33.5913568,-7.5950723,atm
Bank of Africa ⵍⴱⴰⵏⴽ ⵏ ⴰⴼⵔⵉⵇⵢⴰ بنك أفريقيا,Casablanca,33.6204182,-7.4869892,atm
BMCI البنك المغربي للتجارة والصناعة,Casablanca,33.5957998,-7.5873194,atm
BMCI البنك المغربي للتجارة والصناعة,Casablanca,33.5568697,-7.6440853,atm
Saham Bank سهام بنك,Casablanca,33.5574043,-7.6440544,atm
BMCI البنك المغربي للتجارة والصناعة,Casablanca,33.6183545,-7.4858191,atm
Saham Bank سهام بنك,Casablanca,33.5516865,-7.6806685,atm
Attijariwafa Bank,Casablanca,33.5869941,-7.6379023,atm
attijari bank التجاري بنك,Casablanca,33.546808,-7.6817859,atm
résidence cheminots,Casablanca,33.5995386,-7.5664679,atm
Banque Populaire البنك الشعبي,Casablanca,33.5512072,-7.6820566,atm
ATM,Casablanca,33.5635718,-7.5629179,atm
Attijariwafa Bank التجاري وفا بنك,Casablanca,33.5964253,-7.6149627,atm
Attijariwafa bank التجاري وفا بنك,Casablanca,33.5710207,-7.6462093,atm
Saham Bank سهام بنك,Casablanca,33.5479492,-7.5998956,atm
Dar,Casablanca,33.5587597,-7.5513526,atm
Bank of Africa ⵍⴱⴰⵏⴽ ⵏ ⴰⴼⵔⵉⵇⵢⴰ بنك أفريقيا,Casablanca,33.5759213,-7.5113386,atm
Bank of Africa ⵍⴱⴰⵏⴽ ⵏ ⴰⴼⵔⵉⵇⵢⴰ بنك أفريقيا,Casablanca,33.5884324,-7.6271922,atm
crédit du maroc مصرف المغرب,Casablanca,33.5463405,-7.595402,atm
Bank of Africa ⵍⴱⴰⵏⴽ ⵏ ⴰⴼⵔⵉⵇⵢⴰ بنك أفريقيا,Casablanca,33.6073154,-7.536628,atm
Banque Populaire البنك الشعبي,Casablanca,33.6064883,-7.5390475,atm
Crédit du Maroc مصرف المغرب,Casablanca,33.6074011,-7.536729,atm
attijariwafa,Casablanca,33.606693,-7.5393387,atm
ATM,Casablanca,33.5740155,-7.5284972,atm
ATM,Casablanca,33.6115524,-7.5134651,atm
ATM,Casablanca,33.6116172,-7.5133176,atm
ATM,Casablanca,33.6055793,-7.6289582,atm
ATM,Casablanca,33.6058291,-7.6291133,atm
Saham Bank سهام بنك,Casablanca,33.5948704,-7.6144674,atm
Bank of Africa,Casablanca,33.6058897,-7.6291542,atm
ATM,Casablanca,33.5904553,-7.6028211,atm
Saham Bank سهام بنك,Casablanca,33.535796,-7.64,atm
Saham Bank سهام بنك,Casablanca,33.5412035,-7.6771022,atm
cih,Casablanca,33.5409469,-7.6769143,atm
barid,Casablanca,33.5411073,-7.676741,atm
CIH,Casablanca,33.5583892,-7.6931623,atm
Attijari wafa banque,Casablanca,33.5585255,-7.6932683,atm
Banque Populaire البنك الشعبي,Casablanca,33.5582714,-7.6930562,atm
ATM,Casablanca,33.560682,-7.6912759,atm
ATM,Casablanca,33.5936893,-7.6030594,atm
Banque Popular,Casablanca,33.5879293,-7.5994827,atm
Bank of Africa ⵍⴱⴰⵏⴽ ⵏ ⴰⴼⵔⵉⵇⵢⴰ بنك أفريقيا,Casablanca,33.5882566,-7.6026651,atm
ATM,Casablanca,33.5904865,-7.6047841,atm
Banque Populare,Casablanca,33.5843184,-7.5979055,atm
BMC Bank,Casablanca,33.5775745,-7.5996825,atm
BMCI البنك المغربي للتجارة والصناعة,Casablanca,33.5852636,-7.6002605,atm
Bank of Africa ⵍⴱⴰⵏⴽ ⵏ ⴰⴼⵔⵉⵇⵢⴰ بنك أفريقيا,Casablanca,33.5639577,-7.5949162,atm
Crédit du Maroc مصرف المغرب,Casablanca,33.5769879,-7.6152031,atm
BMCI البنك المغربي للتجارة والصناعة,Casablanca,33.5735141,-7.6146291,atm
Bank of Africa ⵍⴱⴰⵏⴽ ⵏ ⴰⴼⵔⵉⵇⵢⴰ بنك أفريقيا,Casablanca,33.5659726,-7.5848472,atm
Banque Populaire البنك الشعبي,Casablanca,33.5654216,-7.5890529,atm
BMCI البنك المغربي للتجارة والصناعة,Casablanca,33.5637365,-7.5916922,atm
CIH Bank القرض العقاري والسياحي,Casablanca,33.5911031,-7.6053084,atm
Bank of Africa ⵍⴱⴰⵏⴽ ⵏ ⴰⴼⵔⵉⵇⵢⴰ بنك أفريقيا,Casablanca,33.5344624,-7.5788344,atm
Attijarlwafa Bank,Casablanca,33.5502728,-7.602362,atm
Bank of Africa ⵍⴱⴰⵏⴽ ⵏ ⴰⴼⵔⵉⵇⵢⴰ بنك أفريقيا,Casablanca,33.5504427,-7.6024063,atm
Credit Agricole du Maroc,Casablanca,33.5481369,-7.6020871,atm
Attijarlwafa Bank,Casablanca,33.5367445,-7.5968756,atm
BMCI البنك المغربي للتجارة والصناعة,Casablanca,33.5374633,-7.586132,atm
BMCI Bank,Casablanca,33.5394234,-7.5931607,atm
Crédit du Maroc,Casablanca,33.5388349,-7.5917298,atm
Bank Attijariwafa,Casablanca,33.5371615,-7.5873873,atm
Attijariwafa Bank التجاري وفا بنك,Casablanca,33.5708815,-7.5877306,atm
BMCI البنك المغربي للتجارة والصناعة,Casablanca,33.5672845,-7.5861079,atm
Attijariwafa Bank التجاري وفا بنك,Casablanca,33.5690132,-7.5841713,atm
Bank of Africa ⵍⴱⴰⵏⴽ ⵏ ⴰⴼⵔⵉⵇⵢⴰ بنك أفريقيا,Casablanca,33.5698166,-7.5829294,atm
Saham Bank سهام بنك,Casablanca,33.5721129,-7.5813362,atm
Crédit du Maroc,Casablanca,33.5638203,-7.5922944,atm
Attijariwafa Bank التجاري وفا بنك,Casablanca,33.5636918,-7.5948679,atm
Saham Bank سهام بنك,Casablanca,33.5638706,-7.5949001,atm
Attijariwafa Bank التجاري وفا بنك,Casablanca,33.5733532,-7.5975984,atm
Bank of Africa ⵍⴱⴰⵏⴽ ⵏ ⴰⴼⵔⵉⵇⵢⴰ بنك أفريقيا,Casablanca,33.5700647,-7.5959288,atm
Attijariwafa Bank التجاري وفا بنك,Casablanca,33.5448754,-7.5627257,atm
BMCI البنك المغربي للتجارة والصناعة,Casablanca,33.5461966,-7.5640132,atm
Attijariwafa Bank التجاري وفا بنك,Casablanca,33.5507479,-7.5683369,atm
Saham Bank سهام بنك,Casablanca,33.5403193,-7.56842,atm
Attijariwafa Bank التجاري وفا بنك,Casablanca,33.5420206,-7.5710687,atm
Bank of Africa ⵍⴱⴰⵏⴽ ⵏ ⴰⴼⵔⵉⵇⵢⴰ بنك أفريقيا,Casablanca,33.5414249,-7.5720571,atm
Crédit du Maroc,Casablanca,33.5414092,-7.5720866,atm
CIH Bank القرض العقاري والسياحي,Casablanca,33.5406279,-7.573421,atm
BMCI البنك المغربي للتجارة والصناعة,Casablanca,33.5412963,-7.5728966,atm
Credit du Maroc,Casablanca,33.5373906,-7.5732909,atm
Bank of Africa ⵍⴱⴰⵏⴽ ⵏ ⴰⴼⵔⵉⵇⵢⴰ بنك أفريقيا,Casablanca,33.537432,-7.5732239,atm
Saham Bank سهام بنك,Casablanca,33.5398331,-7.5752556,atm
Attijariwafa Bank التجاري وفا بنك,Casablanca,33.546666,-7.5718962,atm
Saham Bank سهام بنك,Casablanca,33.5455181,-7.5737295,atm
Attijariwafa Bank التجاري وفا بنك,Casablanca,33.5430345,-7.5749955,atm
CIH Bank القرض العقاري والسياحي,Casablanca,33.550749,-7.5684757,atm
Banque Populaire البنك الشعبي,Casablanca,33.542242,-7.5792548,atm
Attijariwafa Bank التجاري وفا بنك,Casablanca,33.5507914,-7.5683999,atm
Bank of Africa ⵍⴱⴰⵏⴽ ⵏ ⴰⴼⵔⵉⵇⵢⴰ بنك أفريقيا,Casablanca,33.5461016,-7.576236,atm
Attijariwafa Bank التجاري وفا بنك,Casablanca,33.5481593,-7.5728175,atm
BMCI البنك المغربي للتجارة والصناعة,Casablanca,33.5480766,-7.5782892,atm
Saham Bank سهام بنك,Casablanca,33.5466012,-7.5759852,atm
Attijariwafa Bank التجاري وفا بنك,Casablanca,33.5476463,-7.5742659,atm
BMCI البنك المغربي للتجارة والصناعة,Casablanca,33.5487036,-7.5724554,atm
Banque Populaire البنك الشعبي,Casablanca,33.5502661,-7.5804779,atm
Bank of Africa ⵍⴱⴰⵏⴽ ⵏ ⴰⴼⵔⵉⵇⵢⴰ بنك أفريقيا,Casablanca,33.6009045,-7.5871781,atm
BMCI البنك المغربي للتجارة والصناعة,Casablanca,33.6021309,-7.583364,atm
CIH Bank القرض العقاري والسياحي,Casablanca,33.5567093,-7.5846702,atm
Banque Populaire البنك الشعبي,Casablanca,33.5567138,-7.5848311,atm
Credit du Maroc,Casablanca,33.5567004,-7.5850672,atm
BMCI البنك المغربي للتجارة والصناعة,Casablanca,33.5566981,-7.5857645,atm
Attijariwafa Bank التجاري وفا بنك,Casablanca,33.5567138,-7.5886439,atm
Bank of Africa ⵍⴱⴰⵏⴽ ⵏ ⴰⴼⵔⵉⵇⵢⴰ بنك أفريقيا,Casablanca,33.5553805,-7.5924432,atm
Attijariwafa Bank التجاري وفا بنك,Casablanca,33.5534056,-7.5906649,atm
Saham Bank سهام بنك,Casablanca,33.5515984,-7.5890274,atm
Attijariwafa Bank التجاري وفا بنك,Casablanca,33.5513346,-7.5885353,atm
Attijariwafa Bank التجاري وفا بنك,Casablanca,33.550341,-7.5735363,atm
Banque Populaire البنك الشعبي,Casablanca,33.5526317,-7.5754581,atm
Banque Populaire البنك الشعبي,Casablanca,33.5523606,-7.5786272,atm
Bank of Africa ⵍⴱⴰⵏⴽ ⵏ ⴰⴼⵔⵉⵇⵢⴰ بنك أفريقيا,Casablanca,33.5513995,-7.580215,atm
Credit du Maroc,Casablanca,33.5510049,-7.5804149,atm
Attijariwafa Bank التجاري وفا بنك,Casablanca,33.5498112,-7.5793862,atm
Bank of Africa ⵍⴱⴰⵏⴽ ⵏ ⴰⴼⵔⵉⵇⵢⴰ بنك أفريقيا,Casablanca,33.5549916,-7.5720276,atm
Attijariwafa Bank التجاري وفا بنك,Casablanca,33.5554498,-7.5724299,atm
Saham Bank سهام بنك,Casablanca,33.5557415,-7.5726941,atm
Bank of Africa ⵍⴱⴰⵏⴽ ⵏ ⴰⴼⵔⵉⵇⵢⴰ بنك أفريقيا,Casablanca,33.6235826,-7.5243647,atm
Attijariwafa Bank التجاري وفا بنك,Casablanca,33.5571049,-7.5811431,atm
Bank of Africa ⵍⴱⴰⵏⴽ ⵏ ⴰⴼⵔⵉⵇⵢⴰ بنك أفريقيا,Casablanca,33.5523372,-7.584646,atm
Bank of Africa ⵍⴱⴰⵏⴽ ⵏ ⴰⴼⵔⵉⵇⵢⴰ بنك أفريقيا,Casablanca,33.6137649,-7.5264756,atm
Attijariwafa Bank التجاري وفا بنك,Casablanca,33.5997662,-7.5826934,atm
Bank of Africa ⵍⴱⴰⵏⴽ ⵏ ⴰⴼⵔⵉⵇⵢⴰ بنك أفريقيا,Casablanca,33.5988022,-7.5837837,atm
Banque Populaire البنك الشعبي,Casablanca,33.5995417,-7.5374955,atm
CIH Bank القرض العقاري والسياحي,Casablanca,33.6114172,-7.5304051,atm
Bank of Africa ⵍⴱⴰⵏⴽ ⵏ ⴰⴼⵔⵉⵇⵢⴰ بنك أفريقيا,Casablanca,33.623213,-7.4863578,atm
Attijariwafa Bank التجاري وفا بنك,Casablanca,33.5780706,-7.5376564,atm
Credit du Maroc,Casablanca,33.5797421,-7.5425266,atm
Bank of Africa ⵍⴱⴰⵏⴽ ⵏ ⴰⴼⵔⵉⵇⵢⴰ بنك أفريقيا,Casablanca,33.5819208,-7.538221,atm
Attijariwafa Bank التجاري وفا بنك,Casablanca,33.5819286,-7.5245431,atm
CIH,Casablanca,33.5911344,-7.5173682,atm
BMCI البنك المغربي للتجارة والصناعة,Casablanca,33.5939965,-7.5182305,atm
Bank of Africa ⵍⴱⴰⵏⴽ ⵏ ⴰⴼⵔⵉⵇⵢⴰ بنك أفريقيا,Casablanca,33.5894766,-7.5196065,atm
BMCI البنك المغربي للتجارة والصناعة,Casablanca,33.6027029,-7.5365862,atm
AXA,Casablanca,33.5944523,-7.5182413,atm
Bank of Africa ⵍⴱⴰⵏⴽ ⵏ ⴰⴼⵔⵉⵇⵢⴰ بنك أفريقيا,Casablanca,33.5930749,-7.5178161,atm
Saham Bank سهام بنك,Casablanca,33.5936268,-7.5177826,atm
BMCI البنك المغربي للتجارة والصناعة,Casablanca,33.6339062,-7.4555594,atm
CIH Bank القرض العقاري والسياحي,Casablanca,33.5801374,-7.635214,atm
Attijariwafa Bank التجاري وفا بنك,Casablanca,33.6377862,-7.4506362,atm
BMCI البنك المغربي للتجارة والصناعة,Casablanca,33.5808102,-7.5407571,atm
Attijariwafa Bank التجاري وفا بنك,Casablanca,33.5813868,-7.5099519,atm
Bank of Africa ⵍⴱⴰⵏⴽ ⵏ ⴰⴼⵔⵉⵇⵢⴰ بنك أفريقيا,Casablanca,33.5774985,-7.5160861,atm
BMCI البنك المغربي للتجارة والصناعة,Casablanca,33.5762315,-7.5180897,atm
Attijariwafa Bank التجاري وفا بنك,Casablanca,33.5942635,-7.4990809,atm
Attijariwafa Bank التجاري وفا بنك,Casablanca,33.5766047,-7.5182024,atm
Bank of Africa ⵍⴱⴰⵏⴽ ⵏ ⴰⴼⵔⵉⵇⵢⴰ بنك أفريقيا,Casablanca,33.5944534,-7.4986625,atm
Attijariwafa Bank التجاري وفا بنك,Casablanca,33.5867316,-7.5015941,atm
Banque Populaire البنك الشعبي,Casablanca,33.5711932,-7.5311306,atm
Bank of Africa ⵍⴱⴰⵏⴽ ⵏ ⴰⴼⵔⵉⵇⵢⴰ بنك أفريقيا,Casablanca,33.571438,-7.5279468,atm
Bank of Africa ⵍⴱⴰⵏⴽ ⵏ ⴰⴼⵔⵉⵇⵢⴰ بنك أفريقيا,Casablanca,33.6021209,-7.5239235,atm
Bank of Africa ⵍⴱⴰⵏⴽ ⵏ ⴰⴼⵔⵉⵇⵢⴰ بنك أفريقيا,Casablanca,33.5808393,-7.5583041,atm
CIH Bank,Casablanca,33.5937224,-7.6064833,atm
Crédit Agricole du Maroc القرض الفلاحي للمغرب,Casablanca,33.5521829,-7.4776742,atm
BMCI البنك المغربي للتجارة والصناعة,Casablanca,33.5521874,-7.4834222,atm
Crédit du Maroc مصرف المغرب,Casablanca,33.5521304,-7.4826778,atm
Bank of Africa ⵍⴱⴰⵏⴽ ⵏ ⴰⴼⵔⵉⵇⵢⴰ بنك أفريقيا,Casablanca,33.5518856,-7.4829474,atm
Attijariwafa Bank التجاري وفا بنك,Casablanca,33.5493508,-7.4854419,atm
Bank of Africa ⵍⴱⴰⵏⴽ ⵏ ⴰⴼⵔⵉⵇⵢⴰ بنك أفريقيا,Casablanca,33.6099921,-7.5429484,atm
Credit Agricole Du Maroc,Casablanca,33.5399169,-7.5680807,atm
Attijariwafa Bank التجاري وفا بنك,Casablanca,33.5394754,-7.5689082,atm
BMCI Bank,Casablanca,33.6045872,-7.5458331,atm
BMCI البنك المغربي للتجارة والصناعة,Casablanca,33.5386974,-7.554549,atm
Attijariwafa Bank التجاري وفا بنك,Casablanca,33.5388204,-7.5555883,atm
Bank of Africa ⵍⴱⴰⵏⴽ ⵏ ⴰⴼⵔⵉⵇⵢⴰ بنك أفريقيا,Casablanca,33.5388606,-7.555768,atm
Saham Bank سهام بنك,Casablanca,33.5391602,-7.5565687,atm
Banque Populaire البنك الشعبي,Casablanca,33.5380468,-7.5534707,atm
Credit Agricole Du Maroc,Casablanca,33.5381854,-7.5525588,atm
BMCI Bank,Casablanca,33.6067106,-7.5349836,atm
CIH Bank القرض العقاري والسياحي,Casablanca,33.5836591,-7.6170612,atm
Attijariwafa Bank التجاري وفا بنك,Casablanca,33.5876314,-7.6118583,atm
Banque Populaire البنك الشعبي,Casablanca,33.5875327,-7.6117599,atm
Crédit du Maroc مصرف المغرب,Casablanca,33.5876213,-7.6100228,atm
Attijariwafa Bank التجاري وفا بنك,Casablanca,33.5886744,-7.5774872,atm
Bank of Africa ⵍⴱⴰⵏⴽ ⵏ ⴰⴼⵔⵉⵇⵢⴰ بنك أفريقيا,Casablanca,33.5881214,-7.5758739,atm
BMCI Bank,Casablanca,33.5676867,-7.540281,atm
BMCI البنك المغربي للتجارة والصناعة,Casablanca,33.589805,-7.6139103,atm
Bank of Africa ⵍⴱⴰⵏⴽ ⵏ ⴰⴼⵔⵉⵇⵢⴰ بنك أفريقيا,Casablanca,33.5700747,-7.5571319,atm
Attijariwafa Bank التجاري وفا بنك,Casablanca,33.5705597,-7.5563729,atm
Bank of Africa ⵍⴱⴰⵏⴽ ⵏ ⴰⴼⵔⵉⵇⵢⴰ بنك أفريقيا,Casablanca,33.5629564,-7.5681008,atm
Bank of Africa ⵍⴱⴰⵏⴽ ⵏ ⴰⴼⵔⵉⵇⵢⴰ بنك أفريقيا,Casablanca,33.5632481,-7.5572325,atm
BMCI البنك المغربي للتجارة والصناعة,Casablanca,33.5847592,-7.5755078,atm
BMCI Bank,Casablanca,33.5622859,-7.5534841,atm
Bank of Africa ⵍⴱⴰⵏⴽ ⵏ ⴰⴼⵔⵉⵇⵢⴰ بنك أفريقيا,Casablanca,33.5572078,-7.5585535,atm
Banque Populaire البنك الشعبي,Casablanca,33.5583008,-7.5494112,atm
Bank of Africa ⵍⴱⴰⵏⴽ ⵏ ⴰⴼⵔⵉⵇⵢⴰ بنك أفريقيا,Casablanca,33.5594228,-7.5503862,atm
CIH Bank القرض العقاري والسياحي,Casablanca,33.5882038,-7.6116335,atm
Attijariwafa Bank التجاري وفا بنك,Casablanca,33.5878185,-7.6138422,atm
Attijariwafa Bank التجاري وفا بنك,Casablanca,33.5611729,-7.565487,atm
Attijariwafa Bank التجاري وفا بنك,Casablanca,33.562905,-7.5679117,atm
Attijariwafa Bank التجاري وفا بنك,Casablanca,33.560024,-7.5616434,atm
Bank of Africa ⵍⴱⴰⵏⴽ ⵏ ⴰⴼⵔⵉⵇⵢⴰ بنك أفريقيا,Casablanca,33.5678065,-7.6263312,atm
Banque Populaire البنك الشعبي,Casablanca,33.5647444,-7.5869943,atm
Saham Bank سهام بنك,Casablanca,33.5567216,-7.5864646,atm
Bank of Africa ⵍⴱⴰⵏⴽ ⵏ ⴰⴼⵔⵉⵇⵢⴰ بنك أفريقيا,Casablanca,33.5567104,-7.5855459,atm
Bank of Africa ⵍⴱⴰⵏⴽ ⵏ ⴰⴼⵔⵉⵇⵢⴰ بنك أفريقيا,Casablanca,33.5611058,-7.5763097,atm
BMCI البنك المغربي للتجارة والصناعة,Casablanca,33.5617015,-7.5765605,atm
Saham Bank سهام بنك,Casablanca,33.5626648,-7.5668355,atm
Attijariwafa Bank التجاري وفا بنك,Casablanca,33.5861183,-7.5853354,atm
Attijariwafa Bank التجاري وفا بنك,Casablanca,33.5708189,-7.5256375,atm
Bank of Africa ⵍⴱⴰⵏⴽ ⵏ ⴰⴼⵔⵉⵇⵢⴰ بنك أفريقيا,Casablanca,33.5565618,-7.6259172,atm
Saham Bank سهام بنك,Casablanca,33.5905859,-7.602472,atm
Attijariwafa Bank التجاري وفا بنك,Casablanca,33.5911277,-7.6015145,atm
Attijariwafa Bank التجاري وفا بنك,Casablanca,33.5835453,-7.5816668,atm
CH Bank,Casablanca,33.5909803,-7.602582,atm
Saham Bank سهام بنك,Casablanca,33.5841352,-7.5826384,atm
Banque Populaire البنك الشعبي,Casablanca,33.5793332,-7.6247773,atm
ATM,Casablanca,33.5820381,-7.6238224,atm
Attijariwafa Bank التجاري وفا بنك,Casablanca,33.5664274,-7.6266387,atm
Crédit du Maroc,Casablanca,33.5679337,-7.6263665,atm
Saham Bank سهام بنك,Casablanca,33.5686355,-7.6263048,atm
Attijariwafa Bank التجاري وفا بنك,Casablanca,33.569792,-7.6262216,atm
Barid Cash,Casablanca,33.5711351,-7.626113,atm
Saham Bank سهام بنك,Casablanca,33.5732057,-7.6261103,atm
Attijariwafa Bank التجاري وفا بنك,Casablanca,33.5782226,-7.6256409,atm
CIH Bank القرض العقاري والسياحي,Casablanca,33.5788081,-7.6254143,atm
Credit Agricole Du Maroc,Casablanca,33.5797516,-7.6252842,atm
Attijariwafa Bank التجاري وفا بنك,Casablanca,33.5564254,-7.6265368,atm
Bank of Africa ⵍⴱⴰⵏⴽ ⵏ ⴰⴼⵔⵉⵇⵢⴰ بنك أفريقيا,Casablanca,33.5565797,-7.6260272,atm
Saham Bank سهام بنك,Casablanca,33.555267,-7.6239069,atm
CFG Bank,Casablanca,33.5828459,-7.6255323,atm
BMCI البنك المغربي للتجارة والصناعة,Casablanca,33.5822727,-7.6272731,atm
CIH Bank القرض العقاري والسياحي,Casablanca,33.5826762,-7.6292814,atm
Western Union,Casablanca,33.5932782,-7.6238499,atm
Attijariwafa Bank التجاري وفا بنك,Casablanca,33.5847899,-7.6218684,atm
CIH Bank القرض العقاري والسياحي,Casablanca,33.5845787,-7.622095,atm
Saham Bank سهام بنك,Casablanca,33.5875919,-7.6194946,atm
Attijariwafa Bank التجاري وفا بنك,Casablanca,33.5927342,-7.6206762,atm
CIH Bank القرض العقاري والسياحي,Casablanca,33.5924973,-7.6208559,atm
Crédit Agricole du Maroc القرض الفلاحي للمغرب,Casablanca,33.5896525,-7.6192492,atm
Attijariwafa Bank التجاري وفا بنك,Casablanca,33.588842,-7.6201826,atm
Banque Populaire البنك الشعبي,Casablanca,33.5884599,-7.6203999,atm
BMCI البنك المغربي للتجارة والصناعة,Casablanca,33.5878673,-7.6207305,atm
BMCI البنك المغربي للتجارة والصناعة,Casablanca,33.5833464,-7.622425,atm
Attijariwafa Bank التجاري وفا بنك,Casablanca,33.582942,-7.6197629,atm
Crédit du Maroc,Casablanca,33.5846486,-7.6216511,atm
CIH Bank القرض العقاري والسياحي,Casablanca,33.5981241,-7.4882139,atm
Bank of Africa ⵍⴱⴰⵏⴽ ⵏ ⴰⴼⵔⵉⵇⵢⴰ بنك أفريقيا,Casablanca,33.562581,-7.6088932,atm
Bank of Africa ⵍⴱⴰⵏⴽ ⵏ ⴰⴼⵔⵉⵇⵢⴰ بنك أفريقيا,Casablanca,33.5831163,-7.6323786,atm
BMCI Bank,Casablanca,33.5828498,-7.6326153,atm
Banque Populaire البنك الشعبي,Casablanca,33.5851485,-7.6302825,atm
Bank Assafa بنك الصفاء,Casablanca,33.5821811,-7.6312293,atm
Crédit du Maroc مصرف المغرب,Casablanca,33.5823867,-7.6307666,atm
Attijariwafa Bank التجاري وفا بنك,Casablanca,33.5826509,-7.6294729,atm
Bank of Africa ⵍⴱⴰⵏⴽ ⵏ ⴰⴼⵔⵉⵇⵢⴰ بنك أفريقيا,Casablanca,33.5631554,-7.6011772,atm
Bank of Africa ⵍⴱⴰⵏⴽ ⵏ ⴰⴼⵔⵉⵇⵢⴰ بنك أفريقيا,Casablanca,33.5628464,-7.6028777,atm
CIH Bank القرض العقاري والسياحي,Casablanca,33.570477,-7.6004751,atm
Western Union,Casablanca,33.5708499,-7.6005076,atm
Crédit Agricole du Maroc,Casablanca,33.5566009,-7.6332557,atm
Attijariwafa Bank التجاري وفا بنك,Casablanca,33.5785667,-7.6097354,atm
Crédit Agricole du Maroc القرض الفلاحي للمغرب,Casablanca,33.5656809,-7.6060608,atm
CIH Bank القرض العقاري والسياحي,Casablanca,33.5746085,-7.6320829,atm
Bank of Africa ⵍⴱⴰⵏⴽ ⵏ ⴰⴼⵔⵉⵇⵢⴰ بنك أفريقيا,Casablanca,33.5766672,-7.6259762,atm
Attijariwafa Bank التجاري وفا بنك,Casablanca,33.5725799,-7.6068909,atm
Western Union Money Transfer,Casablanca,33.5775231,-7.6073644,atm
Al Barid Bank,Casablanca,33.6105137,-7.5097051,atm
Attijariwafa Bank التجاري وفا بنك,Casablanca,33.6114988,-7.5128373,atm
Bank of Africa ⵍⴱⴰⵏⴽ ⵏ ⴰⴼⵔⵉⵇⵢⴰ بنك أفريقيا,Casablanca,33.5413589,-7.6417744,atm
Bank of Africa ⵍⴱⴰⵏⴽ ⵏ ⴰⴼⵔⵉⵇⵢⴰ بنك أفريقيا,Casablanca,33.6087512,-7.5010067,atm
BMCI Bank,Casablanca,33.5700065,-7.6433314,atm
Banque Populaire البنك الشعبي,Casablanca,33.5702468,-7.6431866,atm
Attijariwafa Bank التجاري وفا بنك,Casablanca,33.576042,-7.6343291,atm
BMCI Bank,Casablanca,33.5747464,-7.6347689,atm
Bank of Africa ⵍⴱⴰⵏⴽ ⵏ ⴰⴼⵔⵉⵇⵢⴰ بنك أفريقيا,Casablanca,33.5750955,-7.6346346,atm
Crédit du Maroc مصرف المغرب,Casablanca,33.5701412,-7.6437995,atm
Barid Cash,Casablanca,33.5744951,-7.6403394,atm
Attijariwafa Bank التجاري وفا بنك,Casablanca,33.5774833,-7.6378306,atm
Banque Populaire البنك الشعبي,Casablanca,33.5705597,-7.6434441,atm
Attijariwafa Bank التجاري وفا بنك,Casablanca,33.5709817,-7.6431243,atm
CIH Bank القرض العقاري والسياحي,Casablanca,33.5739508,-7.6407869,atm
Saham Bank سهام بنك,Casablanca,33.6081369,-7.5029151,atm
Banque Populaire البنك الشعبي,Casablanca,33.5727112,-7.6381406,atm
Attijariwafa Bank التجاري وفا بنك,Casablanca,33.5728443,-7.6384477,atm
Cima,Casablanca,33.6041952,-7.5196165,atm
Al Barid Bank,Casablanca,33.5777678,-7.6252587,atm
Attijariwafa Bank التجاري وفا بنك,Casablanca,33.6058918,-7.5146887,atm
Banque Populaire البنك الشعبي,Casablanca,33.6070412,-7.5151151,atm
Saham Bank سهام بنك,Casablanca,33.5983565,-7.4854915,atm
Bank of Africa ⵍⴱⴰⵏⴽ ⵏ ⴰⴼⵔⵉⵇⵢⴰ بنك أفريقيا,Casablanca,33.606705,-7.5176485,atm
CIH Bank القرض العقاري والسياحي,Casablanca,33.6070121,-7.5169665,atm
Bank of Africa ⵍⴱⴰⵏⴽ ⵏ ⴰⴼⵔⵉⵇⵢⴰ بنك أفريقيا,Casablanca,33.5722359,-7.6230688,atm
Attijariwafa Bank التجاري وفا بنك,Casablanca,33.5722259,-7.6218751,atm
Saham Bank سهام بنك,Casablanca,33.6077281,-7.5358929,atm
Saham Bank سهام بنك,Casablanca,33.593286,-7.6038104,atm
Crédit Agricole du Maroc القرض الفلاحي للمغرب,Casablanca,33.5724548,-7.5971827,atm
CIH Bank القرض العقاري والسياحي,Casablanca,33.5770941,-7.5994277,atm
Saham Bank سهام بنك,Casablanca,33.5744124,-7.5981188,atm
Attijariwafa Bank التجاري وفا بنك,Casablanca,33.5717441,-7.5966731,atm
Attijariwafa Bank التجاري وفا بنك,Casablanca,33.5618758,-7.5975864,atm
CIH Bank القرض العقاري والسياحي,Casablanca,33.5619373,-7.5973302,atm
Attijariwafa Bank التجاري وفا بنك,Casablanca,33.5556275,-7.5984366,atm
Saham Bank سهام بنك,Casablanca,33.5556733,-7.5983414,atm
Banque Populaire البنك الشعبي,Casablanca,33.5568758,-7.6019302,atm
Bank of Africa ⵍⴱⴰⵏⴽ ⵏ ⴰⴼⵔⵉⵇⵢⴰ بنك أفريقيا,Casablanca,33.5547759,-7.600223,atm
Bank of Africa ⵍⴱⴰⵏⴽ ⵏ ⴰⴼⵔⵉⵇⵢⴰ بنك أفريقيا,Casablanca,33.5477379,-7.5896819,atm
Attijariwafa Bank التجاري وفا بنك,Casablanca,33.5451873,-7.5950249,atm
Attijariwafa Bank التجاري وفا بنك,Casablanca,33.580699,-7.6174601,atm
Bank of Africa ⵍⴱⴰⵏⴽ ⵏ ⴰⴼⵔⵉⵇⵢⴰ بنك أفريقيا,Casablanca,33.5702136,-7.615304,atm
Bank of Africa ⵍⴱⴰⵏⴽ ⵏ ⴰⴼⵔⵉⵇⵢⴰ بنك أفريقيا,Casablanca,33.5734135,-7.6126695,atm
BMCI البنك المغربي للتجارة والصناعة,Casablanca,33.5796674,-7.6174189,atm
Bank of Africa ⵍⴱⴰⵏⴽ ⵏ ⴰⴼⵔⵉⵇⵢⴰ بنك أفريقيا,Casablanca,33.5708368,-7.5608267,atm
Crédit Agricole du Maroc القرض الفلاحي للمغرب,Casablanca,33.5474216,-7.5913288,atm
BMCI البنك المغربي للتجارة والصناعة,Casablanca,33.547359,-7.5979471,atm
Attijariwafa Bank التجاري وفا بنك,Casablanca,33.5474026,-7.5981215,atm
Saham Bank سهام بنك,Casablanca,33.5478855,-7.5995216,atm
Banque Populaire البنك الشعبي,Casablanca,33.5466571,-7.6311542,atm
BMCI البنك المغربي للتجارة والصناعة,Casablanca,33.5461407,-7.6314318,atm
Saham Bank سهام بنك,Casablanca,33.5325502,-7.615183,atm
CIH,Casablanca,33.532396,-7.6155075,atm
BMCI البنك المغربي للتجارة والصناعة,Casablanca,33.5276134,-7.6130936,atm
Crédit Agricole du Maroc,Casablanca,33.5427561,-7.5855178,atm
ATM,Casablanca,33.5427919,-7.5853756,atm
Attijariwafa Bank التجاري وفا بنك,Casablanca,33.5691897,-7.6148196,atm
Saham Bank سهام بنك,Casablanca,33.54322,-7.5853407,atm
BMCI Bank,Casablanca,33.568631,-7.6258139,atm
Attijariwafa Bank التجاري وفا بنك,Casablanca,33.5333216,-7.6144293,atm
BMCI البنك المغربي للتجارة والصناعة,Casablanca,33.5326039,-7.6159756,atm
Banque Populaire البنك الشعبي,Casablanca,33.5760929,-7.6521599,atm
Crédit du Maroc مصرف المغرب,Casablanca,33.5760415,-7.6520218,atm
Attijariwafa Bank التجاري وفا بنك,Casablanca,33.5762594,-7.6523249,atm
CFG Bank,Casablanca,33.5868142,-7.6490762,atm
Banque Populaire البنك الشعبي,Casablanca,33.5696635,-7.622783,atm
Bank of Africa ⵍⴱⴰⵏⴽ ⵏ ⴰⴼⵔⵉⵇⵢⴰ بنك أفريقيا,Casablanca,33.5364986,-7.5957544,atm
Saham Bank سهام بنك,Casablanca,33.5364203,-7.6020777,atm
Attijariwafa Bank التجاري وفا بنك,Casablanca,33.5361867,-7.6019892,atm
Al Barid Bank,Casablanca,33.5370721,-7.5996141,atm
Attijariwafa Bank التجاري وفا بنك,Casablanca,33.5948634,-7.6198862,atm
Saham Bank سهام بنك,Casablanca,33.5689349,-7.6030286,atm
Credit Agricole du Maroc,Casablanca,33.5689775,-7.6035315,atm
Banque Populaire البنك الشعبي,Casablanca,33.5716799,-7.6057403,atm
Attijariwafa Bank التجاري وفا بنك,Casablanca,33.5698445,-7.6026389,atm
BMCI Bank,Casablanca,33.5699054,-7.6024076,atm
BMCI البنك المغربي للتجارة والصناعة,Casablanca,33.535032,-7.5966489,atm
BMCI البنك المغربي للتجارة والصناعة,Casablanca,33.5358536,-7.6018296,atm
Banque Populaire البنك الشعبي,Casablanca,33.5882841,-7.6443173,atm
Attijariwafa Bank التجاري وفا بنك,Casablanca,33.5896324,-7.6404499,atm
CIH Bank القرض العقاري والسياحي,Casablanca,33.5742559,-7.6501487,atm
BMCI Bank,Casablanca,33.5762717,-7.6529928,atm
Crédit du Maroc مصرف المغرب,Casablanca,33.5764281,-7.6531738,atm
Bank of Africa ⵍⴱⴰⵏⴽ ⵏ ⴰⴼⵔⵉⵇⵢⴰ بنك أفريقيا,Casablanca,33.5784516,-7.6554564,atm
Attijariwafa Bank التجاري وفا بنك,Casablanca,33.5794443,-7.6564519,atm
BMCI Bank,Casablanca,33.5812,-7.6597616,atm
Wafa Cash,Casablanca,33.564569,-7.6092084,atm
Banque Populaire البنك الشعبي,Casablanca,33.5685092,-7.6037219,atm
Crédit du Maroc مصرف المغرب,Casablanca,33.5692031,-7.6025981,atm
Attijariwafa Bank التجاري وفا بنك,Casablanca,33.5694869,-7.602118,atm
Attijariwafa Bank التجاري وفا بنك,Casablanca,33.5626715,-7.6094109,atm
Bank of Africa ⵍⴱⴰⵏⴽ ⵏ ⴰⴼⵔⵉⵇⵢⴰ بنك أفريقيا,Casablanca,33.562838,-7.6094404,atm
Banque Populaire البنك الشعبي,Casablanca,33.5631604,-7.6094706,atm
CIH Bank القرض العقاري والسياحي,Casablanca,33.5634392,-7.6095262,atm
BMCI Bank,Casablanca,33.563865,-7.6095691,atm
Bank of Africa ⵍⴱⴰⵏⴽ ⵏ ⴰⴼⵔⵉⵇⵢⴰ بنك أفريقيا,Casablanca,33.5676197,-7.6057718,atm
Bank Assafa بنك الصفاء,Casablanca,33.5707941,-7.6464653,atm
BMCI البنك المغربي للتجارة والصناعة,Casablanca,33.5875695,-7.6158267,atm
Banque Populaire البنك الشعبي,Casablanca,33.5875003,-7.615411,atm
Attijariwafa Bank التجاري وفا بنك,Casablanca,33.5868713,-7.6158388,atm
Saham Bank سهام بنك,Casablanca,33.5860256,-7.6146385,atm
BMCI البنك المغربي للتجارة والصناعة,Casablanca,33.5850491,-7.6159729,atm
Banque Populaire البنك الشعبي,Casablanca,33.5835766,-7.6131392,atm
Al Barid Bank,Casablanca,33.5836872,-7.6142697,atm
Crédit du Maroc مصرف المغرب,Casablanca,33.584019,-7.6105119,atm
Tangarfa Exchange Currency Echange Point Bureau de Change,Casablanca,33.5851407,-7.6071082,atm
Bank of Africa ⵍⴱⴰⵏⴽ ⵏ ⴰⴼⵔⵉⵇⵢⴰ بنك أفريقيا,Casablanca,33.5852301,-7.6069124,atm
CIH Bank القرض العقاري والسياحي,Casablanca,33.5852725,-7.6067729,atm
Bank of Africa ⵍⴱⴰⵏⴽ ⵏ ⴰⴼⵔⵉⵇⵢⴰ بنك أفريقيا,Casablanca,33.5924203,-7.6034752,atm
Attijariwafa Bank التجاري وفا بنك,Casablanca,33.5912696,-7.6083782,atm
Bank of Africa ⵍⴱⴰⵏⴽ ⵏ ⴰⴼⵔⵉⵇⵢⴰ بنك أفريقيا,Casablanca,33.588956,-7.6120019,atm
Credit Du Maroc,Casablanca,33.5883918,-7.6089013,atm
WafaCash,Casablanca,33.5935016,-7.6106447,atm
Banque Populaire البنك الشعبي,Casablanca,33.5965759,-7.6137427,atm
Barid Cash,Casablanca,33.5928459,-7.6189347,atm
ATM,Casablanca,33.5891012,-7.6166528,atm
Attijariwafa Bank التجاري وفا بنك,Casablanca,33.5904329,-7.614605,atm
Saham Bank سهام بنك,Casablanca,33.5909602,-7.6148812,atm
BMCI Bank,Casablanca,33.5927264,-7.6119576,atm
Crédit Du Maroc,Casablanca,33.5929073,-7.6118356,atm
Attijariwafa Bank التجاري وفا بنك,Casablanca,33.592818,-7.6108834,atm
WafaCash/ Western Union,Casablanca,33.5922694,-7.6085325,atm
Attijariwafa Bank التجاري وفا بنك,Casablanca,33.5970052,-7.6110925,atm
Bank of Africa ⵍⴱⴰⵏⴽ ⵏ ⴰⴼⵔⵉⵇⵢⴰ بنك أفريقيا,Casablanca,33.5970053,-7.6115508,atm
Arab Bank,Casablanca,33.5940825,-7.6106139,atm
AXA,Casablanca,33.5942155,-7.6103704,atm
Saham Bank سهام بنك,Casablanca,33.5944858,-7.6103014,atm
Bank of Africa ⵍⴱⴰⵏⴽ ⵏ ⴰⴼⵔⵉⵇⵢⴰ بنك أفريقيا,Casablanca,33.5941105,-7.6089361,atm
Attijariwafa Bank التجاري وفا بنك,Casablanca,33.5939825,-7.6081952,atm
WafaCash,Casablanca,33.5932179,-7.6075729,atm
Al Barid Bank,Casablanca,33.5924649,-7.6070653,atm
Attijariwafa Bank التجاري وفا بنك,Casablanca,33.5908786,-7.6109907,atm
Crédit Agricole du Maroc,Casablanca,33.5898095,-7.6114346,atm
Saham Bank سهام بنك,Casablanca,33.5903502,-7.6120904,atm
BMCI البنك المغربي للتجارة والصناعة,Casablanca,33.5910317,-7.6137467,atm
Banque Populaire البنك الشعبي,Casablanca,33.5910696,-7.6139411,atm
Crédit du Maroc مصرف المغرب,Casablanca,33.5916896,-7.615761,atm
Bank of Africa ⵍⴱⴰⵏⴽ ⵏ ⴰⴼⵔⵉⵇⵢⴰ بنك أفريقيا,Casablanca,33.5918851,-7.6156162,atm
Bank of Africa ⵍⴱⴰⵏⴽ ⵏ ⴰⴼⵔⵉⵇⵢⴰ بنك أفريقيا,Casablanca,33.5927755,-7.6179081,atm
CIH Bank القرض العقاري والسياحي,Casablanca,33.5847821,-7.6225537,atm
banque CIC,Casablanca,33.585401,-7.6221748,atm
CIH Bank القرض العقاري والسياحي,Casablanca,33.5855239,-7.6221064,atm
Bti Bank,Casablanca,33.5855435,-7.622089,atm
Saham Bank سهام بنك,Casablanca,33.5805915,-7.63484,atm
Crédit du Maroc مصرف المغرب,Casablanca,33.581246,-7.6341221,atm
CIH Bank القرض العقاري والسياحي,Casablanca,33.586254,-7.6345227,atm
Bank of Africa ⵍⴱⴰⵏⴽ ⵏ ⴰⴼⵔⵉⵇⵢⴰ بنك أفريقيا,Casablanca,33.585591,-7.6336862,atm
BMCI Bank,Casablanca,33.5394284,-7.6820283,atm
Bank of Africa ⵍⴱⴰⵏⴽ ⵏ ⴰⴼⵔⵉⵇⵢⴰ بنك أفريقيا,Casablanca,33.537925,-7.6792368,atm
Banque Populaire البنك الشعبي,Casablanca,33.5377646,-7.679504,atm
Attijarawafa Bank,Casablanca,33.5374247,-7.6800656,atm
Crédit du Maroc,Casablanca,33.5372509,-7.6690639,atm
Attijarawafa Bank,Casablanca,33.5371179,-7.6691812,atm
CIH Bank القرض العقاري والسياحي,Casablanca,33.5370553,-7.6692818,atm
Bank of Africa ⵍⴱⴰⵏⴽ ⵏ ⴰⴼⵔⵉⵇⵢⴰ بنك أفريقيا,Casablanca,33.538675,-7.6678348,atm
BMCI Bank,Casablanca,33.5387837,-7.6677201,atm
Bank of Africa ⵍⴱⴰⵏⴽ ⵏ ⴰⴼⵔⵉⵇⵢⴰ بنك أفريقيا,Casablanca,33.5643399,-7.6440597,atm
Bank of Africa ⵍⴱⴰⵏⴽ ⵏ ⴰⴼⵔⵉⵇⵢⴰ بنك أفريقيا,Casablanca,33.5709137,-7.6460871,atm
Attijariwafa Bank التجاري وفا بنك,Casablanca,33.5568278,-7.6828028,atm
Bank of Africa ⵍⴱⴰⵏⴽ ⵏ ⴰⴼⵔⵉⵇⵢⴰ بنك أفريقيا,Casablanca,33.559862,-7.6745,atm
Attijariwafa Bank التجاري وفا بنك,Casablanca,33.5600207,-7.6748917,atm
Saham Bank سهام بنك,Casablanca,33.5596865,-7.6749372,atm
WafaCash,Casablanca,33.5596564,-7.6749252,atm
BMCI Bank,Casablanca,33.5593971,-7.6760222,atm
Bank of Africa ⵍⴱⴰⵏⴽ ⵏ ⴰⴼⵔⵉⵇⵢⴰ بنك أفريقيا,Casablanca,33.5941041,-7.629788,atm
Banque Populaire البنك الشعبي,Casablanca,33.5646011,-7.6681115,atm
ATM,Casablanca,33.5647246,-7.6681486,atm
BMCI Bank,Casablanca,33.5648033,-7.6681655,atm
Credit Agricole Du Maroc,Casablanca,33.5721682,-7.6747917,atm
Crédit du Maroc مصرف المغرب,Casablanca,33.5699568,-7.6720417,atm
BMCI Bank,Casablanca,33.5700683,-7.6719976,atm
BMCI Bank,Casablanca,33.5669727,-7.6839897,atm
Bank of Africa ⵍⴱⴰⵏⴽ ⵏ ⴰⴼⵔⵉⵇⵢⴰ بنك أفريقيا,Casablanca,33.566129,-7.6831757,atm
Wafa Cash,Casablanca,33.5656943,-7.6830214,atm
Banque Populaire البنك الشعبي,Casablanca,33.5671322,-7.6770993,atm
CIH Bank القرض العقاري والسياحي,Casablanca,33.5672689,-7.6771725,atm
Bank of Africa ⵍⴱⴰⵏⴽ ⵏ ⴰⴼⵔⵉⵇⵢⴰ بنك أفريقيا,Casablanca,33.5674301,-7.6771468,atm
Banque Populaire البنك الشعبي,Casablanca,33.5327459,-7.6828913,atm
Attijariwafa Bank التجاري وفا بنك,Casablanca,33.5764295,-7.6731604,atm
Bank of Africa ⵍⴱⴰⵏⴽ ⵏ ⴰⴼⵔⵉⵇⵢⴰ بنك أفريقيا,Casablanca,33.5767296,-7.6733674,atm
CIH Bank القرض العقاري والسياحي,Casablanca,33.5768106,-7.6736622,atm
Banque Populaire البنك الشعبي,Casablanca,33.5145981,-7.646251,atm
BMCI البنك المغربي للتجارة والصناعة,Casablanca,33.5146339,-7.6464307,atm
Al Barid Bank,Casablanca,33.5278147,-7.6495944,atm
Banque Populaire البنك الشعبي,Casablanca,33.5281735,-7.6494254,atm
BMCI Bank,Casablanca,33.5308219,-7.6485403,atm
Bank Assafa بنك الصفاء,Casablanca,33.5309986,-7.6484893,atm
Saham Bank سهام بنك,Casablanca,33.531505,-7.6483244,atm
BMCI Bank,Casablanca,33.5500113,-7.6765265,atm
Attijariwafa Bank التجاري وفا بنك,Casablanca,33.5547585,-7.6780868,atm
Bank of Africa ⵍⴱⴰⵏⴽ ⵏ ⴰⴼⵔⵉⵇⵢⴰ بنك أفريقيا,Casablanca,33.5149587,-7.6474513,atm
Bank of Africa ⵍⴱⴰⵏⴽ ⵏ ⴰⴼⵔⵉⵇⵢⴰ بنك أفريقيا,Casablanca,33.5106175,-7.6564434,atm
Attijarawafa Bank,Casablanca,33.5114572,-7.6561537,atm
Saham Bank سهام بنك,Casablanca,33.512676,-7.6557219,atm
Attijarawafa Bank,Casablanca,33.5157185,-7.6545672,atm
Crédit Agricole du Maroc القرض الفلاحي للمغرب,Casablanca,33.515903,-7.6543553,atm
BMCI Bank,Casablanca,33.5169004,-7.6539235,atm
Bank of Africa ⵍⴱⴰⵏⴽ ⵏ ⴰⴼⵔⵉⵇⵢⴰ بنك أفريقيا,Casablanca,33.5171374,-7.6537934,atm
Banque Populaire البنك الشعبي,Casablanca,33.5179122,-7.6533589,atm
Crédit du Maroc مصرف المغرب,Casablanca,33.518109,-7.6532315,atm
Bank of Africa ⵍⴱⴰⵏⴽ ⵏ ⴰⴼⵔⵉⵇⵢⴰ بنك أفريقيا,Casablanca,33.5255206,-7.6505479,atm
Attijarawafa Bank,Casablanca,33.530159,-7.6483673,atm
Crédit du Maroc مصرف المغرب,Casablanca,33.5314491,-7.6478644,atm
Attijarawafa Bank,Casablanca,33.5409878,-7.6429613,atm
Banque Populaire البنك الشعبي,Casablanca,33.5547306,-7.6784154,atm
CIH Bank القرض العقاري والسياحي,Casablanca,33.5251628,-7.6506512,atm
Saham Bank سهام بنك,Casablanca,33.5557487,-7.6764581,atm
Bank of Africa ⵍⴱⴰⵏⴽ ⵏ ⴰⴼⵔⵉⵇⵢⴰ بنك أفريقيا,Casablanca,33.5560544,-7.6849928,atm
Crédit Du Maroc,Casablanca,33.5525193,-7.6847696,atm
Banque Populaire البنك الشعبي,Casablanca,33.5862289,-7.63111,atm
Attijariwafa Bank التجاري وفا بنك,Casablanca,33.5896777,-7.6364395,atm
Crédit du Maroc مصرف المغرب,Casablanca,33.5865069,-7.6306435,atm
BMCI البنك المغربي للتجارة والصناعة,Casablanca,33.5901237,-7.6377075,atm
BMCI البنك المغربي للتجارة والصناعة,Casablanca,33.5858133,-7.6340188,atm
BMCI البنك المغربي للتجارة والصناعة,Casablanca,33.5818046,-7.6390875,atm
Bank of Africa ⵍⴱⴰⵏⴽ ⵏ ⴰⴼⵔⵉⵇⵢⴰ بنك أفريقيا,Casablanca,33.5784851,-7.6384901,atm
Bank of Africa ⵍⴱⴰⵏⴽ ⵏ ⴰⴼⵔⵉⵇⵢⴰ بنك أفريقيا,Casablanca,33.5511837,-7.6889183,atm
BMCI Bank,Casablanca,33.5508155,-7.6888029,atm
Saham Bank سهام بنك,Casablanca,33.5527624,-7.6901528,atm
Barid Cash,Casablanca,33.5491675,-7.6846023,atm
Attijariwafa Bank التجاري وفا بنك,Casablanca,33.5370195,-7.7264611,atm
Crédit du Maroc,Casablanca,33.5352835,-7.7247727,atm
Banque Populaire البنك الشعبي,Casablanca,33.5352097,-7.724715,atm
Bank of Africa ⵍⴱⴰⵏⴽ ⵏ ⴰⴼⵔⵉⵇⵢⴰ بنك أفريقيا,Casablanca,33.5349246,-7.7244817,atm
BMCI Bank,Casablanca,33.5346934,-7.7249901,atm
Bank Al Yousr بنك اليسر,Casablanca,33.5719661,-7.6474073,atm
Attijariwafa Bank التجاري وفا بنك,Casablanca,33.5428601,-7.6779225,atm
Banque Populaire البنك الشعبي,Casablanca,33.5413913,-7.6769536,atm
Bank of Africa ⵍⴱⴰⵏⴽ ⵏ ⴰⴼⵔⵉⵇⵢⴰ بنك أفريقيا,Casablanca,33.53988,-7.6825292,atm
Attijariwafa Bank التجاري وفا بنك,Casablanca,33.5401718,-7.6827867,atm
Crédit Du Maroc,Casablanca,33.5404585,-7.6830677,atm
BMCI البنك المغربي للتجارة والصناعة,Casablanca,33.5744113,-7.64377,atm
Attijarawafa Bank,Casablanca,33.5748718,-7.6424454,atm
Attijarawafa Bank,Casablanca,33.5695897,-7.6517496,atm
Crédit du Maroc مصرف المغرب,Casablanca,33.5694344,-7.6530263,atm
Saham Bank سهام بنك,Casablanca,33.5398119,-7.682082,atm
Banque Populaire البنك الشعبي,Casablanca,33.5425605,-7.6841694,atm
Crédit du Maroc مصرف المغرب,Casablanca,33.5733487,-7.6450789,atm
CIH Bank القرض العقاري والسياحي,Casablanca,33.5699853,-7.6516905,atm
BMCI Bank,Casablanca,33.5468046,-7.681105,atm
Banque Populaire البنك الشعبي,Casablanca,33.5729431,-7.6457588,atm
Crédit Du Maroc,Casablanca,33.5443137,-7.6788553,atm
Bank of Africa ⵍⴱⴰⵏⴽ ⵏ ⴰⴼⵔⵉⵇⵢⴰ بنك أفريقيا,Casablanca,33.5447083,-7.6791,atm
Credit Agricole Du Maroc,Casablanca,33.5469885,-7.6809903,atm
Banque Populaire البنك الشعبي,Casablanca,33.5235568,-7.7497856,atm
Baird Cash,Casablanca,33.5463922,-7.6728666,atm
Bank of Africa ⵍⴱⴰⵏⴽ ⵏ ⴰⴼⵔⵉⵇⵢⴰ بنك أفريقيا,Casablanca,33.5455662,-7.6729336,atm
Attijariwafa Bank التجاري وفا بنك,Casablanca,33.5453029,-7.6734352,atm
Bank of Africa ⵍⴱⴰⵏⴽ ⵏ ⴰⴼⵔⵉⵇⵢⴰ بنك أفريقيا,Casablanca,33.533183,-7.6514049,atm
Banque Populaire البنك الشعبي,Casablanca,33.5332635,-7.6518099,atm
Attijarawafa Bank,Casablanca,33.5257296,-7.6508443,atm
Crédit agricole du Maroc القرض الفلاحي,Casablanca,33.5258045,-7.6507947,atm
BMCI Bank,Casablanca,33.5410571,-7.6431906,atm
Crédit Agricole du Maroc القرض الفلاحي للمغرب,Casablanca,33.541293,-7.6431745,atm
BMCI البنك المغربي للتجارة والصناعة,Casablanca,33.5964999,-7.6126859,atm
Crédit Agricole du Maroc القرض الفلاحي للمغرب,Casablanca,33.5754119,-7.6421012,atm
Banque Populaire البنك الشعبي,Casablanca,33.5814733,-7.6334903,atm
Bank of Africa ⵍⴱⴰⵏⴽ ⵏ ⴰⴼⵔⵉⵇⵢⴰ بنك أفريقيا,Casablanca,33.5731453,-7.64539,atm
Attijarawafa Bank,Casablanca,33.5838805,-7.631629,atm
Attijariwafa Bank التجاري وفا بنك,Casablanca,33.5799499,-7.6354256,atm
Saham Bank سهام بنك,Casablanca,33.5737387,-7.6703936,atm
Saham Bank سهام بنك,Casablanca,33.56944,-7.6522511,atm
Credit Agricole Du Maroc,Casablanca,33.5526199,-7.6911432,atm
Saham Bank سهام بنك,Casablanca,33.5659424,-7.6834506,atm
Banque Populaire البنك الشعبي,Casablanca,33.5641768,-7.6832521,atm
Crédit Agricole du Maroc القرض الفلاحي للمغرب,Casablanca,33.5545054,-7.700213,atm
Attijariwafa bank التجاري وفا بنك,Casablanca,33.5959945,-7.6519255,atm
ATM,Casablanca,33.6006787,-7.6345443,atm
ATM,Casablanca,33.6008444,-7.6373098,atm
Bank of Africa ⵍⴱⴰⵏⴽ ⵏ ⴰⴼⵔⵉⵇⵢⴰ بنك أفريقيا,Casablanca,33.6007911,-7.6387602,atm
ATM,Casablanca,33.6008182,-7.6374613,atm
Attijari Wafa Bank,Casablanca,33.6006636,-7.6381159,atm
Saham Bank سهام بنك,Casablanca,33.5341286,-7.7258915,atm
Wafasalaf,Casablanca,33.5256898,-7.6504354,atm
التجاري وافا بنك,Casablanca,33.5782838,-7.6256503,atm
Crédit Agricole du Maroc القرض الفلاحي للمغرب,Casablanca,33.5926933,-7.6072524,atm
Bank of Africa ⵍⴱⴰⵏⴽ ⵏ ⴰⴼⵔⵉⵇⵢⴰ بنك أفريقيا,Casablanca,33.5953971,-7.5072065,atm
ATM,Casablanca,33.6132382,-7.4932262,atm
Dar al amane,Casablanca,33.6158922,-7.4979153,atm
Attijariwafa Bank التجاري وفا بنك,Casablanca,33.616082,-7.4972582,atm
Saham Bank سهام بنك,Casablanca,33.619428,-7.4861806,atm
BMCI البنك المغربي للتجارة والصناعة,Casablanca,33.6066423,-7.5185961,atm
Saham Bank سهام بنك,Casablanca,33.6083989,-7.5217152,atm
Attijariwafa Bank التجاري وفا بنك,Casablanca,33.6077134,-7.5232862,atm
Crédit du Maroc مصرف المغرب,Casablanca,33.5926613,-7.6320657,atm
Attijariwafa Bank التجاري وفا بنك,Casablanca,33.5925775,-7.6322235,atm
Crédit Agricole,Casablanca,33.5933833,-7.6363416,atm
Attijariwafa Bank التجاري وفا بنك,Casablanca,33.5744172,-7.6468079,atm
Attijariwafa Bank,Casablanca,33.5917578,-7.6407851,atm
البريد بنك وكالة افريقيا,Casablanca,33.5544315,-7.5877488,atm
Crédit du Maroc مصرف المغرب,Casablanca,33.5779461,-7.6252767,atm
CIH Bank,Casablanca,33.5997025,-7.5817349,atm
Crédit du Maroc,Casablanca,33.5726638,-7.5530243,atm
CIH Bank (القرض العقاري والسياحي),Casablanca,33.5708159,-7.5559824,atm
Saham Bank سهام بنك,Casablanca,33.5950857,-7.6513291,atm
ATM,Casablanca,33.5901118,-7.6260227,atm
Saham Bank سهام بنك,Casablanca,33.594833,-7.614445,atm
ATM,Casablanca,33.5549151,-7.6316083,atm
ATM,Casablanca,33.5913073,-7.6352058,atm
ATM,Casablanca,33.5362076,-7.7291857,atm
ATM,Casablanca,33.5504501,-7.5977387,atm
ATM,Casablanca,33.550215,-7.5982153,atm
التجاري وفا بنك,Casablanca,33.5701263,-7.5603711,atm
Banque BMCE,Casablanca,33.5764747,-7.7055148,atm
ATM,Casablanca,33.5980974,-7.613788,atm
Umnia Bank أمنية بنك,Casablanca,33.5752983,-7.6021309,atm
الخزينة العامة للمملكة,Casablanca,33.5679588,-7.6051588,atm
BMCI BANK,Casablanca,33.5709152,-7.5969338,atm
Al Barid,Casablanca,33.5945757,-7.6130533,atm
ATM,Casablanca,33.5942809,-7.6788478,atm
Saham Bank سهام بنك,Casablanca,33.5967506,-7.6700445,atm
ATM,Casablanca,33.5960709,-7.6765149,atm
ATM,Casablanca,33.5933939,-7.6157125,atm
ATM,Casablanca,33.5951108,-7.6178825,atm
ATM,Casablanca,33.593329,-7.6159475,atm
ATM,Casablanca,33.6059653,-7.6574597,atm
ATM,Casablanca,33.6001967,-7.6170185,atm
Crédit du Maroc مصرف المغرب,Casablanca,33.5877697,-7.6174518,atm
ATM,Casablanca,33.5844313,-7.610829,atm
ATM,Casablanca,33.5884511,-7.6180453,atm
ATM,Casablanca,33.5767497,-7.6044902,atm
Bank of Africa,Casablanca,33.5839251,-7.6094198,atm
CIH Bank,Casablanca,33.5895039,-7.627441,atm
ATM,Casablanca,33.5637379,-7.6598358,atm
ATM,Casablanca,33.5654186,-7.6572084,atm
Bank of Africa ⵍⴱⴰⵏⴽ ⵏ ⴰⴼⵔⵉⵇⵢⴰ بنك أفريقيا,Casablanca,33.5638007,-7.659752,atm
ATM,Casablanca,33.5632724,-7.663675,atm
ATM,Casablanca,33.5630778,-7.663675,atm
ATM,Casablanca,33.597986,-7.6647486,atm
Banque Centrale Populaire Centre Diouri,Casablanca,33.5905638,-7.6049411,atm
ATM,Casablanca,33.5441399,-7.6393045,atm
Crédit du Maroc مصرف المغرب,Casablanca,33.5662269,-7.6512892,atm
Saham Bank سهام بنك,Casablanca,33.5880434,-7.6432764,atm
ATM,Casablanca,33.5896944,-7.649582,atm
ATM,Casablanca,33.5872916,-7.6487157,atm
Attijariwafa Bank,Casablanca,33.5799842,-7.6401709,atm
Saham Bank سهام بنك,Casablanca,33.5758972,-7.6519812,atm
Bank Al Yousr بنك اليسر,Casablanca,33.5902075,-7.6386748,atm
Crédit du Maroc مصرف المغرب,Casablanca,33.5895674,-7.6391809,atm
Crédit du Maroc مصرف المغرب,Casablanca,33.5855308,-7.6456846,atm
Banque Populaire البنك الشعبي,Casablanca,33.5931839,-7.6400382,atm
Bank of Africa ⵍⴱⴰⵏⴽ ⵏ ⴰⴼⵔⵉⵇⵢⴰ بنك أفريقيا,Casablanca,33.5876827,-7.6421408,atm
Crédit du Maroc مصرف المغرب,Casablanca,33.5731913,-7.639165,atm
Banque Populaire البنك الشعبي,Casablanca,33.5760412,-7.6383353,atm
Crédit du Maroc مصرف المغرب,Casablanca,33.5898151,-7.6495454,atm
ATM,Casablanca,33.5946176,-7.6509622,atm
ATM,Casablanca,33.5874502,-7.6487548,atm
Crédit du Maroc مصرف المغرب,Casablanca,33.5943266,-7.6518032,atm
Saham Bank سهام بنك,Casablanca,33.5875303,-7.6321449,atm
ATM,Casablanca,33.5651354,-7.647619,atm
Banque Populaire البنك الشعبي,Casablanca,33.5652527,-7.6474746,atm
ATM,Casablanca,33.5962253,-7.669077,atm
Attijariwafa Bank,Casablanca,33.5723518,-7.66931,atm
ATM,Casablanca,33.5723628,-7.6694749,atm
ATM,Casablanca,33.5734336,-7.6642751,atm
ATM,Casablanca,33.5960574,-7.6770589,atm
ATM,Casablanca,33.5957051,-7.6770212,atm
ATM,Casablanca,33.5657371,-7.6764531,atm
Bank of Africa ⵍⴱⴰⵏⴽ ⵏ ⴰⴼⵔⵉⵇⵢⴰ بنك أفريقيا,Casablanca,33.5921374,-7.6393648,atm
Banque Populaire البنك الشعبي,Casablanca,33.5873987,-7.6408503,atm
ATM,Casablanca,33.5878556,-7.6403744,atm
Umnia Bank أمنية بنك,Casablanca,33.5918803,-7.6419531,atm
CFG Bank,Casablanca,33.5923911,-7.6425541,atm
Saham Bank سهام بنك,Casablanca,33.5727371,-7.6574563,atm
Saham Bank سهام بنك,Casablanca,33.564516,-7.6447815,atm
Attijariwafa Bank,Casablanca,33.5910961,-7.6364433,atm
CaixaBank,Casablanca,33.5902124,-7.637359,atm
Banque Populaire البنك الشعبي,Casablanca,33.5918038,-7.6072454,atm
Banque Populaire البنك الشعبي,Casablanca,33.5559214,-7.6838169,atm
Saham Bank سهام بنك,Casablanca,33.5558579,-7.6840297,atm
ATM,Casablanca,33.5560645,-7.6836511,atm
ATM,Casablanca,33.5556872,-7.6842922,atm
Banque Populaire البنك الشعبي,Casablanca,33.5597243,-7.6117194,atm
Banque Populaire البنك الشعبي,Casablanca,33.571929,-7.6690178,atm
Banque Populaire البنك الشعبي,Casablanca,33.5906772,-7.6115944,atm
Banque Populaire البنك الشعبي,Casablanca,33.5543428,-7.6232719,atm
CIH Bank القرض العقاري والسياحي,Casablanca,33.5957405,-7.6122948,atm
BMCI البنك المغربي للتجارة والصناعة,Casablanca,33.5736689,-7.6560397,atm
Bank of Africa ⵍⴱⴰⵏⴽ ⵏ ⴰⴼⵔⵉⵇⵢⴰ بنك أفريقيا,Casablanca,33.5873634,-7.6463438,atm
Saham Bank سهام بنك,Casablanca,33.5909963,-7.6769379,atm
ATM,Casablanca,33.586229,-7.679794,atm
ATM,Casablanca,33.5786239,-7.6255017,atm
Al Barid Bank,Casablanca,33.5697073,-7.6443477,atm
Bank of Africa ⵍⴱⴰⵏⴽ ⵏ ⴰⴼⵔⵉⵇⵢⴰ بنك أفريقيا,Casablanca,33.5557532,-7.6107233,atm
ATM,Casablanca,33.5775237,-7.6372591,atm
Banque Populaire البنك الشعبي,Casablanca,33.5795913,-7.6365444,atm
Umnia Bank أمنية بنك,Casablanca,33.5605118,-7.6442111,atm
Crédit Agricole du Maroc القرض الفلاحي للمغرب,Casablanca,33.5746112,-7.6435511,atm
Attijariwafa Bank التجاري وفا بنك,Casablanca,33.5563332,-7.6353657,atm
Bank Al-Maghrib بنك المغرب,Casablanca,33.593287,-7.6180401,atm
Attijariwafa Bank التجاري وفا بنك,Casablanca,33.5573105,-7.6110935,atm
BMCI البنك المغربي للتجارة والصناعة,Casablanca,33.5361406,-7.6401387,atm
BMCI Bank,Casablanca,33.5550173,-7.6233988,atm
Attijariwafa Bank التجاري وفا بنك,Casablanca,33.5661614,-7.6380246,atm
Attijariwafa Bank التجاري وفا بنك,Casablanca,33.5662939,-7.6381371,atm
Crédit Agricole du Maroc القرض الفلاحي للمغرب,Casablanca,33.5612274,-7.6708069,atm
ATM,Casablanca,33.5890983,-7.6339338,atm
Bank of Africa,Casablanca,33.5892512,-7.6340085,atm
ATM,Casablanca,33.5871802,-7.6392314,atm
ATM,Casablanca,33.5897038,-7.6388363,atm
Attijariwafa Bank التجاري وفا بنك,Casablanca,33.5650369,-7.6379691,atm
BMCI Bank,Casablanca,33.5651421,-7.6371205,atm
Saham Bank سهام بنك,Casablanca,33.5732363,-7.6462383,atm
Bank of Africa,Casablanca,33.5918057,-7.6307057,atm
ATM,Casablanca,33.5066433,-7.6303026,atm
Crédit Agricole du Maroc القرض الفلاحي للمغرب,Casablanca,33.6094653,-7.4961917,atm
Banque Populaire البنك الشعبي,Casablanca,33.6093313,-7.4960567,atm
Saham Bank سهام بنك,Casablanca,33.6089869,-7.4960289,atm
Attijariwafa Bank التجاري وفا بنك,Casablanca,33.6095721,-7.4962869,atm
ATM,Casablanca,33.5725232,-7.6871939,atm
Banque Populaire البنك الشعبي,Casablanca,33.5723775,-7.6875473,atm
Banque Populaire البنك الشعبي,Casablanca,33.5773496,-7.6740322,atm
ATM,Casablanca,33.5676179,-7.6584161,atm
Banque Populaire البنك الشعبي,Casablanca,33.5980325,-7.6440074,atm
ATM,Casablanca,33.5981776,-7.6432332,atm
Banque Populaire البنك الشعبي,Casablanca,33.5813385,-7.6315669,atm
Saham Bank سهام بنك,Casablanca,33.5832249,-7.6322789,atm
Saham Bank سهام بنك,Casablanca,33.6123943,-7.4952101,atm
Banque Populaire البنك الشعبي,Casablanca,33.6123014,-7.4952686,atm
Attijariwafa Bank التجاري وفا بنك,Casablanca,33.6125068,-7.4949799,atm
Bank of Africa ⵍⴱⴰⵏⴽ ⵏ ⴰⴼⵔⵉⵇⵢⴰ بنك أفريقيا,Casablanca,33.6119906,-7.4958183,atm
BMCI البنك المغربي للتجارة والصناعة,Casablanca,33.6116126,-7.4956664,atm
Saham Bank سهام بنك,Casablanca,33.5856818,-7.5759328,atm
Attijariwafa Bank التجاري وفا بنك,Casablanca,33.5855808,-7.5769544,atm
Bank of Africa ⵍⴱⴰⵏⴽ ⵏ ⴰⴼⵔⵉⵇⵢⴰ بنك أفريقيا,Casablanca,33.5943919,-7.6423721,atm
ATM,Casablanca,33.5618043,-7.5337913,atm
Attijariwafa Bank التجاري وفا بنك,Casablanca,33.5962815,-7.6193286,atm
Attijariwafa Bank التجاري وفا بنك,Casablanca,33.5473239,-7.6322174,atm
Attijariwafa Bank التجاري وفا بنك,Casablanca,33.547067,-7.6322382,atm
BMCI البنك المغربي للتجارة والصناعة,Casablanca,33.5520039,-7.6088307,atm
Banque Populaire البنك الشعبي,Casablanca,33.5375042,-7.5854025,atm
Bank of Africa ⵍⴱⴰⵏⴽ ⵏ ⴰⴼⵔⵉⵇⵢⴰ بنك أفريقيا,Casablanca,33.5373382,-7.58573,atm
Bank of Africa ⵍⴱⴰⵏⴽ ⵏ ⴰⴼⵔⵉⵇⵢⴰ بنك أفريقيا,Casablanca,33.5987057,-7.5246873,atm
Bank of Africa ⵍⴱⴰⵏⴽ ⵏ ⴰⴼⵔⵉⵇⵢⴰ بنك أفريقيا,Casablanca,33.5949271,-7.5407138,atm
BMCI البنك المغربي للتجارة والصناعة,Casablanca,33.6003401,-7.5255422,atm
Bank of Africa ⵍⴱⴰⵏⴽ ⵏ ⴰⴼⵔⵉⵇⵢⴰ بنك أفريقيا,Casablanca,33.6205073,-7.5310579,atm
Bank of Africa ⵍⴱⴰⵏⴽ ⵏ ⴰⴼⵔⵉⵇⵢⴰ بنك أفريقيا,Casablanca,33.5965646,-7.593046,atm
Bank of Africa ⵍⴱⴰⵏⴽ ⵏ ⴰⴼⵔⵉⵇⵢⴰ بنك أفريقيا,Casablanca,33.6169702,-7.4966135,atm
CIH Bank القرض العقاري والسياحي,Casablanca,33.6168186,-7.4968654,atm
Bank of Africa ⵍⴱⴰⵏⴽ ⵏ ⴰⴼⵔⵉⵇⵢⴰ بنك أفريقيا,Casablanca,33.5833613,-7.5528607,atm
Bank of Africa ⵍⴱⴰⵏⴽ ⵏ ⴰⴼⵔⵉⵇⵢⴰ بنك أفريقيا,Casablanca,33.582378,-7.5613354,atm
BMCI Groupe BNP Paribas,Casablanca,33.5959541,-7.6151599,atm
Bank of Africa ⵍⴱⴰⵏⴽ ⵏ ⴰⴼⵔⵉⵇⵢⴰ بنك أفريقيا,Casablanca,33.5788668,-7.5631847,atm
Bank of Africa ⵍⴱⴰⵏⴽ ⵏ ⴰⴼⵔⵉⵇⵢⴰ بنك أفريقيا,Casablanca,33.6148152,-7.5361632,atm
Bank of Africa ⵍⴱⴰⵏⴽ ⵏ ⴰⴼⵔⵉⵇⵢⴰ بنك أفريقيا,Casablanca,33.5938508,-7.5589919,atm
Bank of Africa ⵍⴱⴰⵏⴽ ⵏ ⴰⴼⵔⵉⵇⵢⴰ بنك أفريقيا,Casablanca,33.5929082,-7.5622324,atm
Bank of Africa ⵍⴱⴰⵏⴽ ⵏ ⴰⴼⵔⵉⵇⵢⴰ بنك أفريقيا,Casablanca,33.5764205,-7.5404902,atm
Bank of Africa ⵍⴱⴰⵏⴽ ⵏ ⴰⴼⵔⵉⵇⵢⴰ بنك أفريقيا,Casablanca,33.5933597,-7.5826681,atm
CIH Bank القرض العقاري والسياحي,Casablanca,33.5956283,-7.5593245,atm
Al Barid Bank,Casablanca,33.5864659,-7.5668552,atm
Attijariwafa Bank التجاري وفا بنك,Casablanca,33.5839551,-7.5706285,atm
Bank of Africa ⵍⴱⴰⵏⴽ ⵏ ⴰⴼⵔⵉⵇⵢⴰ بنك أفريقيا,Casablanca,33.5863415,-7.584736,atm
BMCI البنك المغربي للتجارة والصناعة,Casablanca,33.5918963,-7.6007118,atm
Attijariwafa Bank التجاري وفا بنك,Casablanca,33.5915746,-7.6015285,atm
Bank of Africa ⵍⴱⴰⵏⴽ ⵏ ⴰⴼⵔⵉⵇⵢⴰ بنك أفريقيا,Casablanca,33.5982301,-7.4849114,atm
Banque Populaire البنك الشعبي,Casablanca,33.6012847,-7.4839361,atm
Bank of Africa ⵍⴱⴰⵏⴽ ⵏ ⴰⴼⵔⵉⵇⵢⴰ بنك أفريقيا,Casablanca,33.6070864,-7.5191212,atm
BMCI البنك المغربي للتجارة والصناعة,Casablanca,33.5331228,-7.6050242,atm
Credit Agricole Du Maroc,Casablanca,33.5663458,-7.6837264,atm
Attijariwafa Bank التجاري وفا بنك,Casablanca,33.5664116,-7.6837551,atm
Credit Du Maroc,Casablanca,33.5598533,-7.6757604,atm
Crédit Agricole du Maroc,Casablanca,33.5559072,-7.6812585,atm
BMCI البنك المغربي للتجارة والصناعة,Casablanca,33.534691,-7.7249074,atm
Saham Bank سهام بنك,Rabat,33.960579,-6.8680772,atm
Saham Bank سهام بنك,Rabat,33.9599774,-6.8741464,atm
Bank of Africa ⵍⴱⴰⵏⴽ ⵏ ⴰⴼⵔⵉⵇⵢⴰ بنك أفريقيا,Rabat,33.9621862,-6.8640709,atm
BMCI البنك المغربي للتجارة والصناعة,Rabat,33.9595044,-6.8677831,atm
Crédit Agricole du Maroc القرض الفلاحي للمغرب,Rabat,33.9625825,-6.8643307,atm
ATM,Rabat,33.9632793,-6.8601383,atm
La Poste Tabriquet,Rabat,34.0451267,-6.807316,atm
Attijariwafa Bank التجاري وفا بنك,Rabat,33.9935651,-6.8472498,atm
CIH,Rabat,33.9948262,-6.8470949,atm
Crédit du Maroc,Rabat,33.9960115,-6.8480927,atm
Dar Al Amane,Rabat,33.9966688,-6.8462159,atm
Banque Populaire البنك الشعبي,Rabat,34.0479528,-6.7972931,atm
Banque Populaire البنك الشعبي,Rabat,34.0206474,-6.830369,atm
BMCI البنك المغربي للتجارة والصناعة,Rabat,34.0178173,-6.8289141,atm
Bank of Africa ⵍⴱⴰⵏⴽ ⵏ ⴰⴼⵔⵉⵇⵢⴰ بنك أفريقيا,Rabat,34.0491877,-6.799655,atm
Crédit agricole du Maroc القرض الفلاحي,Rabat,34.0164194,-6.8324217,atm
ATM,Rabat,34.0164343,-6.8323827,atm
BMCI البنك المغربي للتجارة والصناعة,Rabat,34.0200852,-6.835305,atm
Arab Bank,Rabat,34.0222998,-6.8368912,atm
Saham Bank سهام بنك,Rabat,34.0247223,-6.8302396,atm
Banque Populaire البنك الشعبي,Rabat,34.0174855,-6.8286846,atm
Attijariwafa Bank التجاري وفا بنك,Rabat,34.0210863,-6.826997,atm
Attijariwafa bank,Rabat,34.0175411,-6.8268783,atm
CIH,Rabat,33.9993493,-6.844482,atm
Bank of Africa ⵍⴱⴰⵏⴽ ⵏ ⴰⴼⵔⵉⵇⵢⴰ بنك أفريقيا,Rabat,34.0138082,-6.8287126,atm
Crédit Agricole - Rabat - Chellah,Rabat,34.0234042,-6.8322968,atm
Attijariwafa Bank التجاري وفا بنك,Rabat,34.0206399,-6.8356911,atm
Bmce,Rabat,34.0206896,-6.8374506,atm
Attijariwafabank,Rabat,34.00076,-6.8463746,atm
Credit Du Maroc,Rabat,34.0224369,-6.8305512,atm
Bmci,Rabat,34.0239611,-6.8301408,atm
Banque Populaire البنك الشعبي,Rabat,34.0235441,-6.8297005,atm
Bank of Africa ⵍⴱⴰⵏⴽ ⵏ ⴰⴼⵔⵉⵇⵢⴰ بنك أفريقيا,Rabat,34.0242766,-6.8301466,atm
Attijariwafa Bank التجاري وفا بنك,Rabat,34.022838,-6.8458651,atm
Crédit Agricole,Rabat,33.9544085,-6.8648256,atm
CIH Bank - Rabat - Agdal,Rabat,34.0023423,-6.8540722,atm
ATM,Rabat,34.0061209,-6.8562996,atm
ATM,Rabat,34.0040987,-6.8517412,atm
Banque Populaire البنك الشعبي,Rabat,34.0061108,-6.8563157,atm
ATM,Rabat,34.0115071,-6.8587256,atm
Al Barid Bank - Rabat - Akkari,Rabat,34.0110826,-6.8592864,atm
ATM,Rabat,34.0110202,-6.8592165,atm
CIH Bank - Rabat - Akkari,Rabat,34.0115517,-6.8588009,atm
ATM,Rabat,34.0138418,-6.8564753,atm
Bank of Africa ⵍⴱⴰⵏⴽ ⵏ ⴰⴼⵔⵉⵇⵢⴰ بنك أفريقيا,Rabat,34.0137906,-6.8564781,atm
Al Barid Bank,Rabat,34.0269986,-6.8416479,atm
Al Barid Bank,Rabat,34.0270318,-6.841688,atm
Banque Populaire البنك الشعبي,Rabat,34.0272402,-6.8407881,atm
Attijariwafa bank,Rabat,34.0219144,-6.83778,atm
Attijariwafa bank,Rabat,34.0219034,-6.8378257,atm
Crédit Agricole,Rabat,34.0233115,-6.8316684,atm
BMCI - Rabat - Océan,Rabat,34.0256094,-6.8457846,atm
Crédit Agricole - Rabat - Hassan II,Rabat,34.0205139,-6.842274,atm
Crédit Agricole,Rabat,34.0204794,-6.8422364,atm
Saham Bank سهام بنك,Rabat,34.0197537,-6.8429835,atm
Crédit du Maroc - Rabat - Ibn Sina,Rabat,33.9905075,-6.8516215,atm
BMCE,Rabat,33.9908389,-6.8515786,atm
Bank of Africa ⵍⴱⴰⵏⴽ ⵏ ⴰⴼⵔⵉⵇⵢⴰ بنك أفريقيا,Rabat,33.9908768,-6.8516615,atm
Crédit du Maroc,Rabat,33.9905076,-6.8515703,atm
Banque Populaire البنك الشعبي,Rabat,33.9912994,-6.851243,atm
Banque Populaire البنك الشعبي,Rabat,33.991295,-6.8512886,atm
Saham Bank سهام بنك,Rabat,34.0020478,-6.8506412,atm
Saham Bank سهام بنك,Rabat,34.0020201,-6.8506556,atm
Banque Populaire البنك الشعبي,Rabat,34.0025267,-6.8501507,atm
Crédit du Maroc,Rabat,34.0054776,-6.8495854,atm
Crédit du Maroc,Rabat,34.0055065,-6.8495535,atm
Attijariwafa Bank التجاري وفا بنك,Rabat,34.0053198,-6.8493065,atm
Attijariwafa Bank التجاري وفا بنك,Rabat,34.0053329,-6.8492879,atm
Saham Bank سهام بنك,Rabat,34.0371569,-6.8060986,atm
Saham Bank سهام بنك,Rabat,34.0371611,-6.8060128,atm
Banque Populaire البنك الشعبي,Rabat,34.0202863,-6.8448757,atm
Saham Bank سهام بنك,Rabat,33.9997316,-6.8468692,atm
Saham Bank سهام بنك,Rabat,34.0201861,-6.8267,atm
Banque Populaire البنك الشعبي,Rabat,34.018909,-6.8251609,atm
Bank of Africa ⵍⴱⴰⵏⴽ ⵏ ⴰⴼⵔⵉⵇⵢⴰ بنك أفريقيا,Rabat,34.0171616,-6.8254365,atm
Crédit Agrricole - contrôle general,Rabat,34.0206158,-6.8286933,atm
ATM,Rabat,34.0210831,-6.8275812,atm
CIH,Rabat,34.0175211,-6.8274201,atm
Crédit Agricole du Maroc,Rabat,34.0188409,-6.8497839,atm
Banque Populaire البنك الشعبي,Rabat,34.0138601,-6.8545784,atm
Banque Populaire البنك الشعبي,Rabat,34.021733,-6.836414,atm
Western Union,Rabat,34.0254101,-6.8456601,atm
tawfik,Rabat,34.0255124,-6.845533,atm
Saham Bank سهام بنك,Rabat,34.0191053,-6.8356433,atm
Crédit Agricole du Maroc,Rabat,34.0178343,-6.8346709,atm
ATM,Rabat,34.0178378,-6.8347821,atm
Banque Populaire البنك الشعبي,Rabat,34.0293993,-6.8375297,atm
CIH Agence Hay riad,Rabat,33.9575648,-6.8688689,atm
Saham Bank سهام بنك,Rabat,34.0323062,-6.8066649,atm
Crédit Agricole du Maroc القرض الفلاحي للمغرب,Rabat,34.0186907,-6.8493787,atm
Bank of Africa ⵍⴱⴰⵏⴽ ⵏ ⴰⴼⵔⵉⵇⵢⴰ بنك أفريقيا,Rabat,34.0211987,-6.8515928,atm
ATM,Rabat,34.0468993,-6.7857865,atm
ATM,Rabat,33.9541138,-6.8638481,atm
BMCI البنك المغربي للتجارة والصناعة,Rabat,33.9541588,-6.8638286,atm
Bank of Africa ⵍⴱⴰⵏⴽ ⵏ ⴰⴼⵔⵉⵇⵢⴰ بنك أفريقيا,Rabat,33.99286,-6.8474699,atm
Banque CIH بنك,Rabat,34.0188238,-6.825897,atm
Al Barid Bank البريد بنك,Rabat,33.9993378,-6.8497077,atm
Crédit du Maroc,Rabat,33.996985,-6.8747371,atm
CIH بنك,Rabat,33.997098,-6.8746283,atm
البنك المغربي للتجارة الخارجية,Rabat,33.9964227,-6.8751681,atm
Barid Cash - Western Union,Rabat,33.9963043,-6.8757798,atm
Bmce banque jnane nahda البنك المغربي للتجارة الخارجية,Rabat,33.9737312,-6.8183775,atm
ATM,Rabat,33.9786608,-6.8791082,atm
Attijari Wafabank,Rabat,33.9985231,-6.84595,atm
BMCI البنك المغربي للتجارة والصناعة,Rabat,33.9982007,-6.8468794,atm
القرض الفلاحي,Rabat,33.9983992,-6.8462922,atm
wafasalaf,Rabat,33.9978721,-6.8470754,atm
Attijariwafa bank,Rabat,33.9631613,-6.8527975,atm
Banque Populaire البنك الشعبي,Rabat,34.0195868,-6.8495799,atm
CIH Bank القرض العقاري والسياحي,Rabat,33.9954155,-6.879217,atm
Credit Du Maroc,Rabat,34.0215163,-6.8362601,atm
Credit Agricole Du Maroc,Rabat,34.0165254,-6.8337107,atm
CIH Bank القرض العقاري والسياحي,Rabat,34.016153,-6.8336034,atm
BMCI البنك المغربي للتجارة والصناعة,Rabat,34.0176981,-6.8342329,atm
Attijariwafa Bank التجاري وفا بنك,Rabat,34.0211453,-6.8350108,atm
Attijariwafa Bank التجاري وفا بنك,Rabat,34.0232786,-6.8291842,atm
Banque Populaire البنك الشعبي,Rabat,33.9823754,-6.8806654,atm
Bank of Africa ⵍⴱⴰⵏⴽ ⵏ ⴰⴼⵔⵉⵇⵢⴰ بنك أفريقيا,Rabat,33.9837521,-6.8790534,atm
BMCI البنك المغربي للتجارة والصناعة,Rabat,34.042907,-6.8115858,atm
Attijariwafa Bank التجاري وفا بنك,Rabat,34.0397171,-6.8162843,atm
BMCI Bank,Rabat,33.9676572,-6.8927944,atm
Al Akhdar Bank الأخضر بنك,Rabat,34.016384,-6.8323153,atm
Credit du Maroc,Rabat,33.9721138,-6.8929124,atm
Banque Populaire البنك الشعبي,Rabat,33.975209,-6.8895777,atm
Crédit Agricole,Rabat,33.9755498,-6.8891455,atm
Attijariwafa Bank التجاري وفا بنك,Rabat,33.9756739,-6.8888535,atm
BMCI Bank,Rabat,33.9757462,-6.8918583,atm
Bank of Africa ⵍⴱⴰⵏⴽ ⵏ ⴰⴼⵔⵉⵇⵢⴰ بنك أفريقيا,Rabat,33.9736848,-6.8943628,atm
BMCI Bank,Rabat,34.020796,-6.8393084,atm
Crédit Agricole du Maroc القرض الفلاحي للمغرب,Rabat,34.017269,-6.8333995,atm
BMCI Bank,Rabat,34.0170022,-6.8361059,atm
Bank of Africa,Rabat,34.0131371,-6.8483944,atm
BMCI Bank,Rabat,34.014802,-6.8509176,atm
Credit du Maroc,Rabat,34.0120955,-6.8511383,atm
Al Barid Bank,Rabat,34.013075,-6.8489331,atm
Attijariwafa Bank التجاري وفا بنك,Rabat,34.0153949,-6.846891,atm
Al Barid Bank,Rabat,34.015785,-6.8496081,atm
Bank of Africa ⵍⴱⴰⵏⴽ ⵏ ⴰⴼⵔⵉⵇⵢⴰ بنك أفريقيا,Rabat,34.0166765,-6.8456827,atm
Credit Agricole Du Maroc,Rabat,34.0205337,-6.8430904,atm
Saham Bank سهام بنك,Rabat,34.0198334,-6.8486063,atm
BMCI Bank,Rabat,34.0199145,-6.8425043,atm
CIH Bank القرض العقاري والسياحي,Rabat,34.0252477,-6.8459898,atm
Bank of Africa ⵍⴱⴰⵏⴽ ⵏ ⴰⴼⵔⵉⵇⵢⴰ بنك أفريقيا,Rabat,34.024599,-6.8472388,atm
Banque Populaire البنك الشعبي,Rabat,34.0251021,-6.8465759,atm
Credit Du Maroc,Rabat,34.025281,-6.8463224,atm
Attijariwafa Bank التجاري وفا بنك,Rabat,34.0246453,-6.8468696,atm
Credit Agricole Du Maroc,Rabat,34.0250432,-6.8463372,atm
Banque Populaire البنك الشعبي,Rabat,34.022191,-6.8464042,atm
Banque Populaire البنك الشعبي,Rabat,33.960672,-6.8667823,atm
Banque Populaire البنك الشعبي,Rabat,34.0122033,-6.8286862,atm
BMCI Bank,Rabat,34.0113151,-6.828597,atm
AttijariwafaBank,Rabat,34.0127914,-6.8285367,atm
Bank of Africa ⵍⴱⴰⵏⴽ ⵏ ⴰⴼⵔⵉⵇⵢⴰ بنك أفريقيا,Rabat,33.9547552,-6.8750274,atm
Attijariwafa Bank التجاري وفا بنك,Rabat,34.016458,-6.8293279,atm
Credit Agricole Du Maroc,Rabat,34.0166065,-6.8291402,atm
Crédit du Maroc,Rabat,34.0180516,-6.8288143,atm
Credit Agricole Du Maroc,Rabat,34.0171545,-6.8330562,atm
Saham Bank سهام بنك,Rabat,34.0096809,-6.8572028,atm
Banque Popular,Rabat,34.0404799,-6.8097,atm
Banque Populaire البنك الشعبي,Rabat,33.9974002,-6.8491689,atm
CFG Bank,Rabat,33.9971683,-6.8498079,atm
Bank of Africa ⵍⴱⴰⵏⴽ ⵏ ⴰⴼⵔⵉⵇⵢⴰ بنك أفريقيا,Rabat,33.9968265,-6.8499035,atm
Banque Populaire البنك الشعبي,Rabat,34.0004944,-6.8470037,atm
Credit Agricole Du Maroc,Rabat,34.0006612,-6.8492273,atm
AL Barid Bank,Rabat,34.0005978,-6.8450497,atm
Bank Assafa بنك الصفاء,Rabat,34.0012049,-6.8502907,atm
Attijariwafa Bank التجاري وفا بنك,Rabat,33.9968832,-6.8481115,atm
Umnia Bank أمنية بنك,Rabat,33.9948759,-6.8471359,atm
Banque Popular,Rabat,34.0422619,-6.820474,atm
Bank Al Yousr بنك اليسر,Rabat,33.998005,-6.8473806,atm
Banque Popular,Rabat,34.0493371,-6.81703,atm
BMCE Bank البنك المغربي للتجارة الخارجية,Rabat,34.0497282,-6.8166599,atm
Wafa Assurance,Rabat,34.0307961,-6.7979072,atm
Attijariwafa Bank التجاري وفا بنك,Rabat,34.0295619,-6.8008556,atm
BMCI البنك المغربي للتجارة والصناعة,Rabat,34.0306444,-6.8020888,atm
Bank of Africa ⵍⴱⴰⵏⴽ ⵏ ⴰⴼⵔⵉⵇⵢⴰ بنك أفريقيا,Rabat,34.0299359,-6.8011312,atm
Banque Popular,Rabat,34.0298381,-6.8014035,atm
Bank of Africa ⵍⴱⴰⵏⴽ ⵏ ⴰⴼⵔⵉⵇⵢⴰ بنك أفريقيا,Rabat,34.0411317,-6.8166934,atm
Credit Agricole du Maroc,Rabat,33.9787333,-6.8176201,atm
Banque Popular,Rabat,34.0345849,-6.8055958,atm
Attijariwafa Bank التجاري وفا بنك,Rabat,34.0382979,-6.8061684,atm
Credit Agricole Du Maroc,Rabat,33.9742381,-6.8176804,atm
Attijariwafa Bank التجاري وفا بنك,Rabat,34.046379,-6.7783391,atm
Crédir Agricole du Maruc,Rabat,34.0464235,-6.7787623,atm
Banque Populaire البنك الشعبي,Rabat,33.9729335,-6.8194668,atm
Credit Agricole Du Maroc,Rabat,33.9757873,-6.821343,atm
BMCI,Rabat,33.9809133,-6.8291762,atm
ATM,Rabat,33.9752141,-6.8308282,atm
ATM,Rabat,33.9778586,-6.8166226,atm
ATM,Rabat,33.9780096,-6.8170626,atm
ATM,Rabat,34.0154568,-6.8283908,atm
ATM,Rabat,34.0156189,-6.8350332,atm
CIH Bank القرض العقاري والسياحي,Rabat,33.9705332,-6.8282393,atm
ATM,Rabat,34.0199637,-6.8424819,atm
Saham Bank سهام بنك,Rabat,34.0225905,-6.7991889,atm
Attijari Wafabank,Rabat,33.9944437,-6.8512267,atm
Al Akhdar Bank الأخضر بنك,Rabat,34.002386,-6.8502748,atm
ATM,Rabat,34.018891,-6.848139,atm
Saham Bank سهام بنك,Rabat,34.0151632,-6.835982,atm
Crédit Agricole du Maroc القرض الفلاحي للمغرب,Rabat,33.9607581,-6.8676277,atm
Umnia Bank أمنية بنك,Rabat,33.9607814,-6.867865,atm
ATM,Rabat,33.9907071,-6.8736353,atm
ATM,Rabat,33.9915792,-6.8702739,atm
ATM,Rabat,33.9917914,-6.8717011,atm
ATM,Rabat,33.9761003,-6.819543,atm
البريد بنك,Rabat,33.9840857,-6.8254136,atm
وفاكاش,Rabat,33.9909786,-6.8698162,atm
Banque Populaire البنك الشعبي,Rabat,34.0172587,-6.7641625,atm
Bank Assafa بنك الصفاء,Rabat,34.0171018,-6.7643317,atm
Bank Al Yousr بنك اليسر,Rabat,34.0441616,-6.8088088,atm
Banque Populaire البنك الشعبي,Rabat,33.9243248,-6.8959937,atm
Bank of Africa,Rabat,33.9408281,-6.8844139,atm
crédit agricol,Rabat,34.0186306,-6.7628398,atm
ATM,Rabat,34.0162857,-6.8355658,atm
ATM,Rabat,34.0178175,-6.8447102,atm
ATM,Rabat,34.0163398,-6.8460094,atm
ATM,Rabat,34.0197728,-6.8429575,atm
Attijariwafa bank,Rabat,33.9508483,-6.837729,atm
Banque Populaire البنك الشعبي,Rabat,33.961283,-6.8647634,atm
Attijari Wafabank,Rabat,33.993021,-6.8469513,atm
Agence CFG Bank,Rabat,34.0043296,-6.8464882,atm
Saham Bank سهام بنك,Rabat,33.9942995,-6.8494703,atm
Agence BMCI,Rabat,33.9925373,-6.8474626,atm
Agence Attijari,Rabat,33.9615622,-6.8645401,atm
Citibank,Rabat,34.0189632,-6.8339993,atm
Arab Bank,Rabat,34.0003767,-6.8440771,atm
Crédit Agricole du Maroc القرض الفلاحي للمغرب,Rabat,33.9920782,-6.8452567,atm
CIH BANK,Rabat,33.9954679,-6.8793394,atm
Saham Bank سهام بنك,Rabat,33.9746831,-6.8306612,atm
Bank of Africa ⵍⴱⴰⵏⴽ ⵏ ⴰⴼⵔⵉⵇⵢⴰ بنك أفريقيا,Rabat,33.9749387,-6.8307387,atm
Saham Bank سهام بنك,Rabat,33.9650629,-6.8515085,atm
ATM,Rabat,34.024084,-6.8302574,atm
Bank of Africa ⵍⴱⴰⵏⴽ ⵏ ⴰⴼⵔⵉⵇⵢⴰ بنك أفريقيا,Rabat,33.9816864,-6.828946,atm
Crédit du Maroc,Rabat,33.981449,-6.8289995,atm
Attijariwafa Bank التجاري وفا بنك,Rabat,33.9759303,-6.8700763,atm
Banque Populaire البنك الشعبي,Rabat,33.982886,-6.8272102,atm
Bank of Africa ⵍⴱⴰⵏⴽ ⵏ ⴰⴼⵔⵉⵇⵢⴰ بنك أفريقيا,Rabat,33.9720347,-6.8298597,atm
Banque Populaire البنك الشعبي,Rabat,33.9715388,-6.8286583,atm
Attijariwafa Bank التجاري وفا بنك,Rabat,33.9832332,-6.8802523,atm
Attijariwafa Bank التجاري وفا بنك,Rabat,34.0171514,-6.8305477,atm
Bank of Africa ⵍⴱⴰⵏⴽ ⵏ ⴰⴼⵔⵉⵇⵢⴰ بنك أفريقيا,Rabat,33.9902492,-6.8515854,atm
Banque Populaire البنك الشعبي,Rabat,33.9785354,-6.8371206,atm
Attijariwafa Bank التجاري وفا بنك,Rabat,33.9849272,-6.8283072,atm
Bank of Africa ⵍⴱⴰⵏⴽ ⵏ ⴰⴼⵔⵉⵇⵢⴰ بنك أفريقيا,Rabat,33.9860907,-6.8206295,atm
Attijariwafa,Rabat,34.0468256,-6.7836522,atm
BMCI البنك المغربي للتجارة والصناعة,Rabat,34.046679,-6.7847733,atm
Bank of Africa ⵍⴱⴰⵏⴽ ⵏ ⴰⴼⵔⵉⵇⵢⴰ بنك أفريقيا,Rabat,34.040439,-6.7849961,atm
CFG Bank,Rabat,33.9733302,-6.8293137,atm
ATM,Fès,34.0529802,-4.9933287,atm
Saham Bank سهام بنك,Fès,34.0617203,-4.9841463,atm
ATM,Fès,34.047379,-5.0054204,atm
Attijariwafa bank التجاري وفا بنك,Fès,34.0402143,-5.0055872,atm
Saham Bank سهام بنك,Fès,34.0424079,-5.0012741,atm
Banque du Maroc,Fès,34.041579,-5.0002629,atm
Bank of Africa ⵍⴱⴰⵏⴽ ⵏ ⴰⴼⵔⵉⵇⵢⴰ بنك أفريقيا,Fès,34.037866,-4.9981949,atm
Banque Populaire البنك الشعبي,Fès,34.0154152,-4.9744031,atm
ATM,Fès,34.0661456,-4.9743761,atm
Saham Bank سهام بنك,Fès,34.0616554,-4.9729535,atm
Banque Populaire البنك الشعبي,Fès,34.0289531,-4.9946565,atm
Bank of Africa ⵍⴱⴰⵏⴽ ⵏ ⴰⴼⵔⵉⵇⵢⴰ بنك أفريقيا,Fès,34.0319898,-4.9941306,atm
CIH,Fès,34.0082646,-4.9785235,atm
Bank of Africa ⵍⴱⴰⵏⴽ ⵏ ⴰⴼⵔⵉⵇⵢⴰ بنك أفريقيا,Fès,34.0059896,-4.9776391,atm
ATM,Fès,34.0617479,-4.9832722,atm
ATM,Fès,34.0608901,-4.9822175,atm
Attirajiwafabank,Fès,34.0425505,-4.9991642,atm
Banque marocaine du commerce extérieur البنك المغربي للتجارة الخارجية,Fès,34.0030621,-5.0106409,atm
ATM,Fès,34.0666962,-4.9649016,atm
Crédit du Maroc,Fès,34.0402752,-5.0009306,atm
Banque Populaire البنك الشعبي,Fès,34.0434709,-4.998363,atm
Crédit du maroc,Fès,34.0288805,-4.9987034,atm
Bank of Africa ⵍⴱⴰⵏⴽ ⵏ ⴰⴼⵔⵉⵇⵢⴰ بنك أفريقيا,Fès,34.0335795,-5.0052126,atm
RMA Wtanya,Fès,34.0431862,-4.997587,atm
BANQUE POPULAIRE,Fès,34.0322543,-5.0063245,atm
ATTIRAIWAFABANK,Fès,34.0321651,-5.0063881,atm
BMCI البنك المغربي للتجارة والصناعة,Fès,34.0329239,-5.0056823,atm
Crédit du Maroc,Fès,34.0317359,-5.0083661,atm
ATM,Fès,34.0315034,-5.0073718,atm
Wafa Salaf,Fès,34.0432554,-4.9974954,atm
ATM,Fès,34.0450445,-4.996333,atm
Saham Bank سهام بنك,Fès,34.0400192,-4.9991062,atm
Saham Bank سهام بنك,Fès,34.0395015,-4.9999998,atm
Bank of Africa ⵍⴱⴰⵏⴽ ⵏ ⴰⴼⵔⵉⵇⵢⴰ بنك أفريقيا,Fès,34.0421049,-4.9967512,atm
Vivalis,Fès,34.0404563,-4.9976171,atm
BMCI البنك المغربي للتجارة والصناعة,Fès,34.0425691,-5.0002149,atm
Bank of Africa ⵍⴱⴰⵏⴽ ⵏ ⴰⴼⵔⵉⵇⵢⴰ بنك أفريقيا,Fès,34.042491,-5.0002823,atm
Manda M.G.M.A,Fès,34.0421018,-5.000594,atm
Crédit Agricole,Fès,34.0421154,-5.0006999,atm
Banque Populaire البنك الشعبي,Fès,34.0562708,-5.0258284,atm
C I H,Fès,34.0424852,-5.003707,atm
Banque Populaire البنك الشعبي,Fès,34.0454592,-5.0022248,atm
Crédit du maroc,Fès,34.0457546,-5.0018172,atm
Banque Populaire البنك الشعبي,Fès,34.0417797,-4.9964906,atm
Banque Populaire البنك الشعبي,Fès,34.0415719,-4.9964912,atm
Banque Populaire البنك الشعبي,Fès,34.0370833,-5.0080773,atm
Crédit Agricole du Maroc,Fès,34.0459479,-5.0015215,atm
Bank of Africa ⵍⴱⴰⵏⴽ ⵏ ⴰⴼⵔⵉⵇⵢⴰ بنك أفريقيا,Fès,34.0457554,-5.001628,atm
Crédit Agricole de Maroc,Fès,34.0452429,-5.0023287,atm
SGMB Banque,Fès,34.0345019,-5.0053618,atm
Banque Populaire البنك الشعبي,Fès,34.0407248,-4.997996,atm
CFG,Fès,34.0301737,-5.0046939,atm
Association micro credit,Fès,34.0181834,-4.9915387,atm
CIH Bank القرض العقاري والسياحي,Fès,34.042323,-5.0036017,atm
CIIH bank,Fès,34.0380026,-4.9998935,atm
Attijariwafabank,Fès,34.0384065,-4.9987283,atm
Attijariwafa Bank التجاري وفا بنك,Fès,34.0400439,-5.0086006,atm
Attijariwafa bank,Fès,34.0458017,-5.0035165,atm
Crédit du Maroc,Fès,34.0422058,-5.0043862,atm
Banque Populaire البنك الشعبي,Fès,34.0416449,-5.0048371,atm
Attijariwafabank,Fès,34.0398743,-4.9990288,atm
Check Auto Express,Fès,34.041214,-4.9950705,atm
BMCI Bank,Fès,34.0396386,-5.0061285,atm
Banque Populaire البنك الشعبي,Fès,34.0292319,-5.0236329,atm
Bank of Africa ⵍⴱⴰⵏⴽ ⵏ ⴰⴼⵔⵉⵇⵢⴰ بنك أفريقيا,Fès,34.0280035,-5.0258529,atm
Saham Bank سهام بنك,Fès,34.0291375,-5.0235667,atm
Crédit du Maroc,Fès,34.0389182,-4.998382,atm
Crédit Agricole,Fès,34.0435988,-5.0052166,atm
Banque Populaire البنك الشعبي,Fès,34.0236683,-5.0162204,atm
Barid cash,Fès,34.0376711,-4.9976971,atm
Wafa cash,Fès,34.0377862,-4.996901,atm
Wafasalaf,Fès,34.0354085,-4.9975123,atm
EQDOM Agence de Crédit 17,Fès,34.0401423,-5.0054355,atm
AXA Crédit,Fès,34.0420378,-5.0087916,atm
Banque Populaire البنك الشعبي,Fès,34.0417734,-5.0083065,atm
Banque Populaire البنك الشعبي,Fès,34.0410717,-5.013514,atm
BMCI البنك المغربي للتجارة والصناعة,Fès,34.033468,-4.9955238,atm
Crédit Attawfiq,Fès,34.0416794,-5.0096526,atm
Crédit Agricole Bank,Fès,34.0417097,-5.0097116,atm
Banque Populaire البنك الشعبي,Fès,34.0369407,-4.9980492,atm
Banque Populaire البنك الشعبي,Fès,34.0353686,-4.9979828,atm
Atjariwafabanque,Fès,34.0233431,-5.006203,atm
Bank of Africa ⵍⴱⴰⵏⴽ ⵏ ⴰⴼⵔⵉⵇⵢⴰ بنك أفريقيا,Fès,34.0230707,-5.0063546,atm
Banque Populaire البنك الشعبي,Fès,34.0225646,-5.0066531,atm
BMCI البنك المغربي للتجارة والصناعة,Fès,34.0291821,-4.992815,atm
Attijariwafa Bank التجاري وفا بنك,Fès,34.0440096,-5.0068908,atm
Attiraiwafabank,Fès,34.0205164,-5.006946,atm
Taslif de crédit,Fès,34.0301769,-4.9928482,atm
Crédit du Maroc مصرف المغرب,Fès,34.030575,-4.9930693,atm
Crédit Agricole,Fès,34.0161402,-5.0072843,atm
Wafa cash - saiss financier,Fès,34.0326728,-4.9921947,atm
CIN Bank,Fès,34.0181679,-5.0064882,atm
Banque Populaire البنك الشعبي,Fès,34.0349273,-4.9990915,atm
Crédit du Maroc,Fès,34.0226967,-5.0062886,atm
Banque Populaire البنك الشعبي,Fès,34.0341569,-4.9900045,atm
S.G.M.B,Fès,34.0250366,-5.0049619,atm
Saham Bank سهام بنك,Fès,34.031517,-4.9951764,atm
Banque Populaire البنك الشعبي,Fès,34.0225575,-5.0126913,atm
Banque CIH,Fès,34.0401184,-4.9902376,atm
Wafa cash,Fès,34.0270449,-4.9868611,atm
Attijariwafa bank,Fès,34.0218804,-5.0114892,atm
Bank of Africa ⵍⴱⴰⵏⴽ ⵏ ⴰⴼⵔⵉⵇⵢⴰ بنك أفريقيا,Fès,34.0223816,-5.0130171,atm
Wafa cash,Fès,34.0216127,-4.9877955,atm
Banque Populaire البنك الشعبي,Fès,34.0252866,-4.9899986,atm
Attijariwafabank,Fès,34.0317925,-4.9949547,atm
Saham Bank سهام بنك,Fès,34.0383632,-5.0051344,atm
Salafin crédit,Fès,34.0384042,-5.0052434,atm
B.M.C.E,Fès,34.0384977,-5.0053877,atm
Attijariwafa bank,Fès,34.0186461,-5.0188418,atm
Crédit du Maroc,Fès,34.018182,-5.0192005,atm
Vivais سلف,Fès,34.0381316,-5.0048032,atm
Banque Populaire البنك الشعبي,Fès,34.018006,-5.0045404,atm
Attijariwafa bank,Fès,34.0228903,-5.0263569,atm
Bank of Africa ⵍⴱⴰⵏⴽ ⵏ ⴰⴼⵔⵉⵇⵢⴰ بنك أفريقيا,Fès,34.0241424,-5.0267765,atm
BMCI البنك المغربي للتجارة والصناعة,Fès,34.0199139,-5.0232574,atm
Agence Al Amana Microfinance,Fès,34.0200917,-5.0235731,atm
BMCI البنك المغربي للتجارة والصناعة,Fès,34.0235366,-5.0157866,atm
Banque Populaire البنك الشعبي,Fès,34.0216977,-5.0252724,atm
Attijariwafa bank التجاري وفا بنك,Fès,34.0168961,-5.0171727,atm
Saham Bank سهام بنك,Fès,34.0327698,-4.9944223,atm
Crédit t'as lifting Alkawtar,Fès,34.0142346,-5.0024049,atm
Banque Populaire البنك الشعبي,Fès,34.0143638,-5.0030618,atm
Oumnia bank,Fès,34.0317602,-4.9950953,atm
CIH Bank Rouen,Fès,34.0294389,-4.998199,atm
Sofac Crédit,Fès,34.0308673,-4.9981685,atm
BMCI Bank,Fès,34.0300512,-4.9984369,atm
Banque Crédit du Maroc,Fès,34.0294081,-4.9986298,atm
Bank of Africa ⵍⴱⴰⵏⴽ ⵏ ⴰⴼⵔⵉⵇⵢⴰ بنك أفريقيا,Fès,34.0245073,-4.9976778,atm
Banque Populaire البنك الشعبي,Fès,34.0243528,-4.9976348,atm
Saham Bank سهام بنك,Fès,34.0241113,-4.9975621,atm
Crédit Agricole,Fès,34.0269637,-4.9941936,atm
Attijariwafa bank,Fès,34.0244202,-4.9968979,atm
Wafa cash,Fès,34.0451006,-4.9972223,atm
Attijariwafa bank,Fès,34.0134428,-4.9817402,atm
Bank Assafa بنك الصفاء,Fès,34.0133192,-4.9816366,atm
Bank of Africa ⵍⴱⴰⵏⴽ ⵏ ⴰⴼⵔⵉⵇⵢⴰ بنك أفريقيا,Fès,34.0192014,-4.9862374,atm
Banque Populaire البنك الشعبي,Fès,34.014247,-4.982253,atm
Saham Bank سهام بنك,Fès,34.0120162,-4.9806646,atm
Attijariwafa bank,Fès,34.0185812,-4.9857739,atm
Banque Crédit du Maroc,Fès,34.0098529,-4.9789517,atm
BMCI البنك المغربي للتجارة والصناعة,Fès,34.0432741,-4.9984984,atm
Crédit Agricole,Fès,34.0166073,-4.9780324,atm
BMCI البنك المغربي للتجارة والصناعة,Fès,34.0118421,-4.9811124,atm
Attijariwafa bank,Fès,34.0086806,-4.9787469,atm
Saham Bank سهام بنك,Fès,34.0176861,-4.9855521,atm
CIH Bank القرض العقاري والسياحي,Fès,34.0089,-4.9790479,atm
Attijariwafabank,Fès,34.0164623,-4.977263,atm
Banque Populaire البنك الشعبي,Fès,34.017316,-4.988709,atm
Bank of Africa ⵍⴱⴰⵏⴽ ⵏ ⴰⴼⵔⵉⵇⵢⴰ بنك أفريقيا,Fès,34.0139933,-4.9817576,atm
Bank of Africa ⵍⴱⴰⵏⴽ ⵏ ⴰⴼⵔⵉⵇⵢⴰ بنك أفريقيا,Fès,34.0158779,-4.9860456,atm
Banque Populaire البنك الشعبي,Fès,34.0137228,-4.986234,atm
Attijariwafabank,Fès,34.0133871,-5.0028379,atm
Bank of Africa ⵍⴱⴰⵏⴽ ⵏ ⴰⴼⵔⵉⵇⵢⴰ بنك أفريقيا,Fès,34.013851,-5.0025022,atm
Bank of Africa,Fès,34.0098964,-4.9779007,atm
Attijariwafa bank,Fès,34.0113162,-4.9891054,atm
BMCI BANK,Fès,34.0138922,-4.9713548,atm
Saham Bank سهام بنك,Fès,34.0135093,-4.9720038,atm
Crédit du Maroc,Fès,34.0130226,-4.9729576,atm
Attijariwafa bank,Fès,34.0225365,-4.988802,atm
Bank of Africa ⵍⴱⴰⵏⴽ ⵏ ⴰⴼⵔⵉⵇⵢⴰ بنك أفريقيا,Fès,34.0079968,-4.9645523,atm
Crédit Agricole,Fès,34.0086188,-4.9631844,atm
Banque Populaire البنك الشعبي,Fès,34.0095081,-4.9614506,atm
Banque Populaire البنك الشعبي,Fès,34.010044,-4.9783427,atm
Attiraiwafabank,Fès,34.037,-5.0133698,atm
Bank of Africa ⵍⴱⴰⵏⴽ ⵏ ⴰⴼⵔⵉⵇⵢⴰ بنك أفريقيا,Fès,34.0366728,-5.0138476,atm
Banque Populaire البنك الشعبي,Fès,34.0108512,-4.96603,atm
Crédit du Maroc,Fès,34.0107566,-4.9884311,atm
Attijariwafabank,Fès,34.0141068,-4.970409,atm
Banque Populaire البنك الشعبي,Fès,34.0153787,-4.962485,atm
Banque Populaire البنك الشعبي,Fès,34.0051015,-4.9849589,atm
Attijariwafa bank,Fès,34.0045723,-4.9856246,atm
Crédit Agricole du Maroc,Fès,34.0041853,-4.9862153,atm
Banque Populaire البنك الشعبي,Fès,34.0197445,-4.9854564,atm
Banque Populaire البنك الشعبي,Fès,34.0193463,-4.9731624,atm
Ste Attawfiq,Fès,34.0197152,-4.9739587,atm
Attijariwafabank,Fès,34.0200872,-4.9747797,atm
Bank of Africa ⵍⴱⴰⵏⴽ ⵏ ⴰⴼⵔⵉⵇⵢⴰ بنك أفريقيا,Fès,34.0056367,-4.9847313,atm
Banque Populaire البنك الشعبي,Fès,34.0042938,-4.9775433,atm
Banque Populaire البنك الشعبي,Fès,34.0228071,-4.9788444,atm
Bank of Africa ⵍⴱⴰⵏⴽ ⵏ ⴰⴼⵔⵉⵇⵢⴰ بنك أفريقيا,Fès,34.0040613,-4.9918397,atm
Attijariwafa bank,Fès,34.0150135,-4.9962107,atm
Banque Populaire البنك الشعبي,Fès,34.0206139,-5.0541833,atm
Attiraiwafabank,Fès,34.0181343,-5.0524635,atm
Bank of Africa ⵍⴱⴰⵏⴽ ⵏ ⴰⴼⵔⵉⵇⵢⴰ بنك أفريقيا,Fès,34.0183156,-5.0516842,atm
Banque Populaire البنك الشعبي,Fès,34.0236924,-5.0397791,atm
CIH Bank القرض العقاري والسياحي,Fès,34.0158342,-5.0512675,atm
Saham Bank سهام بنك,Fès,34.0161457,-5.0514564,atm
Banque Populaire البنك الشعبي,Fès,34.0311277,-5.0430543,atm
Banque Populaire البنك الشعبي,Fès,34.0010107,-5.0118732,atm
Banque Populaire البنك الشعبي,Fès,34.0131626,-5.0084186,atm
SGMB,Fès,34.01293,-5.008427,atm
Attijariwafa bank Agence Route d ' Ain Chkef,Fès,34.0055246,-5.0104378,atm
Bank of Africa ⵍⴱⴰⵏⴽ ⵏ ⴰⴼⵔⵉⵇⵢⴰ بنك أفريقيا,Fès,34.0237752,-5.0371679,atm
Attiraiwafabank,Fès,34.0258224,-5.0336509,atm
Banque Populaire البنك الشعبي,Fès,34.0239692,-5.0363045,atm
Crédit Agricole du Maroc القرض الفلاحي للمغرب,Fès,34.0251157,-5.0281131,atm
Banque Populaire البنك الشعبي,Fès,34.0154445,-5.0519016,atm
Crédit Agricole du Maroc القرض الفلاحي للمغرب,Fès,34.0147605,-5.0513899,atm
Banque Populaire البنك الشعبي,Fès,34.0102803,-5.0247205,atm
Al Barid Bank,Fès,34.0105714,-5.0243295,atm
Banque Populaire البنك الشعبي,Fès,34.000542,-5.0436149,atm
Attiraiwafabank,Fès,34.0096234,-5.0260749,atm
Bank of Africa ⵍⴱⴰⵏⴽ ⵏ ⴰⴼⵔⵉⵇⵢⴰ بنك أفريقيا,Fès,34.0151447,-5.0132393,atm
Barid Bank,Fès,34.0216798,-5.0358435,atm
Attijariwafabank,Fès,34.019223,-5.0342209,atm
ATM,Fès,34.0613803,-4.9733003,atm
ATM,Fès,34.0610103,-4.9731763,atm
CIN BANK,Fès,34.0141229,-5.0430377,atm
Attijariwafa Bank التجاري وفا بنك,Fès,34.0617306,-4.983332,atm
Banque Populaire البنك الشعبي,Fès,34.0123467,-5.0431714,atm
Banque Populaire البنك الشعبي,Fès,34.012264,-5.0434497,atm
Banque Populaire البنك الشعبي,Fès,34.0559526,-5.0370104,atm
Banque Populaire البنك الشعبي,Fès,34.0571165,-5.0324095,atm
Bank of Africa ⵍⴱⴰⵏⴽ ⵏ ⴰⴼⵔⵉⵇⵢⴰ بنك أفريقيا,Fès,34.0573978,-5.0310826,atm
Attijariwafabank,Fès,34.0576559,-5.0307079,atm
Crédit du Maroc,Fès,34.0577187,-5.0305398,atm
Saham Bank سهام بنك,Fès,34.057752,-5.0304413,atm
Bank of Africa ⵍⴱⴰⵏⴽ ⵏ ⴰⴼⵔⵉⵇⵢⴰ بنك أفريقيا,Fès,34.0655043,-4.9996564,atm
Banque Populaire البنك الشعبي,Fès,34.0237405,-5.0365555,atm
Attijariwafa bank,Fès,34.0258201,-5.0337379,atm
Bank of Africa ⵍⴱⴰⵏⴽ ⵏ ⴰⴼⵔⵉⵇⵢⴰ بنك أفريقيا,Fès,34.0236171,-5.0371724,atm
Banque Populaire البنك الشعبي,Fès,34.0108915,-4.9903545,atm
BMCI البنك المغربي للتجارة والصناعة,Fès,34.01955,-5.0225987,atm
CIH Bank القرض العقاري والسياحي,Fès,34.014012,-5.0429794,atm
Bank of Africa ⵍⴱⴰⵏⴽ ⵏ ⴰⴼⵔⵉⵇⵢⴰ بنك أفريقيا,Fès,34.033339,-5.0054231,atm
Attijariwafa Bank التجاري وفا بنك,Fès,34.0326655,-4.9974717,atm
Attijariwafa Bank التجاري وفا بنك,Fès,34.0136429,-4.9706778,atm
Saham Bank سهام بنك,Fès,34.024433,-4.9976407,atm
Saham Bank سهام بنك,Fès,34.0249587,-5.0047942,atm
Attijariwafa Bank التجاري وفا بنك,Fès,34.020048,-5.0030923,atm
Bank of Africa ⵍⴱⴰⵏⴽ ⵏ ⴰⴼⵔⵉⵇⵢⴰ بنك أفريقيا,Fès,34.0136662,-5.0027892,atm
ATM,Fès,34.0687727,-4.9653828,atm
ATM,Fès,34.0539081,-4.9890239,atm
ATM,Fès,34.0692261,-4.9655616,atm
ES01601 CHAABICASH ESPACE NOUR ALAMAL,Fès,34.0124139,-4.9706245,atm
ES01601 CHAABICASH ESPACE NOUR ALAMAL,Fès,34.0130915,-4.9706411,atm
ATM,Fès,34.0319649,-5.0067082,atm
ATM,Fès,34.0159776,-4.9542473,atm
ATM,Fès,34.0609028,-4.9821926,atm
ATM,Fès,34.0630715,-4.9786533,atm
Attijariwafa Bank التجاري وفا بنك,Fès,34.0612189,-4.9667161,atm
Banque Populaire البنك الشعبي,Fès,34.0619426,-4.9663962,atm
ATM,Fès,34.0655373,-4.9736848,atm
ATM,Fès,34.0141451,-4.9702308,atm
ATM,Fès,34.0546649,-4.9900976,atm
ATM,Fès,34.0642038,-4.9740175,atm
albarid bank,Fès,34.0154804,-5.0412163,atm
Al Barid Bank,Fès,34.0126339,-4.9810838,atm
Attijariwafabank,Fès,34.0322836,-4.9941771,atm
ATM,Tanger,35.7712809,-5.8308414,atm
Attijariwafa bank,Tanger,35.7704777,-5.807705,atm
Banque,Tanger,35.781655,-5.8205039,atm
Crédit du Maroc مصرف المغرب,Tanger,35.7857765,-5.8129046,atm
Banque Populaire البنك الشعبي,Tanger,35.7867084,-5.8137176,atm
Credit Agricole du Maroc,Tanger,35.7806011,-5.8137382,atm
BMCI البنك المغربي للتجارة والصناعة,Tanger,35.7800782,-5.8099267,atm
ATM,Tanger,35.7799271,-5.8094686,atm
ATM,Tanger,35.779415,-5.808744,atm
ATM,Tanger,35.7789407,-5.8083519,atm
Attijariwafa Bank التجاري وفا بنك,Tanger,35.7786038,-5.8075734,atm
Banque Populaire البنك الشعبي,Tanger,35.760254,-5.8327111,atm
Bank of Africa ⵍⴱⴰⵏⴽ ⵏ ⴰⴼⵔⵉⵇⵢⴰ بنك أفريقيا,Tanger,35.7591752,-5.8285682,atm
Banque Populaire البنك الشعبي,Tanger,35.7785409,-5.8078786,atm
ATM,Tanger,35.7789206,-5.8084742,atm
ATM,Tanger,35.7794126,-5.8087907,atm
BMCI البنك المغربي للتجارة والصناعة,Tanger,35.7592192,-5.8284896,atm
Attijariwafa bank,Tanger,35.7309201,-5.8822626,atm
Attijariwafa Bank التجاري وفا بنك,Tanger,35.7772986,-5.8138939,atm
Bank of Africa ⵍⴱⴰⵏⴽ ⵏ ⴰⴼⵔⵉⵇⵢⴰ بنك أفريقيا,Tanger,35.7768347,-5.8141043,atm
Banque Populaire البنك الشعبي,Tanger,35.7781692,-5.8140772,atm
"Cafrad Offices;Bureau de Change, Currency Exchange Point",Tanger,35.7760385,-5.8029624,atm
Crédit agricole du Maroc القرض الفلاحي,Tanger,35.78034,-5.8145311,atm
ATM,Tanger,35.7828549,-5.8103031,atm
ATM,Tanger,35.7811843,-5.8152496,atm
"Bureau de Change, Currency Exchange Point",Tanger,35.7756992,-5.8108468,atm
Banque Chaabi-Casabarata,Tanger,35.7628665,-5.8250659,atm
ATM,Tanger,35.7685613,-5.9316307,atm
ATM,Tanger,35.7609083,-5.8027533,atm
BMCI البنك المغربي للتجارة والصناعة,Tanger,35.7764711,-5.8286786,atm
Attijari Wafa,Tanger,35.7642919,-5.8176391,atm
Attijari Wafa,Tanger,35.7611044,-5.8211709,atm
Bmce,Tanger,35.7619636,-5.8221347,atm
Crédit Agricole,Tanger,35.7613494,-5.7951317,atm
التجاري وفا بنك,Tanger,35.7458119,-5.7979987,atm
Bank of Africa ⵍⴱⴰⵏⴽ ⵏ ⴰⴼⵔⵉⵇⵢⴰ بنك أفريقيا,Tanger,35.7601652,-5.8021595,atm
Attijari WafaBank,Tanger,35.7509074,-5.8091077,atm
BMCI البنك المغربي للتجارة والصناعة,Tanger,35.7777661,-5.8069111,atm
ATM,Tanger,35.7780353,-5.807241,atm
Crédit du Maroc,Tanger,35.7794503,-5.8086191,atm
BMCI البنك المغربي للتجارة والصناعة,Tanger,35.7787585,-5.8018872,atm
Attijariwafa bank,Tanger,35.7715547,-5.8149503,atm
Currency Exchange Point,Tanger,35.7739552,-5.799669,atm
Attijari Wafa,Tanger,35.761682,-5.8359274,atm
Currency EX point,Tanger,35.7600884,-5.831551,atm
Crédit Du Maroc,Tanger,35.7603355,-5.8323932,atm
Attijariwafa Bank التجاري وفا بنك,Tanger,35.7718378,-5.8137752,atm
"Bureau de Change, Currency Exchange Point",Tanger,35.7795542,-5.8132069,atm
Bank of Africa ⵍⴱⴰⵏⴽ ⵏ ⴰⴼⵔⵉⵇⵢⴰ بنك أفريقيا,Tanger,35.780529,-5.8107872,atm
"Bureau de Change, Currency Exchange Point",Tanger,35.7777832,-5.8064176,atm
MultiChange Currency Exhcange,Tanger,35.7801594,-5.8101722,atm
Banque Populaire البنك الشعبي,Tanger,35.7776087,-5.8065391,atm
"Beureau de Change, Currency Exchange",Tanger,35.7762238,-5.8140563,atm
Crédit Du Maroc,Tanger,35.7762139,-5.8085003,atm
Attijariwafa Bank التجاري وفا بنك,Tanger,35.775181,-5.8116107,atm
BMCI البنك المغربي للتجارة والصناعة,Tanger,35.7755173,-5.810624,atm
Banque Populaire البنك الشعبي,Tanger,35.7753522,-5.808782,atm
Banque Populaire البنك الشعبي,Tanger,35.7739842,-5.8097767,atm
BMCI البنك المغربي للتجارة والصناعة,Tanger,35.7678094,-5.8150707,atm
Banque Populaire البنك الشعبي,Tanger,35.7796581,-5.8199785,atm
Banque Populaire البنك الشعبي,Tanger,35.7806562,-5.8150211,atm
CIH Bank القرض العقاري والسياحي,Tanger,35.7804974,-5.8143523,atm
Credit Aracdue Du Mardc,Tanger,35.7701526,-5.8291503,atm
Credit Agricole du Maroc,Tanger,35.7746215,-5.813999,atm
BMCI البنك المغربي للتجارة والصناعة,Tanger,35.781626,-5.8202792,atm
CFG Bank,Tanger,35.781602,-5.8203686,atm
Saham Bank سهام بنك,Tanger,35.7576703,-5.8213732,atm
Attijariwafa bank,Tanger,35.7572509,-5.8214152,atm
Bank of Africa ⵍⴱⴰⵏⴽ ⵏ ⴰⴼⵔⵉⵇⵢⴰ بنك أفريقيا,Tanger,35.7573072,-5.8212055,atm
Banque Populaire البنك الشعبي,Tanger,35.757281,-5.7916401,atm
Attijariwafa bank,Tanger,35.7714056,-5.8215255,atm
Bank of Africa ⵍⴱⴰⵏⴽ ⵏ ⴰⴼⵔⵉⵇⵢⴰ بنك أفريقيا,Tanger,35.7710467,-5.8216135,atm
BMCI البنك المغربي للتجارة والصناعة,Tanger,35.7754262,-5.8202357,atm
Bank of Africa ⵍⴱⴰⵏⴽ ⵏ ⴰⴼⵔⵉⵇⵢⴰ بنك أفريقيا,Tanger,35.7729165,-5.8297161,atm
Banque Populaire البنك الشعبي,Tanger,35.7435385,-5.8301195,atm
AttarijiWafa Bank,Tanger,35.7396286,-5.8315039,atm
Attijariwafa Bank التجاري وفا بنك,Tanger,35.7808112,-5.8242602,atm
Banque Populaire البنك الشعبي,Tanger,35.7736489,-5.8165547,atm
Attijariwafa Bank التجاري وفا بنك,Tanger,35.7845903,-5.8195738,atm
CIH Bank القرض العقاري والسياحي,Tanger,35.7638961,-5.8374382,atm
AttijariWafa Bank,Tanger,35.7447568,-5.8327579,atm
Saham Bank سهام بنك,Tanger,35.7551244,-5.8322979,atm
Bank of Africa ⵍⴱⴰⵏⴽ ⵏ ⴰⴼⵔⵉⵇⵢⴰ بنك أفريقيا,Tanger,35.7450588,-5.833611,atm
BMCI البنك المغربي للتجارة والصناعة,Tanger,35.7742903,-5.817046,atm
Attijariwafa Bank التجاري وفا بنك,Tanger,35.7373001,-5.8557142,atm
Bank of Africa ⵍⴱⴰⵏⴽ ⵏ ⴰⴼⵔⵉⵇⵢⴰ بنك أفريقيا,Tanger,35.7495221,-5.8474594,atm
Attijariwafa Bank التجاري وفا بنك,Tanger,35.7518436,-5.847769,atm
Banque Populaire البنك الشعبي,Tanger,35.7519869,-5.8479971,atm
Banque Populaire البنك الشعبي,Tanger,35.7600993,-5.8420382,atm
Attijariwafa Bank التجاري وفا بنك,Tanger,35.7471207,-5.8594747,atm
Banque Populaire البنك الشعبي,Tanger,35.7364992,-5.878324,atm
Bank of Africa ⵍⴱⴰⵏⴽ ⵏ ⴰⴼⵔⵉⵇⵢⴰ بنك أفريقيا,Tanger,35.7624946,-5.83911,atm
Attijariwafa Bank التجاري وفا بنك,Tanger,35.7597007,-5.8425657,atm
Banque Populaire البنك الشعبي,Tanger,35.7709182,-5.8081748,atm
Banque Populaire البنك الشعبي,Tanger,35.7695991,-5.8129034,atm
Attijariwafa Bank التجاري وفا بنك,Tanger,35.7618311,-5.8029361,atm
BMCI البنك المغربي للتجارة والصناعة,Tanger,35.7615407,-5.8027426,atm
Banque Populaire البنك الشعبي,Tanger,35.762251,-5.8030943,atm
Aarab Currency Exchange Point,Tanger,35.7645313,-5.8044697,atm
Banque Populaire البنك الشعبي,Tanger,35.7638523,-5.7973507,atm
CIH Bank القرض العقاري والسياحي,Tanger,35.7685047,-5.8059566,atm
Attijariwafa Bank التجاري وفا بنك,Tanger,35.7598525,-5.8019323,atm
Bank of Africa ⵍⴱⴰⵏⴽ ⵏ ⴰⴼⵔⵉⵇⵢⴰ بنك أفريقيا,Tanger,35.765051,-5.7977121,atm
CIH Bank القرض العقاري والسياحي,Tanger,35.7750095,-5.8021633,atm
Bank of Africa ⵍⴱⴰⵏⴽ ⵏ ⴰⴼⵔⵉⵇⵢⴰ بنك أفريقيا,Tanger,35.7741844,-5.8021269,atm
Crédit du Maroc مصرف المغرب,Tanger,35.773893,-5.8020552,atm
Attijariwafa Bank التجاري وفا بنك,Tanger,35.768014,-5.8014111,atm
Bank of Africa ⵍⴱⴰⵏⴽ ⵏ ⴰⴼⵔⵉⵇⵢⴰ بنك أفريقيا,Tanger,35.7685609,-5.8020232,atm
Banque Populaire البنك الشعبي,Tanger,35.7726111,-5.792792,atm
CIH Bank القرض العقاري والسياحي,Tanger,35.7577231,-5.7918033,atm
Bank of Africa ⵍⴱⴰⵏⴽ ⵏ ⴰⴼⵔⵉⵇⵢⴰ بنك أفريقيا,Tanger,35.7574833,-5.7917374,atm
Attajariwafa Bank,Tanger,35.7561397,-5.7930382,atm
Saham Bank سهام بنك,Tanger,35.7841102,-5.812585,atm
ATM,Tanger,35.7846769,-5.813137,atm
ATM,Tanger,35.7841324,-5.8125587,atm
Attijariwafa Bank,Tanger,35.7346707,-5.8050756,atm
Attijariwafa Bank التجاري وفا بنك,Tanger,35.7148683,-5.9075172,atm
Banque Populaire البنك الشعبي,Tanger,35.7149258,-5.9077699,atm
Bank of Africa ⵍⴱⴰⵏⴽ ⵏ ⴰⴼⵔⵉⵇⵢⴰ بنك أفريقيا,Tanger,35.7149023,-5.9072535,atm
Saham Bank سهام بنك,Tanger,35.7149356,-5.9070092,atm
BMCI Banque Offshore,Tanger,35.7149062,-5.9065771,atm
ATM,Tanger,35.7855274,-5.8282466,atm
CIH Bank,Tanger,35.7476247,-5.8407183,atm
CIH Bank القرض العقاري والسياحي,Tanger,35.7701205,-5.8243587,atm
Attijariwafa bank,Tanger,35.7699984,-5.8259771,atm
Banque Populaire البنك الشعبي,Tanger,35.7703523,-5.823531,atm
Currency Exchange Point Bureau de Change,Tanger,35.7703583,-5.8238174,atm
Crédit Du Maroc,Tanger,35.7566157,-5.8207999,atm
Banque Populaire البنك الشعبي,Tanger,35.7584719,-5.8216663,atm
Banque Populaire البنك الشعبي,Tanger,35.7397704,-5.831497,atm
Attijariwafa,Agadir,30.4216591,-9.5934988,atm
Crédit du Maroc,Agadir,30.4244518,-9.5902977,atm
Bank of Africa ⵍⴱⴰⵏⴽ ⵏ ⴰⴼⵔⵉⵇⵢⴰ بنك أفريقيا,Agadir,30.3809899,-9.5044225,atm
CIH Bank القرض العقاري والسياحي,Agadir,30.4150389,-9.5989946,atm
Saham Bank سهام بنك,Agadir,30.3864806,-9.5726738,atm
Banque Populaire البنك الشعبي,Agadir,30.3704157,-9.5400017,atm
Attijariwafa Bank التجاري وفا بنك,Agadir,30.370512,-9.5397754,atm
Saham Bank سهام بنك,Agadir,30.3708639,-9.5405424,atm
CIH Bank القرض العقاري والسياحي,Agadir,30.3717916,-9.5451593,atm
BMCI البنك المغربي للتجارة والصناعة,Agadir,30.3705753,-9.5362329,atm
ATM,Agadir,30.369335,-9.5395117,atm
Attijariwafa Bank التجاري وفا بنك,Agadir,30.3712553,-9.5502466,atm
Bank of Africa ⵍⴱⴰⵏⴽ ⵏ ⴰⴼⵔⵉⵇⵢⴰ بنك أفريقيا,Agadir,30.3719207,-9.54807,atm
Banque Populaire البنك الشعبي,Agadir,30.3714127,-9.5501527,atm
Crédit Agricole,Agadir,30.3720838,-9.551011,atm
Aga 999,Agadir,30.403926,-9.5401104,atm
Banque Populaire البنك الشعبي,Agadir,30.4144903,-9.5858831,atm
Canal M تحويل الأموال كنال إم,Agadir,30.3988027,-9.5564051,atm
BMCI البنك المغربي للتجارة والصناعة,Agadir,30.4305259,-9.586159,atm
Saham Bank سهام بنك,Agadir,30.4311186,-9.5857662,atm
Banque Populaire البنك الشعبي,Agadir,30.4309793,-9.5851612,atm
BMCI البنك المغربي للتجارة والصناعة,Agadir,30.4189041,-9.5979394,atm
CIH Bank القرض العقاري والسياحي,Agadir,30.4303389,-9.5641724,atm
Banque Populaire البنك الشعبي,Agadir,30.3589885,-9.5498919,atm
Attijariwafa Bank التجاري وفا بنك,Agadir,30.4347874,-9.5714441,atm
Bank of Africa ⵍⴱⴰⵏⴽ ⵏ ⴰⴼⵔⵉⵇⵢⴰ بنك أفريقيا,Agadir,30.4339965,-9.5711947,atm
Bank of Africa ⵍⴱⴰⵏⴽ ⵏ ⴰⴼⵔⵉⵇⵢⴰ بنك أفريقيا,Agadir,30.4179339,-9.5766369,atm
BMCI البنك المغربي للتجارة والصناعة,Agadir,30.4161297,-9.5890944,atm
BMCI البنك المغربي للتجارة والصناعة,Agadir,30.421249,-9.5980476,atm
Bank of Africa ⵍⴱⴰⵏⴽ ⵏ ⴰⴼⵔⵉⵇⵢⴰ بنك أفريقيا,Agadir,30.4132014,-9.572973,atm
البنك المغربي للتجارة الخارجية,Agadir,30.4107783,-9.589891,atm
CIH Bank القرض العقاري والسياحي,Agadir,30.4152427,-9.5940632,atm
BMCI البنك المغربي للتجارة والصناعة,Agadir,30.4097143,-9.5836669,atm
Banque Populaire,Agadir,30.399121,-9.5879939,atm
Attijariwafa Bank التجاري وفا بنك,Agadir,30.4127851,-9.5918566,atm
BMCI البنك المغربي للتجارة والصناعة,Agadir,30.4130326,-9.5921114,atm
Banque Populaire البنك الشعبي,Agadir,30.4177644,-9.5966031,atm
Banque Populaire البنك الشعبي,Agadir,30.4163473,-9.5951559,atm
Attijariwafa Bank التجاري وفا بنك,Agadir,30.4160992,-9.5950031,atm
البنك المغربي للتجارة الخارجية,Agadir,30.4126967,-9.5922249,atm
Crédit du Maroc,Agadir,30.423065,-9.5990031,atm
Banque Populaire البنك الشعبي,Agadir,30.4200648,-9.5965283,atm
Saham Bank سهام بنك,Agadir,30.4081684,-9.5558536,atm
CIH Bank القرض العقاري والسياحي,Agadir,30.4072649,-9.555259,atm
Bank of Africa ⵍⴱⴰⵏⴽ ⵏ ⴰⴼⵔⵉⵇⵢⴰ بنك أفريقيا,Agadir,30.4074087,-9.5554816,atm
WafaCash,Agadir,30.4105463,-9.5557361,atm
ATM,Agadir,30.4168132,-9.574056,atm
البنك المغربي للتجارة و الصناعة,Agadir,30.3590852,-9.5331548,atm
Banque Populaire البنك الشعبي,Agadir,30.4168071,-9.5792962,atm
ATM,Agadir,30.40254,-9.5982237,atm
ATM,Agadir,30.4123135,-9.5777405,atm
ATM,Agadir,30.4214225,-9.5829872,atm
ATM,Agadir,30.4214057,-9.5830368,atm
Caisse de dépôt et de gestion,Agadir,30.4006112,-9.5872671,atm
Attijariwafa Bank,Agadir,30.3991295,-9.5875621,atm
Crédit du Maroc,Agadir,30.3990227,-9.5879897,atm
Banque Populaire البنك الشعبي,Agadir,30.4142948,-9.5805313,atm
ATM,Agadir,30.4106156,-9.5972121,atm
Bank Al Yousr بنك اليسر,Agadir,30.4083248,-9.5873189,atm
ATM,Agadir,30.4132748,-9.5923325,atm
ATM,Agadir,30.4132297,-9.5922969,atm
ATM,Agadir,30.4111241,-9.5902323,atm
ATM,Agadir,30.4017398,-9.5899816,atm
Agence Bouabid,Agadir,30.4132387,-9.5728215,atm
ATM,Agadir,30.4134238,-9.5721778,atm
ATM,Agadir,30.4100045,-9.589655,atm
Bank of Africa ⵍⴱⴰⵏⴽ ⵏ ⴰⴼⵔⵉⵇⵢⴰ بنك أفريقيا,Agadir,30.3518862,-9.5412183,atm
Credit Agricole du Marde,Agadir,30.3556158,-9.5331743,atm
Bank of Africa ⵍⴱⴰⵏⴽ ⵏ ⴰⴼⵔⵉⵇⵢⴰ بنك أفريقيا,Agadir,30.3598123,-9.5337356,atm
Bank of Africa ⵍⴱⴰⵏⴽ ⵏ ⴰⴼⵔⵉⵇⵢⴰ بنك أفريقيا,Agadir,30.3706864,-9.5367831,atm
Bank of Africa ⵍⴱⴰⵏⴽ ⵏ ⴰⴼⵔⵉⵇⵢⴰ بنك أفريقيا,Agadir,30.3959508,-9.5455213,atm
Bank of Africa ⵍⴱⴰⵏⴽ ⵏ ⴰⴼⵔⵉⵇⵢⴰ بنك أفريقيا,Agadir,30.4293169,-9.5886232,atm
Bank of Africa ⵍⴱⴰⵏⴽ ⵏ ⴰⴼⵔⵉⵇⵢⴰ بنك أفريقيا,Agadir,30.4227199,-9.5940424,atm
Bank of Africa ⵍⴱⴰⵏⴽ ⵏ ⴰⴼⵔⵉⵇⵢⴰ بنك أفريقيا,Agadir,30.4238071,-9.5994802,atm
CIH Bank القرض العقاري والسياحي,Agadir,30.4243696,-9.5894649,atm
البنك المغربي للتجارة الخارجية,Agadir,30.4112956,-9.5903523,atm
Crédit du Maroc مصرف المغرب,Meknès,33.8942269,-5.5570017,atm
Bank of Africa ⵍⴱⴰⵏⴽ ⵏ ⴰⴼⵔⵉⵇⵢⴰ بنك أفريقيا,Meknès,33.8865768,-5.574667,atm
Banque Populaire البنك الشعبي,Meknès,33.8919366,-5.5758718,atm
BMCI البنك المغربي للتجارة والصناعة,Meknès,33.8906106,-5.5763864,atm
Bank of Africa ⵍⴱⴰⵏⴽ ⵏ ⴰⴼⵔⵉⵇⵢⴰ بنك أفريقيا,Meknès,33.8916875,-5.576095,atm
Banque Populaire البنك الشعبي,Meknès,33.8835063,-5.5715266,atm
Bank of Africa ⵍⴱⴰⵏⴽ ⵏ ⴰⴼⵔⵉⵇⵢⴰ بنك أفريقيا,Meknès,33.8939139,-5.5684682,atm
Bank of Africa ⵍⴱⴰⵏⴽ ⵏ ⴰⴼⵔⵉⵇⵢⴰ بنك أفريقيا,Meknès,33.9003071,-5.5484636,atm
Banque Populaire البنك الشعبي,Meknès,33.9000821,-5.5491943,atm
Bank of Africa ⵍⴱⴰⵏⴽ ⵏ ⴰⴼⵔⵉⵇⵢⴰ بنك أفريقيا,Meknès,33.86136,-5.5315488,atm
banque populaire,Meknès,33.8620572,-5.5323032,atm
banque populaire,Meknès,33.8584535,-5.5779007,atm
Bank al Maghreb,Meknès,33.8996944,-5.5478052,atm
Saham Bank سهام بنك,Meknès,33.886352,-5.5752742,atm
Crédit Agricole,Meknès,33.8905719,-5.5761445,atm
Attijari Wafa banque,Meknès,33.8912663,-5.5766313,atm
CIH,Meknès,33.891426,-5.5763719,atm
ATM,Meknès,33.897826,-5.5499226,atm
Attijariwafa,Meknès,33.8981673,-5.5466692,atm
Saham Bank سهام بنك,Meknès,33.9005006,-5.548824,atm
Banque Populaire البنك الشعبي,Meknès,33.8982561,-5.552813,atm
Saham Bank سهام بنك,Meknès,33.8975139,-5.5508394,atm
Banque Populaire البنك الشعبي,Meknès,33.893642,-5.5827628,atm
ATM,Meknès,33.89373,-5.5664059,atm
Attijariwafa Bank التجاري وفا بنك,Meknès,33.8868372,-5.5758353,atm
Attijariwafa Bank التجاري وفا بنك,Meknès,33.879333,-5.5630882,atm
BMCI Bank,Meknès,33.861052,-5.5777445,atm
Bank of Africa ⵍⴱⴰⵏⴽ ⵏ ⴰⴼⵔⵉⵇⵢⴰ بنك أفريقيا,Meknès,33.8610424,-5.5773046,atm
banque populaire,Meknès,33.8606594,-5.5774308,atm
05,Meknès,33.8721207,-5.564196,atm
Attijari wafa,Meknès,33.8847765,-5.5699159,atm
Crédit Agricole,Meknès,33.8595364,-5.5300243,atm
Tijari Wafa Banque,Meknès,33.866521,-5.5369754,atm
Banque Populaire البنك الشعبي,Meknès,33.8962207,-5.5546548,atm
AttijariWafa,Meknès,33.8937456,-5.5589707,atm
Banque Populaire البنك الشعبي,Meknès,33.875033,-5.5342928,atm
Banque Populaire البنك الشعبي,Meknès,33.893673,-5.5424911,atm
Attijariwafa Bank التجاري وفا بنك,Meknès,33.8986872,-5.5524718,atm
Saham Bank سهام بنك,Meknès,33.8946848,-5.5434451,atm
Arab Bank البنك العربي,Meknès,33.8960406,-5.5438511,atm
BMCI البنك المغربي للتجارة والصناعة,Meknès,33.895104,-5.5428185,atm
CIH Bank القرض العقاري والسياحي,Meknès,33.8968854,-5.5454991,atm
Crédit Agricole القرض الفلاحي,Meknès,33.898517,-5.5293848,atm
Banque Populaire البنك الشعبي,Meknès,33.858919,-5.5296732,atm
Bank of Africa ⵍⴱⴰⵏⴽ ⵏ ⴰⴼⵔⵉⵇⵢⴰ بنك أفريقيا,Meknès,33.859072,-5.529733,atm
Banque Populaire البنك الشعبي,Meknès,33.9130552,-5.4869168,atm
BMCI البنك المغربي للتجارة والصناعة,Meknès,33.8983506,-5.5303695,atm
Bank of Africa ⵍⴱⴰⵏⴽ ⵏ ⴰⴼⵔⵉⵇⵢⴰ بنك أفريقيا,Meknès,33.898691,-5.5139332,atm
Banque Populaire البنك الشعبي,Meknès,33.8994208,-5.518779,atm
Bank of Africa ⵍⴱⴰⵏⴽ ⵏ ⴰⴼⵔⵉⵇⵢⴰ بنك أفريقيا,Meknès,33.8988292,-5.5282307,atm
Attijariwafa Bank التجاري وفا بنك,Meknès,33.8980213,-5.5341242,atm
Crédit Agricole القرض الفلاحي,Meknès,33.8860315,-5.5748955,atm
Crédit du Maroc مصرف المغرب,Meknès,33.89802,-5.5315022,atm
Attijariwafa Bank التجاري وفا بنك,Meknès,33.892814,-5.5389656,atm
Crédit du Maroc مصرف المغرب,Meknès,33.913679,-5.49104,atm
Banque Populaire البنك الشعبي,Meknès,33.8691732,-5.5494656,atm
Saham Bank سهام بنك,Meknès,33.8662438,-5.5505818,atm
التجاري وفا بنك,Meknès,33.8620667,-5.5458576,atm
Attijariwafa Bank التجاري وفا بنك,Meknès,33.8738,-5.5625464,atm
Banque Populaire البنك الشعبي,Meknès,33.8742484,-5.5627902,atm
Banque Populaire البنك الشعبي,Meknès,33.89907,-5.5463422,atm
Attijariwafa Bank التجاري وفا بنك,Meknès,33.8978259,-5.545216,atm
Banque Populaire البنك الشعبي,Meknès,33.8973658,-5.546277,atm
Banque Populaire البنك الشعبي,Meknès,33.8619138,-5.5460693,atm
Attijariwafa Bank التجاري وفا بنك,Meknès,33.8997161,-5.5471571,atm
Saham Bank سهام بنك,Meknès,33.8985334,-5.5331727,atm
Attijariwafa Bank التجاري وفا بنك,Meknès,33.89383,-5.5590648,atm
CIH Bank القرض العقاري والسياحي,Meknès,33.8983903,-5.5525081,atm
Bank of Africa ⵍⴱⴰⵏⴽ ⵏ ⴰⴼⵔⵉⵇⵢⴰ بنك أفريقيا,Meknès,33.8946323,-5.5433938,atm
Saham Bank سهام بنك,Meknès,33.860208,-5.5485813,atm
مصرف المغرب,Meknès,33.860643,-5.5478069,atm
Banque Populaire البنك الشعبي,Meknès,33.9013757,-5.540826,atm
Banque Populaire البنك الشعبي,Meknès,33.8987338,-5.528577,atm
Banque Populaire البنك الشعبي,Meknès,33.9006267,-5.5326279,atm
Sale de réunion attijariwafa bank قاعة الاجتماعات التجاري وفابنك,Meknès,33.8997043,-5.5471284,atm
Banque Populaire البنك الشعبي,Meknès,33.9058938,-5.5245137,atm
Bank of Africa ⵍⴱⴰⵏⴽ ⵏ ⴰⴼⵔⵉⵇⵢⴰ بنك أفريقيا,Meknès,33.8963973,-5.543119,atm
Bank of Africa ⵍⴱⴰⵏⴽ ⵏ ⴰⴼⵔⵉⵇⵢⴰ بنك أفريقيا,Meknès,33.9069935,-5.5321352,atm
Banque Populaire البنك الشعبي,Meknès,33.862713,-5.5666566,atm
Al Barid Bank,Meknès,33.8651618,-5.5762482,atm
CIH Bank القرض العقاري والسياحي,Meknès,33.8650115,-5.5763192,atm
Banque Populaire البنك الشعبي,Meknès,33.893204,-5.5204891,atm
Attijariwafa Bank التجاري وفا بنك,Meknès,33.893324,-5.5202874,atm
Bank of Africa ⵍⴱⴰⵏⴽ ⵏ ⴰⴼⵔⵉⵇⵢⴰ بنك أفريقيا,Meknès,33.8915798,-5.5043194,atm
Attijariwafa Bank التجاري وفا بنك,Meknès,33.8913594,-5.5043314,atm
Crédit du Maroc مصرف المغرب,Meknès,33.901756,-5.5427312,atm
ATM,Meknès,33.8947947,-5.5624348,atm
Banque Populaire البنك الشعبي,Meknès,33.8934878,-5.5633381,atm
Bank of Africa,Meknès,33.8945106,-5.5606391,atm
Banque Populaire البنك الشعبي,Meknès,33.8942239,-5.5597726,atm
Banque populaire,Meknès,33.8934345,-5.5634174,atm
ATM,Meknès,33.8995113,-5.545515,atm
ES02712 CHAABICASH Anassi,Meknès,33.855765,-5.5673453,atm
ES02767 CHAABICASH CALI SERVICE,Meknès,33.8682515,-5.5550045,atm
ES02740 CHAABICASH CHAMKAL CASH,Meknès,33.8806888,-5.566496,atm
ES02760 CHAABICASH OUARDI CASH,Meknès,33.9032013,-5.4846667,atm
ES02755 CHAABICASH ATLAS CASH,Meknès,33.8897126,-5.5979491,atm
ES02741 CHAABICASH ALOLAYA,Meknès,33.8503243,-5.5551755,atm
ES02759 CHAABICASH PROBATIDESIGN,Meknès,33.8764951,-5.5811493,atm
ES02703 CHAABICASH CCCTEAM,Meknès,33.8937972,-5.5630364,atm
ES02747 CHAABICASH MENZEHCAR,Meknès,33.8964009,-5.5464199,atm
ES02762 CHAABICASH ANOUAR LITAMIR,Meknès,33.8891538,-5.5041181,atm
ES027,Meknès,33.8844917,-5.5026089,atm
ES02739 CHAABICASH SAJID TRANSFERT,Meknès,33.8590142,-5.5463703,atm
ES02770,Meknès,33.8615922,-5.5470526,atm
ES02748 CHAABICASH ALFAMEK,Meknès,33.8647056,-5.550475,atm
ES02727 CHAABICASH,Meknès,33.8641421,-5.585258,atm
ES027,Meknès,33.8803579,-5.5723775,atm
ES02726 CHAABICASH NAIT AHMED,Meknès,33.9002602,-5.5796101,atm
ES02756 CHAABICASH RIYAD MONY,Meknès,33.8874616,-5.56986,atm
ES02735 CHAABICASH BENATRAV,Meknès,33.8818856,-5.5449181,atm
Al Akhdar Bank الأخضر بنك,Meknès,33.8963543,-5.5462212,atm
Bank Assafa بنك الصفاء,Meknès,33.8968621,-5.5481397,atm
Banque Populaire البنك الشعبي,Meknès,33.9016416,-5.5552311,atm
Banque Populaire البنك الشعبي,Meknès,33.8973293,-5.5467488,atm
Crédit Agricole du Maroc القرض الفلاحي للمغرب,Meknès,33.8981032,-5.5486891,atm
Crédit Agricole du Maroc القرض الفلاحي للمغرب,Meknès,33.8981021,-5.5480453,atm
Bank of Africa ⵍⴱⴰⵏⴽ ⵏ ⴰⴼⵔⵉⵇⵢⴰ بنك أفريقيا,Meknès,33.8981722,-5.5480841,atm
Wafa Bank,Meknès,33.90177,-5.547381,atm
bmce bank of africa,Meknès,33.9019251,-5.5440241,atm
Mamda,Meknès,33.9019875,-5.5475559,atm
Banque Populaire البنك الشعبي,Meknès,33.9011845,-5.5410674,atm
Crédit du Maroc,Meknès,33.8983227,-5.5309479,atm
Banque Populaire البنك الشعبي,Meknès,33.8936371,-5.5364375,atm
Bank of Africa ⵍⴱⴰⵏⴽ ⵏ ⴰⴼⵔⵉⵇⵢⴰ بنك أفريقيا,Meknès,33.8593055,-5.5537031,atm
Bmce,Meknès,33.9147186,-5.4914641,atm
Banque Populaire البنك الشعبي,Meknès,33.9044533,-5.4818239,atm
التجاري وفا بنك,Meknès,33.9058838,-5.4785461,atm
Bmce,Meknès,33.9045677,-5.481566,atm
Cih Bank,Meknès,33.9047203,-5.480536,atm
Credit Agricole,Meknès,33.9112701,-5.4897838,atm
التجاري وفا بنك,Meknès,33.9128838,-5.4870958,atm
Banque Populaire البنك الشعبي,Meknès,33.9132423,-5.4865022,atm
Banque Crédit du Maroc,Meknès,33.8933345,-5.5701826,atm
Banque Populaire البنك الشعبي,Meknès,33.8786127,-5.5619899,atm
ATM,Meknès,33.8997782,-5.5471495,atm
BMCI البنك المغربي للتجارة والصناعة,Oujda,34.6828239,-1.9162617,atm
Bank of Africa ⵍⴱⴰⵏⴽ ⵏ ⴰⴼⵔⵉⵇⵢⴰ بنك أفريقيا,Oujda,34.6827048,-1.9163663,atm
Banque Populaire البنك الشعبي,Oujda,34.6826761,-1.9183551,atm
Saham Bank سهام بنك,Oujda,34.6804883,-1.9179068,atm
Attijariwafa Bank التجاري وفا بنك,Oujda,34.683712,-1.9157386,atm
Crédit Du Maroc,Oujda,34.6833305,-1.9159693,atm
Banque Populaire البنك الشعبي,Oujda,34.6832026,-1.8827555,atm
BMCI البنك المغربي للتجارة والصناعة,Oujda,34.6830724,-1.8831149,atm
BMCI البنك المغربي للتجارة والصناعة,Oujda,34.6808668,-1.9366357,atm
BMCI البنك المغربي للتجارة والصناعة,Oujda,34.6793625,-1.9102911,atm
Bank of Africa ⵍⴱⴰⵏⴽ ⵏ ⴰⴼⵔⵉⵇⵢⴰ بنك أفريقيا,Oujda,34.6794353,-1.9007638,atm
Banque Populaire البنك الشعبي,Oujda,34.6566509,-1.898117,atm
Crédit du Maroc,Oujda,34.6581521,-1.8986582,atm
Bank of Africa ⵍⴱⴰⵏⴽ ⵏ ⴰⴼⵔⵉⵇⵢⴰ بنك أفريقيا,Oujda,34.6594714,-1.8984973,atm
Banque Populaire البنك الشعبي,Oujda,34.6643475,-1.906496,atm
Attijariwafa Bank التجاري وفا بنك,Oujda,34.6644798,-1.9068206,atm
Bank of Africa ⵍⴱⴰⵏⴽ ⵏ ⴰⴼⵔⵉⵇⵢⴰ بنك أفريقيا,Oujda,34.6924612,-1.9186712,atm
Attijariwafa Bank التجاري وفا بنك,Oujda,34.6991617,-1.9108854,atm
Attijariwafa Bank التجاري وفا بنك,Oujda,34.6827681,-1.8839025,atm
Bank of Africa ⵍⴱⴰⵏⴽ ⵏ ⴰⴼⵔⵉⵇⵢⴰ بنك أفريقيا,Oujda,34.6833195,-1.8824809,atm
Bank of Africa ⵍⴱⴰⵏⴽ ⵏ ⴰⴼⵔⵉⵇⵢⴰ بنك أفريقيا,Oujda,34.6794602,-1.9123587,atm
Bank of Africa ⵍⴱⴰⵏⴽ ⵏ ⴰⴼⵔⵉⵇⵢⴰ بنك أفريقيا,Oujda,34.6767622,-1.8905828,atm
Banque Populaire البنك الشعبي,Oujda,34.6875347,-1.8837451,atm
Banque Populaire البنك الشعبي,Oujda,34.6720421,-1.8886901,atm
Attijariwafa Bank التجاري وفا بنك,Oujda,34.6730688,-1.8928598,atm
Saham Bank سهام بنك,Oujda,34.6726254,-1.8930664,atm
Attijariwafa Bank التجاري وفا بنك,Oujda,34.655648,-1.8971541,atm
Crédit Agricole du Maroc,Oujda,34.6825263,-1.8847219,atm
Attawfiq Micro-Finance,Oujda,34.6757047,-1.9114799,atm
Crédit Du Maroc مصرف المغرب,Oujda,34.6943437,-1.9186774,atm
Banque Populaire البنك الشعبي,Oujda,34.6821619,-1.9430835,atm
Crédit Du Maroc,Oujda,34.6814094,-1.9375761,atm
Banque Populaire البنك الشعبي,Oujda,34.6609472,-1.8885851,atm
Banque Populaire البنك الشعبي,Oujda,34.6608294,-1.9202902,atm
Attijariwafa Bank التجاري وفا بنك,Oujda,34.6607386,-1.920183,atm
Western Union,Oujda,34.6853262,-1.8905667,atm
Banque Populaire البنك الشعبي,Oujda,34.6755655,-1.8613557,atm
Banque Populaire البنك الشعبي,Oujda,34.6812387,-1.9114379,atm
Banque Populaire البنك الشعبي,Oujda,34.6952451,-1.9188145,atm
Banque Populaire البنك الشعبي,Oujda,34.6775943,-1.9177338,atm
Crédit Agricole du Maroc,Oujda,34.6784678,-1.9188174,atm
Banque Populaire البنك الشعبي,Oujda,34.6576984,-1.9155243,atm
Banque Populaire البنك الشعبي,Oujda,34.688632,-1.9070633,atm
Banque Populaire البنك الشعبي,Oujda,34.6751504,-1.9094855,atm
Attijariwafa Bank التجاري وفا بنك,Oujda,34.6806149,-1.9354008,atm
Bank a chaabi,Oujda,34.7034294,-1.9212868,atm
Attijariwafa Bank التجاري وفا بنك,Oujda,34.6750288,-1.9255444,atm
Credit du Maroc,Oujda,34.6803811,-1.9345272,atm
Bank of Africa ⵍⴱⴰⵏⴽ ⵏ ⴰⴼⵔⵉⵇⵢⴰ بنك أفريقيا,Oujda,34.6805211,-1.9351602,atm
BMCI البنك المغربي للتجارة والصناعة,Oujda,34.6811608,-1.9364677,atm
CIH Bank القرض العقاري والسياحي,Oujda,34.6813516,-1.9373676,atm
Banque Populaire البنك الشعبي,Oujda,34.6715435,-1.9390802,atm
Attijariwafa Bank التجاري وفا بنك,Oujda,34.6717851,-1.9396529,atm
CIH Bank القرض العقاري والسياحي,Oujda,34.6800249,-1.9182542,atm
BMCI البنك المغربي للتجارة والصناعة,Oujda,34.6798639,-1.9183159,atm
Bank of Africa ⵍⴱⴰⵏⴽ ⵏ ⴰⴼⵔⵉⵇⵢⴰ بنك أفريقيا,Oujda,34.6884612,-1.9073872,atm
Bank of Africa ⵍⴱⴰⵏⴽ ⵏ ⴰⴼⵔⵉⵇⵢⴰ بنك أفريقيا,Oujda,34.6823684,-1.8851933,atm
Bank of Africa ⵍⴱⴰⵏⴽ ⵏ ⴰⴼⵔⵉⵇⵢⴰ بنك أفريقيا,Oujda,34.6793863,-1.900498,atm
CIH Bank القرض العقاري والسياحي,Oujda,34.6794988,-1.9010666,atm
Credit du Maroc,Oujda,34.6819581,-1.8863869,atm
BMCI Bank,Oujda,34.6821544,-1.8857807,atm
Saham Bank سهام بنك,Oujda,34.682278,-1.8854615,atm
Credit Agricole du Maroc,Oujda,34.669128,-1.9330318,atm
Credit du Maroc,Oujda,34.6691302,-1.9327006,atm
Banque Populaire البنك الشعبي,Oujda,34.6690332,-1.9326134,atm
Attijariwafa Bank التجاري وفا بنك,Oujda,34.6687806,-1.9323559,atm
Attijariwafa Bank التجاري وفا بنك,Oujda,34.6643867,-1.9352862,atm
Banque Populaire البنك الشعبي,Oujda,34.6605662,-1.9366977,atm
Attijariwafa Bank التجاري وفا بنك,Oujda,34.6862215,-1.9321775,atm
Banque Populaire البنك الشعبي,Oujda,34.6852765,-1.9323304,atm
Attijariwafa Bank التجاري وفا بنك,Oujda,34.6808112,-1.9179229,atm
Attijariwafa Bank التجاري وفا بنك,Oujda,34.6682688,-1.9175139,atm
Bank Assafa بنك الصفاء,Oujda,34.6832297,-1.9165497,atm
Bank of Africa ⵍⴱⴰⵏⴽ ⵏ ⴰⴼⵔⵉⵇⵢⴰ بنك أفريقيا,Oujda,34.6874781,-1.9155116,atm
Banque Populaire البنك الشعبي,Oujda,34.6575436,-1.9258663,atm
Saham Bank سهام بنك,Oujda,34.6922286,-1.9180617,atm
Crédit Agricole du Maroc,Oujda,34.6577411,-1.9140109,atm
Attijariwafa Bank التجاري وفا بنك,Oujda,34.6579694,-1.915914,atm
Credit Du Maroc,Oujda,34.6578304,-1.9164638,atm
Bank of Africa ⵍⴱⴰⵏⴽ ⵏ ⴰⴼⵔⵉⵇⵢⴰ بنك أفريقيا,Oujda,34.6651494,-1.9109693,atm
Attijariwafa Bank التجاري وفا بنك,Oujda,34.6648406,-1.9080725,atm
Banque Populaire البنك الشعبي,Oujda,34.6722009,-1.9126806,atm
Banque Populaire البنك الشعبي,Oujda,34.6773614,-1.908444,atm
Banque Populaire البنك الشعبي,Oujda,34.6752196,-1.9053005,atm
Banque Populaire البنك الشعبي,Oujda,34.6706093,-1.8980759,atm
Attijariwafa Bank التجاري وفا بنك,Oujda,34.6724755,-1.9002646,atm
Saham Bank سهام بنك,Oujda,34.6788735,-1.9100869,atm
Banque Populaire البنك الشعبي,Oujda,34.677217,-1.9107507,atm
Banque Populaire البنك الشعبي,Oujda,34.6774232,-1.9171277,atm
Saham Bank سهام بنك,Oujda,34.678579,-1.911259,atm
Crédit du Maroc,Oujda,34.6790345,-1.9102465,atm
CIH BANK,Oujda,34.6645572,-1.9081574,atm
CIH Bank,Oujda,34.6614422,-1.898649,atm
Bank Al-Maghrib,Oujda,34.6818513,-1.9166049,atm
Bank of Africa ⵍⴱⴰⵏⴽ ⵏ ⴰⴼⵔⵉⵇⵢⴰ بنك أفريقيا,Oujda,34.6694924,-1.9334262,atm
Banque Populaire البنك الشعبي,Oujda,34.6645902,-1.9077411,atm
Banque Populaire البنك الشعبي,Oujda,34.6779092,-1.9245452,atm
Banque Populaire البنك الشعبي,Oujda,34.6899253,-1.9170562,atm
Banque Populaire البنك الشعبي,Oujda,34.6635487,-1.9451026,atm
El Jadida Bank,El Jadida,33.2514212,-8.5020795,atm
Saham Bank سهام بنك,El Jadida,33.2251005,-8.4998453,atm
Attijarawafa Bank,El Jadida,33.225694,-8.4984317,atm
Banque Populaire البنك الشعبي,El Jadida,33.2520335,-8.5144553,atm
Bank of Africa ⵍⴱⴰⵏⴽ ⵏ ⴰⴼⵔⵉⵇⵢⴰ بنك أفريقيا,El Jadida,33.2528477,-8.5145491,atm
BMCI البنك المغربي للتجارة والصناعة,El Jadida,33.2481284,-8.5011033,atm
Attijariwafa Bank التجاري وفا بنك,El Jadida,33.2481732,-8.5007291,atm
Bank of Africa ⵍⴱⴰⵏⴽ ⵏ ⴰⴼⵔⵉⵇⵢⴰ بنك أفريقيا,El Jadida,33.2506933,-8.503194,atm
Attijariwafa Bank التجاري وفا بنك,El Jadida,33.2504021,-8.5053706,atm
Banque Populaire البنك الشعبي,El Jadida,33.2520425,-8.5035118,atm
Bank of Africa ⵍⴱⴰⵏⴽ ⵏ ⴰⴼⵔⵉⵇⵢⴰ بنك أفريقيا,El Jadida,33.2308993,-8.4869716,atm
Bank of Africa ⵍⴱⴰⵏⴽ ⵏ ⴰⴼⵔⵉⵇⵢⴰ بنك أفريقيا,El Jadida,33.2293949,-8.4933597,atm
Attijariwafa Bank التجاري وفا بنك,El Jadida,33.2432064,-8.5007157,atm
BMCI البنك المغربي للتجارة والصناعة,El Jadida,33.227425,-8.4933677,atm
Credit Agricole Du Maroc,El Jadida,33.2279399,-8.4934603,atm
CIH Bank القرض العقاري والسياحي,El Jadida,33.2436789,-8.5225864,atm
Attijariwafa Bank التجاري وفا بنك,El Jadida,33.2450933,-8.5236995,atm
Bank of Africa ⵍⴱⴰⵏⴽ ⵏ ⴰⴼⵔⵉⵇⵢⴰ بنك أفريقيا,El Jadida,33.2452189,-8.5244894,atm
Banque Populaire البنك الشعبي,El Jadida,33.2366337,-8.5227647,atm
Saham Bank سهام بنك,El Jadida,33.2404239,-8.5270482,atm
Attijariwafa Bank التجاري وفا بنك,El Jadida,33.2436374,-8.5136264,atm
BMCI البنك المغربي للتجارة والصناعة,El Jadida,33.2350958,-8.524079,atm
Saham Bank سهام بنك,El Jadida,33.2512081,-8.5177504,atm
Attijariwafa Bank التجاري وفا بنك,El Jadida,33.2561847,-8.5151251,atm
Credit Agricole Du Maroc,El Jadida,33.2559857,-8.5149086,atm
Banque Populaire البنك الشعبي,El Jadida,33.2459244,-8.4995154,atm
Attijariwafa Bank التجاري وفا بنك,El Jadida,33.252333,-8.5025489,atm
Credit Agricole Du Maroc,El Jadida,33.24617,-8.5188407,atm
Attijariwafa Bank التجاري وفا بنك,El Jadida,33.2501639,-8.5175693,atm
CIH Bank القرض العقاري والسياحي,El Jadida,33.2557917,-8.5145934,atm
Bank of Africa ⵍⴱⴰⵏⴽ ⵏ ⴰⴼⵔⵉⵇⵢⴰ بنك أفريقيا,El Jadida,33.2540904,-8.5185684,atm
Banque Populaire البنك الشعبي,El Jadida,33.255878,-8.5130712,atm
االبنك المغربي للتجا,El Jadida,33.2377232,-8.5319777,atm
ATM,El Jadida,33.2357558,-8.5239896,atm
ATM,El Jadida,33.2435875,-8.5226274,atm
Western Union,El Jadida,33.2533129,-8.5114038,atm
ATM,El Jadida,33.228255,-8.5052526,atm
ATM,El Jadida,33.2272823,-8.5068458,atm
ATM,El Jadida,33.239373,-8.497061,atm
ATM,El Jadida,33.2481324,-8.4982123,atm
Attijariwafa bank,El Jadida,33.2478938,-8.4980378,atm
Crédit Agricole du Maroc,El Jadida,33.2496369,-8.4998074,atm
Umnia Bank أمنية بنك,El Jadida,33.2480366,-8.4981627,atm
CIH Bank,El Jadida,33.2480717,-8.4981986,atm
Bank of Africa,El Jadida,33.250113,-8.5003302,atm
Crédit du Maroc,El Jadida,33.2516683,-8.5016648,atm
BMCI,El Jadida,33.2506811,-8.5009381,atm
Crédit Agricole du Maroc القرض الفلاحي للمغرب,El Jadida,33.2522402,-8.5038119,atm
Saham Bank سهام بنك,El Jadida,33.2506907,-8.5018488,atm
Bank Al-Maghrib بنك المغرب,El Jadida,33.2509945,-8.5018042,atm
ATM,El Jadida,33.2511786,-8.5024834,atm
Saham Bank سهام بنك,El Jadida,33.2326262,-8.5008713,atm
Bank of Africa ⵍⴱⴰⵏⴽ ⵏ ⴰⴼⵔⵉⵇⵢⴰ بنك أفريقيا,El Jadida,33.2497433,-8.506579,atm
Attijariwafa Bank التجاري وفا بنك,El Jadida,33.2347994,-8.5032823,atm
Crédit du Maroc مصرف المغرب,El Jadida,33.234546,-8.5032695,atm
Banque Populaire البنك الشعبي,El Jadida,33.2454363,-8.4959199,atm
ATM,El Jadida,33.2346547,-8.5031247,atm
ATM,El Jadida,33.24693,-8.4999594,atm
Credit du Maroc,Nador,35.1776637,-2.923959,atm
Bank of Africa ⵍⴱⴰⵏⴽ ⵏ ⴰⴼⵔⵉⵇⵢⴰ بنك أفريقيا,Nador,35.1761641,-2.9233278,atm
Bank of Africa ⵍⴱⴰⵏⴽ ⵏ ⴰⴼⵔⵉⵇⵢⴰ بنك أفريقيا,Nador,35.1703852,-2.9199583,atm
Crédit Agricole du Maroc القرض الفلاحي للمغرب,Nador,35.1707952,-2.9199695,atm
Credit Agricole Du Maroc,Nador,35.1649942,-2.9319642,atm
Bank of Africa ⵍⴱⴰⵏⴽ ⵏ ⴰⴼⵔⵉⵇⵢⴰ بنك أفريقيا,Nador,35.1671123,-2.9325369,atm
Banque Populaire البنك الشعبي,Nador,35.1523292,-2.9289092,atm
Attijariwafa Bank التجاري وفا بنك,Nador,35.1535716,-2.9291278,atm
Credit Du Maroc,Nador,35.1561012,-2.9297259,atm
Attijariwafa Bank التجاري وفا بنك,Nador,35.1534488,-2.9196006,atm
Attijariwafa Bank التجاري وفا بنك,Nador,35.1646663,-2.9315659,atm
Banque Populaire البنك الشعبي,Nador,35.1681187,-2.9360211,atm
Banque Populaire البنك الشعبي,Nador,35.1607188,-2.9337312,atm
Attijariwafa Bank التجاري وفا بنك,Nador,35.1598368,-2.9341811,atm
Bank of Africa ⵍⴱⴰⵏⴽ ⵏ ⴰⴼⵔⵉⵇⵢⴰ بنك أفريقيا,Nador,35.161568,-2.9328708,atm
Banque Populaire البنك الشعبي,Nador,35.1730344,-2.9368955,atm
Banque Populaire البنك الشعبي,Nador,35.1764173,-2.9324967,atm
Attijariwafa Bank التجاري وفا بنك,Nador,35.1765861,-2.9299365,atm
Banque Populaire البنك الشعبي,Nador,35.1785943,-2.9228903,atm
Banque Populaire البنك الشعبي,Nador,35.1756412,-2.9264751,atm
Banque Populaire البنك الشعبي,Nador,35.1765993,-2.9287791,atm
Banque Populaire البنك الشعبي,Nador,35.1719469,-2.9285485,atm
BMCI البنك المغربي للتجارة والصناعة,Nador,35.1766628,-2.9266333,atm
Credit du Maroc,Nador,35.1720763,-2.9271188,atm
Attijariwafa Bank التجاري وفا بنك,Nador,35.1720225,-2.9277478,atm
Bank of Africa ⵍⴱⴰⵏⴽ ⵏ ⴰⴼⵔⵉⵇⵢⴰ بنك أفريقيا,Nador,35.1786294,-2.9270464,atm
CIH Bank القرض العقاري والسياحي,Nador,35.1775913,-2.9280522,atm
Credit Agricole du Maroc,Nador,35.1780671,-2.9245828,atm
Banque Populaire البنك الشعبي,Nador,35.1772767,-2.9275668,atm
Attijariwafa Bank التجاري وفا بنك,Nador,35.1770948,-2.9262444,atm
Attijariwafa Bank التجاري وفا بنك,Nador,35.1795085,-2.9218939,atm
Saham Bank سهام بنك,Nador,35.1772066,-2.9280013,atm
Banque Populaire البنك الشعبي,Nador,35.1736735,-2.9206842,atm
Attijariwafa Bank التجاري وفا بنك,Nador,35.1741471,-2.9206936,atm
Pharmacie Zakaria,Nador,35.1701348,-2.916793,atm
Umnia Bank أمنية بنك,Nador,35.1719228,-2.920011,atm
Umnia Bank أمنية بنك,Nador,35.1719206,-2.920011,atm
Banque Populaire البنك الشعبي,Nador,35.1682502,-2.9193163,atm
Banque Populaire البنك الشعبي,Nador,35.1625186,-2.9233637,atm
BMCI البنك المغربي للتجارة والصناعة,Nador,35.1709614,-2.9199614,atm
Bank of Africa ⵍⴱⴰⵏⴽ ⵏ ⴰⴼⵔⵉⵇⵢⴰ بنك أفريقيا,Nador,35.1621304,-2.9283942,atm
Attijariwafa Bank التجاري وفا بنك,Nador,35.1704867,-2.9323116,atm
Al Akhdar Bank الأخضر بنك,Nador,35.1705678,-2.931861,atm
Banque Populaire البنك الشعبي,Nador,35.1648801,-2.931578,atm
Attijariwafa Bank التجاري وفا بنك,Nador,35.1700312,-2.9286671,atm
CIH Bank القرض العقاري والسياحي,Nador,35.1738346,-2.9237795,atm
Saham Bank سهام بنك,Nador,35.1726617,-2.9257482,atm
Bank Assafa بنك الصفاء,Nador,35.1734816,-2.9239887,atm
Banque Populaire البنك الشعبي,Nador,35.1665619,-2.9283929,atm
Banque Populaire البنك الشعبي,Nador,35.1726025,-2.9241014,atm
BMCI البنك المغربي للتجارة والصناعة,Nador,35.1706073,-2.9334247,atm
Umnia Bank أمنية بنك,Nador,35.1769752,-2.9274094,atm
Banque Populaire البنك الشعبي,Nador,35.1605933,-2.9310174,atm
Banque Populaire البنك الشعبي,Nador,35.1700098,-2.939999,atm
ATM,Nador,35.1706088,-2.9334422,atm
Banque Populaire البنك الشعبي,Nador,35.1704812,-2.9334274,atm
Banque de Hotelier,Essaouira,31.5111392,-9.7693078,atm
ATM,Essaouira,31.5154523,-9.759146,atm
ATM,Essaouira,31.5138389,-9.7684033,atm
BMCI البنك المغربي للتجارة والصناعة,Essaouira,31.5098851,-9.7678155,atm
Banque Populaire البنك الشعبي,Essaouira,31.5120508,-9.7722603,atm
Crédit du Maroc,Essaouira,31.5118717,-9.7717078,atm
Saham Bank سهام بنك,Essaouira,31.5117069,-9.7708009,atm
Attijariwafa,Essaouira,31.5118921,-9.7722438,atm
ATM,Essaouira,31.5127996,-9.7714354,atm
Banque Populaire البنك الشعبي,Essaouira,31.5066595,-9.7609417,atm
Banque Populaire البنك الشعبي,Essaouira,31.5149926,-9.7643684,atm
ATM,Essaouira,31.5169064,-9.7650026,atm
Bank of Africa ⵍⴱⴰⵏⴽ ⵏ ⴰⴼⵔⵉⵇⵢⴰ بنك أفريقيا,Essaouira,31.5127644,-9.7713889,atm
Bank of Africa,Essaouira,31.5160422,-9.7604324,atm
ATM,Essaouira,31.5102525,-9.7599701,atm
ATM,Essaouira,31.5111663,-9.769353,atm
ATM,Essaouira,31.5061774,-9.7608699,atm
Credit Agricole Maroc,Essaouira,31.5016756,-9.7587161,atm
Crédit du Maroc,Essaouira,31.5059474,-9.7607769,atm
ATM,Essaouira,31.5170117,-9.7649021,atm
ATM,Essaouira,31.5105971,-9.759758,atm
Attijariwafa Bank التجاري وفا بنك,Essaouira,31.5032651,-9.7581611,atm
ATM,Essaouira,31.5102413,-9.7665683,atm
ATM,Essaouira,31.5100964,-9.7667029,atm
Saham Bank سهام بنك,Essaouira,31.516359,-9.7601749,atm
Cih Bank,Essaouira,31.5157662,-9.7649895,atm
Crédit Agricole,Essaouira,31.5138671,-9.7620338,atm
ATM,Essaouira,31.5037585,-9.7633202,atm
ATM,Essaouira,31.5137277,-9.7686763,atm
Cashplus western union,Essaouira,31.5130342,-9.7701418,atm
Banque Populaire البنك الشعبي,Ouarzazate,30.9276784,-6.9268356,atm
Attijariwafa Bank التجاري وفا بنك,Ouarzazate,30.9206157,-6.9139982,atm
Attijariwafa Bank التجاري وفا بنك,Ouarzazate,30.9204282,-6.9167635,atm
Crédit Agricole du Maroc القرض الفلاحي للمغرب,Ouarzazate,30.9278508,-6.926489,atm
Crédit Agricole du Maroc القرض الفلاحي للمغرب,Ouarzazate,30.9204189,-6.9170013,atm
Bank of Africa ⵍⴱⴰⵏⴽ ⵏ ⴰⴼⵔⵉⵇⵢⴰ بنك أفريقيا,Ouarzazate,30.9205978,-6.9143879,atm
Banque Populaire البنك الشعبي,Ouarzazate,30.9207637,-6.9130582,atm
Banque Populaire البنك الشعبي,Ouarzazate,30.9215092,-6.9059427,atm
Saham Bank سهام بنك,Ouarzazate,30.9215396,-6.9231102,atm
anatim,Ouarzazate,30.930709,-6.8836476,atm
BMCI البنك المغربي للتجارة والصناعة,Ouarzazate,30.9201468,-6.915789,atm
Crédit Agricole du Maroc القرض الفلاحي للمغرب,Ouarzazate,30.9207163,-6.9209623,atm
Crédit Agricole du Maroc القرض الفلاحي للمغرب,Ouarzazate,30.9230641,-6.9268173,atm
Bank Al-Maghrib بنك المغرب,Ouarzazate,30.9259377,-6.9122054,atm
Banque Populaire البنك الشعبي,Ouarzazate,30.9224026,-6.9120567,atm
Banque Populaire البنك الشعبي,Ouarzazate,30.9206726,-6.9131536,atm
Attijariwafa Bank وكالة التجاري وفا بنك,Berkane,34.9208669,-2.323873,atm
Société Génerale Marocaine des Banques,Berkane,34.9204129,-2.3242473,atm
Banque Populaire البنك الشعبي,Berkane,34.9234109,-2.309853,atm
Banque Populaire البنك الشعبي,Berkane,34.9232501,-2.3179235,atm
ATM,Berkane,34.9250839,-2.3279655,atm
Attijariwafa Bank التجاري وفا بنك,Berkane,34.9341209,-2.331014,atm
Banque Populaire البنك الشعبي,Berkane,34.9313458,-2.3309496,atm
Saham Bank سهام بنك,Berkane,34.9267861,-2.3317637,atm
BMCI البنك المغربي للتجارة والصناعة,Berkane,34.9262319,-2.3325697,atm
Banque Populaire البنك الشعبي,Berkane,34.9261616,-2.332685,atm
Banque Populaire البنك الشعبي,Berkane,34.9221525,-2.3271307,atm
Bank Assafa بنك الصفاء,Berkane,34.9260998,-2.3328372,atm
Attijariwafa Bank التجاري وفا بنك,Berkane,34.9273631,-2.3310205,atm
Attijariwafa Bank التجاري وفا بنك,Berkane,34.9263569,-2.3324009,atm
Credit du Maroc,Berkane,34.9254606,-2.3336472,atm
Bank of Africa ⵍⴱⴰⵏⴽ ⵏ ⴰⴼⵔⵉⵇⵢⴰ بنك أفريقيا,Berkane,34.9250049,-2.33437,atm
Banque Populaire البنك الشعبي,Berkane,34.9124924,-2.3189133,atm
Banque Populaire البنك الشعبي,Larache,35.186323,-6.1464434,atm
ATM,Larache,35.1696085,-6.1462098,atm
Al Barid Bank,Larache,35.177202,-6.1467606,atm
Attijariwafa bank,Larache,35.177217,-6.1451425,atm
Bank of Africa,Larache,35.1763154,-6.1448508,atm
SGMB,Settat,33.0030921,-7.6195416,atm
التجاري وفا بنك,Settat,33.0026142,-7.6193202,atm
Banque Populaire البنك الشعبي,Settat,33.0029091,-7.6202548,atm
ATM,Settat,33.0018877,-7.6209225,atm
CIH Bank القرض العقاري والسياحي,Settat,33.0053671,-7.6213601,atm
Bank of Africa ⵍⴱⴰⵏⴽ ⵏ ⴰⴼⵔⵉⵇⵢⴰ بنك أفريقيا,Settat,33.0067516,-7.6221031,atm
الشعبي كاش تسهيلات - تحويل الأموال,Settat,33.0019787,-7.6141158,atm
Bank Al Maghrib,Settat,33.0067481,-7.6185429,atm
Poste Du Maroc - Annexe Mimouna,Settat,33.004927,-7.6276614,atm
ATM,Marrakech,31.6220205,-8.0103186,atm
Banque Populaire البنك الشعبي,Marrakech,31.6455906,-7.9784387,atm
Crédit Agricole du Maroc القرض الفلاحي للمغرب,Marrakech,31.6455543,-7.9787512,atm
Bank of Africa ⵍⴱⴰⵏⴽ ⵏ ⴰⴼⵔⵉⵇⵢⴰ بنك أفريقيا,Marrakech,31.6455115,-7.9789991,atm
ATM,Marrakech,31.6363273,-8.0005678,atm
Bank of Africa ⵍⴱⴰⵏⴽ ⵏ ⴰⴼⵔⵉⵇⵢⴰ بنك أفريقيا,Marrakech,31.6354491,-8.0139754,atm
ATM,Marrakech,31.6355935,-7.991425,atm
ATM,Marrakech,31.6247624,-7.9763288,atm
ATM,Marrakech,31.6254086,-7.9885968,atm
Banque Populaire البنك الشعبي,Marrakech,31.6253675,-7.9886076,atm
Poste Maroc,Marrakech,31.6213457,-7.9843265,atm
Banque Populaire البنك الشعبي,Marrakech,31.6346774,-8.0168523,atm
ATM,Marrakech,31.6374781,-8.0180002,atm
CIH Bank القرض العقاري والسياحي,Marrakech,31.6376914,-8.0180592,atm
Crédit Agricole du Maroc,Marrakech,31.6551656,-8.0037697,atm
BMCI البنك المغربي للتجارة والصناعة,Marrakech,31.6475255,-8.00096,atm
Banque Populaire البنك الشعبي,Marrakech,31.6341195,-8.0085857,atm
Crédit Agricole du Maroc,Marrakech,31.6400739,-8.024126,atm
Crédit Agricole du Maroc,Marrakech,31.6240643,-7.9893279,atm
Crédit Agricole du Maroc,Marrakech,31.6246119,-7.9889724,atm
BMCI البنك المغربي للتجارة والصناعة,Marrakech,31.6575305,-8.0043736,atm
Banque Du Populaire,Marrakech,31.6491632,-8.0129111,atm
AXA Credit,Marrakech,31.6529753,-8.0169973,atm
Crédit Agricole du Maroc,Marrakech,31.6528452,-8.0170724,atm
Sofac,Marrakech,31.6527744,-8.0170375,atm
Western Union,Marrakech,31.6527288,-8.0169892,atm
Attijariwafa Bank التجاري وفا بنك,Marrakech,31.6526511,-8.0168927,atm
Pharmacie,Marrakech,31.6500117,-8.0154255,atm
Bank of Africa ⵍⴱⴰⵏⴽ ⵏ ⴰⴼⵔⵉⵇⵢⴰ بنك أفريقيا,Marrakech,31.6500779,-8.0154952,atm
Crédit Agricole du Maroc,Marrakech,31.6315272,-8.0060772,atm
Saham Bank سهام بنك,Marrakech,31.6316119,-8.0047164,atm
Attijariwafa Bank التجاري وفا بنك,Marrakech,31.6541807,-8.0028826,atm
Attijariwafa Bank التجاري وفا بنك,Marrakech,31.6556795,-8.0120397,atm
Banque Populaire البنك الشعبي,Marrakech,31.6666338,-8.0110359,atm
Attijariwafa Bank التجاري وفا بنك,Marrakech,31.6582175,-7.9908383,atm
Bank of Africa ⵍⴱⴰⵏⴽ ⵏ ⴰⴼⵔⵉⵇⵢⴰ بنك أفريقيا,Marrakech,31.6649234,-8.0328945,atm
Saham Bank سهام بنك,Marrakech,31.6619288,-8.0285242,atm
Attijariwafa Bank التجاري وفا بنك,Marrakech,31.6311678,-8.0129376,atm
Bank of Africa ⵍⴱⴰⵏⴽ ⵏ ⴰⴼⵔⵉⵇⵢⴰ بنك أفريقيا,Marrakech,31.6302573,-8.0171028,atm
Bank of Africa ⵍⴱⴰⵏⴽ ⵏ ⴰⴼⵔⵉⵇⵢⴰ بنك أفريقيا,Marrakech,31.6318209,-8.0108098,atm
Saham Bank سهام بنك,Marrakech,31.6213768,-8.0099166,atm
Attijariwafa Bank التجاري وفا بنك,Marrakech,31.6244269,-8.0038416,atm
Crédit Agricole du Maroc,Marrakech,31.6336902,-8.0010249,atm
Banque Populaire البنك الشعبي,Marrakech,31.6361822,-8.0150386,atm
Saham Bank سهام بنك,Marrakech,31.6354088,-8.014389,atm
Saham Bank سهام بنك,Marrakech,31.645005,-8.0193303,atm
Banque Populaire البنك الشعبي,Marrakech,31.639502,-8.003116,atm
Barid,Marrakech,31.632784,-8.0092178,atm
BMCI البنك المغربي للتجارة والصناعة,Marrakech,31.6332578,-8.0090916,atm
Poste Maroc,Marrakech,31.6184934,-7.9910855,atm
Attijariwafa,Marrakech,31.627363,-7.989212,atm
Saham Bank سهام بنك,Marrakech,31.619648,-7.9855546,atm
ATM,Marrakech,31.6230756,-7.9894695,atm
Banque Populaire البنك الشعبي,Marrakech,31.6194224,-8.0589054,atm
ATM,Marrakech,31.6294986,-7.987192,atm
Friend Ayoob,Marrakech,31.6502785,-8.0501853,atm
ATM,Marrakech,31.5926359,-7.9866061,atm
CIH Bank القرض العقاري والسياحي,Marrakech,31.6374004,-8.002844,atm
Banque Populaire البنك الشعبي,Marrakech,31.6334551,-7.9919162,atm
Saham Bank سهام بنك,Marrakech,31.6383774,-8.0061483,atm
Credit Agricole Du Maroc,Marrakech,31.6372454,-8.0117742,atm
Credit du Maroc,Marrakech,31.6336904,-8.0010689,atm
Banque Populaire البنك الشعبي,Marrakech,31.6275793,-7.9934182,atm
CIH,Marrakech,31.6233145,-7.9896337,atm
Attijariwafa Bank التجاري وفا بنك,Marrakech,31.6373989,-8.0114021,atm
Banque Populaire البنك الشعبي,Marrakech,31.6348775,-7.9981469,atm
Banque Populaire البنك الشعبي,Marrakech,31.6228912,-7.9910425,atm
ATM,Marrakech,31.6227798,-7.9911094,atm
ATM,Marrakech,31.6296416,-7.996511,atm
Attijariwafa Bank التجاري وفا بنك,Marrakech,31.6366028,-8.0152192,atm
ATM,Marrakech,31.6181545,-8.0671984,atm
Bank of Africa ⵍⴱⴰⵏⴽ ⵏ ⴰⴼⵔⵉⵇⵢⴰ بنك أفريقيا,Marrakech,31.6383316,-8.0188808,atm
ATM,Marrakech,31.6241404,-7.9901054,atm
Bank of Africa ⵍⴱⴰⵏⴽ ⵏ ⴰⴼⵔⵉⵇⵢⴰ بنك أفريقيا,Marrakech,31.6456319,-8.0106211,atm
Attijariwafa Bank التجاري وفا بنك,Marrakech,31.6454743,-7.979262,atm
Bank of Africa ⵍⴱⴰⵏⴽ ⵏ ⴰⴼⵔⵉⵇⵢⴰ بنك أفريقيا,Marrakech,31.6383088,-7.9989696,atm
Attijariwafa Bank التجاري وفا بنك,Marrakech,31.6390258,-8.0040014,atm
Bank of Africa ⵍⴱⴰⵏⴽ ⵏ ⴰⴼⵔⵉⵇⵢⴰ بنك أفريقيا,Marrakech,31.6534134,-8.0177021,atm
Bank of Africa ⵍⴱⴰⵏⴽ ⵏ ⴰⴼⵔⵉⵇⵢⴰ بنك أفريقيا,Marrakech,31.647655,-8.0005574,atm
ATM,Marrakech,31.6202875,-7.9866504,atm
Attijariwafa Bank التجاري وفا بنك,Marrakech,31.6404165,-7.9997474,atm
Attijariwafa Bank التجاري وفا بنك,Marrakech,31.6288383,-8.0795914,atm
Bank of Africa ⵍⴱⴰⵏⴽ ⵏ ⴰⴼⵔⵉⵇⵢⴰ بنك أفريقيا,Marrakech,31.6282605,-8.0660033,atm
Attijariwafa Bank التجاري وفا بنك,Marrakech,31.6281623,-8.0600005,atm
Banque Populaire البنك الشعبي,Marrakech,31.6378897,-8.0128111,atm
Attijariwafa Bank التجاري وفا بنك,Marrakech,31.6355856,-8.0158594,atm
Oasis,Marrakech,31.6344061,-8.0150481,atm
Bank of Africa ⵍⴱⴰⵏⴽ ⵏ ⴰⴼⵔⵉⵇⵢⴰ بنك أفريقيا,Marrakech,31.6368918,-8.0157723,atm
Attijariwafa Bank التجاري وفا بنك,Marrakech,31.6338985,-8.0111206,atm
CIH Bank القرض العقاري والسياحي,Marrakech,31.6341446,-8.011472,atm
CIH Bank القرض العقاري والسياحي,Marrakech,31.6304929,-8.0154571,atm
Bank of Africa ⵍⴱⴰⵏⴽ ⵏ ⴰⴼⵔⵉⵇⵢⴰ بنك أفريقيا,Marrakech,31.631886,-8.010493,atm
Bank of Africa ⵍⴱⴰⵏⴽ ⵏ ⴰⴼⵔⵉⵇⵢⴰ بنك أفريقيا,Marrakech,31.6409782,-8.0188555,atm
Bank of Africa ⵍⴱⴰⵏⴽ ⵏ ⴰⴼⵔⵉⵇⵢⴰ بنك أفريقيا,Marrakech,31.6310068,-8.0626626,atm
Al Barid Bank,Marrakech,31.5938885,-8.0522785,atm
Attijariwafa Bank التجاري وفا بنك,Marrakech,31.5942414,-8.0519271,atm
Banque Populaire البنك الشعبي,Marrakech,31.5972823,-8.0492663,atm
BMCI Bank,Marrakech,31.6398517,-8.0226907,atm
Credit Agricole du Maroc,Marrakech,31.6518311,-8.0197459,atm
Attijariwafa Bank التجاري وفا بنك,Marrakech,31.5937537,-8.0334306,atm
BMCI البنك المغربي للتجارة والصناعة,Marrakech,31.5877196,-8.0402742,atm
Banque Populaire البنك الشعبي,Marrakech,31.5953518,-8.0281252,atm
Bank of Africa ⵍⴱⴰⵏⴽ ⵏ ⴰⴼⵔⵉⵇⵢⴰ بنك أفريقيا,Marrakech,31.5945293,-8.0292866,atm
Western Union,Marrakech,31.663656,-8.030969,atm
Bank of Africa ⵍⴱⴰⵏⴽ ⵏ ⴰⴼⵔⵉⵇⵢⴰ بنك أفريقيا,Marrakech,31.6550196,-8.0526674,atm
BMCI Bank,Marrakech,31.6566714,-8.0220526,atm
Attijariwafa Bank التجاري وفا بنك,Marrakech,31.6473655,-8.0477019,atm
Attijariwafa Bank التجاري وفا بنك,Marrakech,31.6677313,-8.0409743,atm
Bank of Africa ⵍⴱⴰⵏⴽ ⵏ ⴰⴼⵔⵉⵇⵢⴰ بنك أفريقيا,Marrakech,31.6766979,-8.0487312,atm
Attijariwafa Bank التجاري وفا بنك,Marrakech,31.6827821,-8.0617078,atm
CIH Bank القرض العقاري والسياحي,Marrakech,31.6827684,-8.0614167,atm
Al Barid Bank,Marrakech,31.6831039,-8.0614932,atm
Western Union,Marrakech,31.6851581,-8.0624481,atm
Western Union,Marrakech,31.683129,-8.0660409,atm
Western Union,Marrakech,31.6523174,-8.0321029,atm
Attijariwafa Bank التجاري وفا بنك,Marrakech,31.6620857,-8.0287126,atm
BMCI البنك المغربي للتجارة والصناعة,Marrakech,31.6295988,-8.0167606,atm
Bank of Africa ⵍⴱⴰⵏⴽ ⵏ ⴰⴼⵔⵉⵇⵢⴰ بنك أفريقيا,Marrakech,31.6312226,-8.0063698,atm
Banque Populaire البنك الشعبي,Marrakech,31.6197267,-8.0097842,atm
Attijariwafa Bank التجاري وفا بنك,Marrakech,31.6335611,-8.0019414,atm
Banque Populaire البنك الشعبي,Marrakech,31.6221134,-7.9700057,atm
Bank of Africa ⵍⴱⴰⵏⴽ ⵏ ⴰⴼⵔⵉⵇⵢⴰ بنك أفريقيا,Marrakech,31.6213106,-7.9713187,atm
Attijariwafa Bank التجاري وفا بنك,Marrakech,31.6204661,-7.971497,atm
Credit Agricole du Maroc,Marrakech,31.6234998,-7.9709136,atm
Saham Bank سهام بنك,Marrakech,31.6238538,-7.9709351,atm
Banque Populaire البنك الشعبي,Marrakech,31.6453659,-7.9828696,atm
Saham Bank سهام بنك,Marrakech,31.6276256,-8.0236781,atm
Bank of Africa ⵍⴱⴰⵏⴽ ⵏ ⴰⴼⵔⵉⵇⵢⴰ بنك أفريقيا,Marrakech,31.6271689,-8.0430476,atm
CIH Abraj Zaitoune,Marrakech,31.5870037,-8.0446852,atm
Saham Bank سهام بنك,Marrakech,31.5859847,-8.0441032,atm
Banque Populaire البنك الشعبي,Marrakech,31.5904777,-8.0461524,atm
Banque Populaire البنك الشعبي,Marrakech,31.5807455,-8.0542005,atm
ATM,Marrakech,31.6249934,-7.9896807,atm
Al Barid Bank,Marrakech,31.6247022,-7.9762899,atm
ATM,Marrakech,31.6161142,-7.9890044,atm
ATM,Marrakech,31.6249388,-7.9894808,atm
ATM,Marrakech,31.6162333,-7.9890448,atm
ATM,Marrakech,31.6765787,-8.0021047,atm
CFG Bank,Marrakech,31.6069639,-8.000611,atm
CIH بنك,Marrakech,31.6519756,-8.0169718,atm
Banque Populaire البنك الشعبي,Marrakech,31.5943559,-8.0516921,atm
CIH,Marrakech,31.6663182,-8.0125616,atm
Attijariwafa Bank ATM,Marrakech,31.6335567,-8.0020005,atm
ATM,Marrakech,31.6339689,-8.0002845,atm
ATM,Marrakech,31.6301333,-7.98381,atm
ATM,Marrakech,31.6214276,-7.9843494,atm
ATM,Marrakech,31.6339044,-7.9910882,atm
ATM,Marrakech,31.6015942,-8.0251527,atm
Bank Al-Maghrib بنك المغرب,Marrakech,31.6221382,-8.0101602,atm
ATM,Marrakech,31.5934013,-8.033132,atm
ATM,Marrakech,31.5931424,-8.0532827,atm
ATM,Marrakech,31.5972349,-8.0420317,atm
ATM,Marrakech,31.5943009,-8.0296523,atm
Al Barid Bank,Marrakech,31.6564902,-8.0177608,atm
ATM,Marrakech,31.6300696,-8.0043479,atm
ATM,Marrakech,31.6244973,-7.9900124,atm
ATM,Marrakech,31.6202323,-7.9859489,atm
ATM,Marrakech,31.6334472,-7.9919217,atm
ATM,Marrakech,31.632608,-7.9922989,atm
CIH Bank,Marrakech,31.625539,-7.9877648,atm
CIH Bank,Marrakech,31.6265635,-7.9872709,atm
Bank of Africa ⵍⴱⴰⵏⴽ ⵏ ⴰⴼⵔⵉⵇⵢⴰ بنك أفريقيا,Marrakech,31.6227057,-8.0107541,atm
Banque Populaire البنك الشعبي,Marrakech,31.623081,-7.9915642,atm
Saham Bank سهام بنك,Marrakech,31.6266521,-7.9933831,atm
Bank of Africa ⵍⴱⴰⵏⴽ ⵏ ⴰⴼⵔⵉⵇⵢⴰ بنك أفريقيا,Marrakech,31.6295025,-7.9880043,atm
ATM,Marrakech,31.6191682,-7.9868924,atm
ATM,Marrakech,31.6310583,-7.9961925,atm
ATM,Marrakech,31.631599,-7.9960847,atm
ATM,Marrakech,31.63773,-7.9880961,atm
ATM,Marrakech,31.6365253,-7.9862981,atm
ATM,Marrakech,31.6346545,-7.9835989,atm
ATM,Marrakech,31.6363527,-7.9854854,atm
ATM,Marrakech,31.6365469,-7.9897991,atm
ATM,Marrakech,31.6364282,-8.0007222,atm
Banque Populaire البنك الشعبي,Marrakech,31.6206789,-8.0126015,atm
BMCI البنك المغربي للتجارة والصناعة,Marrakech,31.623449,-7.9907797,atm
Banque Populaire البنك الشعبي,Marrakech,31.6438029,-8.0001032,atm
Crédit du Maroc مصرف المغرب,Marrakech,31.6337183,-8.0165323,atm
Attijariwafa Bank التجاري وفا بنك,Marrakech,31.6335238,-8.0680381,atm
Credit du Maroc,Marrakech,31.6485615,-8.0509297,atm
BMCI البنك المغربي للتجارة والصناعة,Marrakech,31.6487825,-8.0518393,atm
Banque Populaire البنك الشعبي,Marrakech,31.6101094,-7.9734426,atm
Credit Agricole du Maroc,Marrakech,31.6296183,-7.9947612,atm
Bank of Africa ⵍⴱⴰⵏⴽ ⵏ ⴰⴼⵔⵉⵇⵢⴰ بنك أفريقيا,Marrakech,31.6291335,-7.9943579,atm
ATM,Kenitra,34.244529,-6.612552,atm
Crédit Agricole القرض الفلاحي,Kenitra,34.2605745,-6.58956,atm
Agence bancaire CNCA,Kenitra,34.2605506,-6.5895899,atm
Bank of Africa ⵍⴱⴰⵏⴽ ⵏ ⴰⴼⵔⵉⵇⵢⴰ بنك أفريقيا,Kenitra,34.2601918,-6.590637,atm
Banque Populaire البنك الشعبي,Kenitra,34.2567916,-6.5860152,atm
Banque Populaire البنك الشعبي,Kenitra,34.2554314,-6.5821048,atm
Bank of Africa ⵍⴱⴰⵏⴽ ⵏ ⴰⴼⵔⵉⵇⵢⴰ بنك أفريقيا,Kenitra,34.2552417,-6.5821094,atm
BMCI Banque,Kenitra,34.2553447,-6.5820572,atm
Banque Populaire البنك الشعبي,Kenitra,34.2662505,-6.5904322,atm
BMCI Banque,Kenitra,34.2565471,-6.5918893,atm
CIH,Kenitra,34.2535351,-6.5810076,atm
Crédit Agricole du Maroc القرض الفلاحي للمغرب,Kenitra,34.2569338,-6.6223453,atm
Crédit Agricole du Maroc القرض الفلاحي للمغرب,Kenitra,34.2683756,-6.5618205,atm
Banque Populaire البنك الشعبي,Kenitra,34.2684687,-6.5612975,atm
Attijariwafa Bank التجاري وفا بنك,Kenitra,34.2689563,-6.5613297,atm
Banque Populaire البنك الشعبي,Kenitra,34.2651537,-6.5661402,atm
Bank of Africa ⵍⴱⴰⵏⴽ ⵏ ⴰⴼⵔⵉⵇⵢⴰ بنك أفريقيا,Kenitra,34.2640708,-6.5642399,atm
Attijariwafa Bank التجاري وفا بنك,Kenitra,34.2629159,-6.5621209,atm
Saham Bank سهام بنك,Kenitra,34.2665956,-6.5629202,atm
Bank of Africa ⵍⴱⴰⵏⴽ ⵏ ⴰⴼⵔⵉⵇⵢⴰ بنك أفريقيا,Kenitra,34.2666798,-6.5632421,atm
BMCI البنك المغربي للتجارة والصناعة,Kenitra,34.2655471,-6.5644088,atm
Banque Populaire البنك الشعبي,Kenitra,34.2653399,-6.5593703,atm
Crédit du Maroc مصرف المغرب,Kenitra,34.2654585,-6.5646476,atm
Crédit Agricole du Maroc القرض الفلاحي للمغرب,Kenitra,34.2595043,-6.5842035,atm
Attijariwafa Bank التجاري وفا بنك,Kenitra,34.2561191,-6.5823904,atm
Banque Populaire البنك الشعبي,Kenitra,34.2555804,-6.582098,atm
Banque Populaire البنك الشعبي,Kenitra,34.2639023,-6.5723696,atm
Attijariwafa Bank التجاري وفا بنك,Kenitra,34.2623041,-6.5839702,atm
Banque Populaire البنك الشعبي,Kenitra,34.2636119,-6.580368,atm
Banque Populaire البنك الشعبي,Kenitra,34.2547783,-6.5961909,atm
Saham Bank سهام بنك,Kenitra,34.2546726,-6.5961373,atm
Attijariwafa Bank التجاري وفا بنك,Kenitra,34.2594488,-6.5854776,atm
Bank of Africa ⵍⴱⴰⵏⴽ ⵏ ⴰⴼⵔⵉⵇⵢⴰ بنك أفريقيا,Kenitra,34.2562986,-6.5959623,atm
Crédit Agricole du Maroc القرض الفلاحي للمغرب,Kenitra,34.2590017,-6.5863839,atm
Attijariwafa Bank التجاري وفا بنك,Kenitra,34.2415726,-6.6146681,atm
Crédit Agricole du Maroc القرض الفلاحي للمغرب,Kenitra,34.2454772,-6.6123587,atm
Banque Populaire البنك الشعبي,Kenitra,34.2435482,-6.6135952,atm
Credit du Maroc,Kenitra,34.248732,-6.6063345,atm
Bank of Africa ⵍⴱⴰⵏⴽ ⵏ ⴰⴼⵔⵉⵇⵢⴰ بنك أفريقيا,Kenitra,34.2486854,-6.6070426,atm
Attijariwafa Bank التجاري وفا بنك,Kenitra,34.2585751,-6.598193,atm
Al Barid Bank,Kenitra,34.2520864,-6.5503742,atm
Banque Populaire البنك الشعبي,Kenitra,34.2519268,-6.5510327,atm
Attijariwafa Bank التجاري وفا بنك,Kenitra,34.2610294,-6.5890744,atm
Saham Bank سهام بنك,Kenitra,34.2608875,-6.5894365,atm
Bank of Africa ⵍⴱⴰⵏⴽ ⵏ ⴰⴼⵔⵉⵇⵢⴰ بنك أفريقيا,Kenitra,34.2600075,-6.5908232,atm
Attijariwafa Bank التجاري وفا بنك,Kenitra,34.2599188,-6.5564547,atm
Banque Populaire البنك الشعبي,Kenitra,34.2660038,-6.6145152,atm
Attijariwafa Bank التجاري وفا بنك,Kenitra,34.2658741,-6.6150422,atm
Crédit Agricole du Maroc القرض الفلاحي للمغرب,Kenitra,34.2659373,-6.6153681,atm
Crédit Agricole du Maroc القرض الفلاحي للمغرب,Kenitra,34.2598068,-6.5576443,atm
Banque Populaire البنك الشعبي,Kenitra,34.2701183,-6.6015199,atm
Crédit Agricole du Maroc القرض الفلاحي للمغرب,Kenitra,34.2700502,-6.6015574,atm
Banque Populaire البنك الشعبي,Kenitra,34.2691602,-6.6111946,atm
Bank of Africa ⵍⴱⴰⵏⴽ ⵏ ⴰⴼⵔⵉⵇⵢⴰ بنك أفريقيا,Kenitra,34.2564317,-6.6111517,atm
Attijariwafa Bank التجاري وفا بنك,Kenitra,34.2570989,-6.6154084,atm
Banque Populaire البنك الشعبي,Kenitra,34.2555094,-6.6151911,atm
Banque Populaire البنك الشعبي,Kenitra,34.2615947,-6.6168179,atm
Credit Agricole Du Maroc,Kenitra,34.2597392,-6.6474849,atm
Attijariwafa Bank التجاري وفا بنك,Kenitra,34.2674144,-6.6434221,atm
Banque Populaire البنك الشعبي,Kenitra,34.261301,-6.624729,atm
CIH Bank القرض العقاري والسياحي,Kenitra,34.2604165,-6.6199802,atm
Attijariwafa Bank التجاري وفا بنك,Kenitra,34.2591723,-6.6209934,atm
ATM,Kenitra,34.2619187,-6.5847694,atm
Banque Populaire البنك الشعبي,Kenitra,34.2671505,-6.6435163,atm
ATM,Kenitra,34.2582359,-6.5885541,atm
ATM,Kenitra,34.2606326,-6.6455585,atm
ATM,Kenitra,34.2575551,-6.5930681,atm
ATM,Kenitra,34.2556058,-6.5950287,atm
ATM,Kenitra,34.2602304,-6.5596481,atm
ATM,Kenitra,34.2636053,-6.569797,atm
ATM,Kenitra,34.2561819,-6.5929124,atm
ATM,Kenitra,34.2567525,-6.6490399,atm
ATM,Kenitra,34.2611488,-6.5802102,atm
Attijariwafa bank التجاري وفا بنك,Kenitra,34.2606236,-6.5825206,atm
ATM,Kenitra,34.2589937,-6.5807697,atm
Umnia Bank أمنية بنك,Kenitra,34.2636984,-6.5870349,atm
Attijariwafa bank,Kenitra,34.2509681,-6.6028783,atm
ATM,Kenitra,34.2604487,-6.5819715,atm
Saham Bank سهام بنك,Kenitra,34.2585524,-6.6209847,atm
Bank Al-Maghrib بنك المغرب,Kenitra,34.2623734,-6.5801263,atm
Bank of Africa ⵍⴱⴰⵏⴽ ⵏ ⴰⴼⵔⵉⵇⵢⴰ بنك أفريقيا,Kenitra,34.2615818,-6.5596436,atm
Crédit du Maroc مصرف المغرب,Kenitra,34.2614751,-6.5859045,atm
Bank of Africa ⵍⴱⴰⵏⴽ ⵏ ⴰⴼⵔⵉⵇⵢⴰ بنك أفريقيا,Kenitra,34.2707447,-6.6013331,atm
Attijariwafa Bank التجاري وفا بنك,Kenitra,34.2711344,-6.6011181,atm
Bank of Africa ⵍⴱⴰⵏⴽ ⵏ ⴰⴼⵔⵉⵇⵢⴰ بنك أفريقيا,Kenitra,34.260702,-6.5811994,atm
Saham Bank سهام بنك,Tétouan,35.5696318,-5.3854172,atm
Crédit Agricole,Tétouan,35.5697584,-5.3852723,atm
Attijariwafa Bank التجاري وفا بنك,Tétouan,35.5699287,-5.3851596,atm
Banque Populaire البنك الشعبي,Tétouan,35.57105,-5.3861897,atm
Crédit du Maroc,Tétouan,35.5718659,-5.3857444,atm
Banque Populaire البنك الشعبي,Tétouan,35.5703608,-5.3771901,atm
ATM,Tétouan,35.5680987,-5.3771992,atm
Bank of Africa,Tétouan,35.5815857,-5.3558264,atm
ATM,Tétouan,35.5818886,-5.3552905,atm
Bank of Africa ⵍⴱⴰⵏⴽ ⵏ ⴰⴼⵔⵉⵇⵢⴰ بنك أفريقيا,Tétouan,35.573577,-5.3516389,atm
Crédit Agricole,Tétouan,35.571204,-5.3770122,atm
Banque Populaire البنك الشعبي,Tétouan,35.5650878,-5.3544292,atm
Banque Populaire البنك الشعبي,Tétouan,35.5640815,-5.3687838,atm
ATM,Tétouan,35.5656907,-5.3577404,atm
Bank of Africa ⵍⴱⴰⵏⴽ ⵏ ⴰⴼⵔⵉⵇⵢⴰ بنك أفريقيا,Tétouan,35.5697433,-5.3742559,atm
BCME Bank,Tétouan,35.5913613,-5.3387493,atm
Attijariwafa Bank التجاري وفا بنك,Tétouan,35.5916449,-5.3388324,atm
Bank of Africa ⵍⴱⴰⵏⴽ ⵏ ⴰⴼⵔⵉⵇⵢⴰ بنك أفريقيا,Tétouan,35.5694058,-5.3882317,atm
Attijariwafa Bank,Tétouan,35.5699805,-5.3722414,atm
Saham Bank سهام بنك,Tétouan,35.5704873,-5.3720841,atm
Attijariwafa Bank,Tétouan,35.5699462,-5.3713663,atm
Bank of Africa ⵍⴱⴰⵏⴽ ⵏ ⴰⴼⵔⵉⵇⵢⴰ بنك أفريقيا,Tétouan,35.5704121,-5.3713793,atm
Banque Populaire البنك الشعبي,Tétouan,35.5709201,-5.3740645,atm
CIH Bank,Tétouan,35.5701631,-5.3720473,atm
ATM,Tétouan,35.5704665,-5.3740804,atm
Attijariwafa Bank,Tétouan,35.5705524,-5.3747513,atm
Attijariwafa Bank,Tétouan,35.5701044,-5.3754325,atm
Saham Bank سهام بنك,Tétouan,35.5702828,-5.3753242,atm
Crédit Agricole du Maroc القرض الفلاحي,Tétouan,35.5691447,-5.3723055,atm
Bmci,Tétouan,35.5694431,-5.3722044,atm
UMB Bank,Tétouan,35.5701311,-5.3716615,atm
Banque Populaire البنك الشعبي,Tétouan,35.5706874,-5.3716397,atm
Banque Populaire البنك الشعبي,Tétouan,35.571059,-5.3604991,atm
Bank of Africa ⵍⴱⴰⵏⴽ ⵏ ⴰⴼⵔⵉⵇⵢⴰ بنك أفريقيا,Tétouan,35.5706655,-5.3614224,atm
ATM,Tétouan,35.5714141,-5.3603101,atm
ATM,Tétouan,35.5725159,-5.3596616,atm
ATM,Tétouan,35.5722295,-5.3599944,atm
ATM,Tétouan,35.5726968,-5.3597279,atm
Bank of Africa ⵍⴱⴰⵏⴽ ⵏ ⴰⴼⵔⵉⵇⵢⴰ بنك أفريقيا,Tétouan,35.5687967,-5.3810593,atm
BMCI,Tétouan,35.5688918,-5.3814237,atm
Crédit du Maroc مصرف المغرب,Tétouan,35.570772,-5.3732624,atm
ATM,Tétouan,35.566369,-5.3929849,atm
Saham Bank سهام بنك,Tétouan,35.5704365,-5.3721256,atm
Wafaasalaf,Tétouan,35.5694572,-5.3745433,atm
ATM,Tétouan,35.5700317,-5.3722899,atm
ATM,Tétouan,35.5697809,-5.3742945,atm
BCMI,Tétouan,35.5854029,-5.3476974,atm
Bank Al-Maghrib,Tétouan,35.5909264,-5.3376403,atm
Banque Populaire البنك الشعبي,Safi,32.3067346,-9.2348086,atm
Banque Populaire البنك الشعبي,Safi,32.2865821,-9.2294643,atm
Bank of Africa ⵍⴱⴰⵏⴽ ⵏ ⴰⴼⵔⵉⵇⵢⴰ بنك أفريقيا,Safi,32.2855402,-9.2221321,atm
ATM,Safi,32.2943229,-9.2233989,atm
CIH,Safi,32.2938072,-9.2347117,atm
Banque Populaire البنك الشعبي,Safi,32.3094504,-9.2253833,atm
Banque Populaire البنك الشعبي,Safi,32.2938254,-9.2226847,atm
Banque Populaire البنك الشعبي,Safi,32.2832135,-9.225455,atm
Saham Bank سهام بنك,Safi,32.2946282,-9.2331191,atm
attijari wafa Banque,Safi,32.2641024,-9.2466401,atm
Crédit Agricole,Safi,32.2636957,-9.2469316,atm
Banque Populaire البنك الشعبي,Safi,32.2636169,-9.2470161,atm
Crédit du Maroc,Safi,32.2939293,-9.2335331,atm
BMCI البنك المغربي للتجارة والصناعة,Safi,32.2900123,-9.2387042,atm
Attijariwafa,Safi,32.2900898,-9.2388425,atm
Bank of Africa ⵍⴱⴰⵏⴽ ⵏ ⴰⴼⵔⵉⵇⵢⴰ بنك أفريقيا,Safi,32.2899413,-9.2385656,atm
Banque Populaire البنك الشعبي,Safi,32.2899126,-9.2387902,atm
CIH Bank,Safi,32.2834137,-9.225642,atm
ATM,Safi,32.2971834,-9.2432959,atm
Banque Populaire البنك الشعبي,Safi,32.2950023,-9.2331004,atm
Bank of Africa ⵍⴱⴰⵏⴽ ⵏ ⴰⴼⵔⵉⵇⵢⴰ بنك أفريقيا,Safi,32.2647104,-9.2467561,atm
Banque Populaire البنك الشعبي,Beni Mellal,32.3362072,-6.3520556,atm
C.I.H BANK,Beni Mellal,32.3323563,-6.3632992,atm
Banque Populaire البنك الشعبي,Beni Mellal,32.3321007,-6.3627348,atm
Poste maroc,Beni Mellal,32.3336665,-6.3594061,atm
Bank of Africa ⵍⴱⴰⵏⴽ ⵏ ⴰⴼⵔⵉⵇⵢⴰ بنك أفريقيا,Beni Mellal,32.3329662,-6.3614419,atm
Attijari wafa bank,Beni Mellal,32.3327634,-6.3620226,atm
BMCI البنك المغربي للتجارة والصناعة,Beni Mellal,32.3314772,-6.3617121,atm
Crédit Agricole du Maroc,Beni Mellal,32.3350712,-6.3649286,atm
Poste Maroc,Beni Mellal,32.3359959,-6.3675732,atm
Wafa Cash,Beni Mellal,32.3361727,-6.3683913,atm
Banque Populaire البنك الشعبي,Beni Mellal,32.3370452,-6.3663904,atm
Fondation Ettawfiq micro finance,Beni Mellal,32.3383256,-6.3678361,atm
Saham Bank سهام بنك,Beni Mellal,32.3354067,-6.3645101,atm
Crédit du Maroc,Beni Mellal,32.334068,-6.3591864,atm
Attijari wafa bank,Beni Mellal,32.3337575,-6.3600412,atm
Agence Hansali,Beni Mellal,32.3335195,-6.3607869,atm
WafaSalaf,Beni Mellal,32.3323088,-6.3633945,atm
WAFA IMEUBILIER,Beni Mellal,32.3331912,-6.3631209,atm
Bank almaghrib,Beni Mellal,32.3290693,-6.3598969,atm
khalid ibn oualid,Casablanca,33.6000497,-7.5450991,pharmacy
pharmacie wifak,Casablanca,33.5598715,-7.6919901,pharmacy
Pharmacie Ahmed,Casablanca,33.5574213,-7.6902715,pharmacy
Dalal,Casablanca,33.5545398,-7.6360392,pharmacy
Pharmacie du conseil,Casablanca,33.5920672,-7.5950193,pharmacy
Pharmacie al Adarissa,Casablanca,33.5111741,-7.6482559,pharmacy
Pharmacie Lahraouine صيدلية الهراويين,Casablanca,33.5606836,-7.5527375,pharmacy
Pharmacie le Théâtre صيدلية المسرح,Casablanca,33.5633186,-7.5543957,pharmacy
Pharmacie des Prêles,Casablanca,33.5778147,-7.6394176,pharmacy
Pharmacie des Stades صيدلية الملاعب,Casablanca,33.5802204,-7.6404866,pharmacy
Pharmacie Moulay Youssef,Casablanca,33.5984096,-7.632475,pharmacy
Pharmacie Tamaârouft,Casablanca,33.599213,-7.6354406,pharmacy
Pharmacie Les Iris صيدلية السوسن,Casablanca,33.5900215,-7.638947,pharmacy
Pharmacie Fath El Khair,Casablanca,33.6145513,-7.4871759,pharmacy
Pharmacie Kawnouka,Casablanca,33.6116931,-7.480976,pharmacy
pharmacie Charles Nicole,Casablanca,33.5740142,-7.6248749,pharmacy
Araucaria اروكاريا,Casablanca,33.57097,-7.660369,pharmacy
Long Champ,Casablanca,33.5727357,-7.6563829,pharmacy
Kenza,Casablanca,33.5718686,-7.6533037,pharmacy
Pharmacie de la sécurité,Casablanca,33.5722341,-7.6226584,pharmacy
Pharmacie Bahmad,Casablanca,33.5946576,-7.586858,pharmacy
Pharmacie Vie,Casablanca,33.5920721,-7.5895331,pharmacy
Pharmacie Sidi Maârouf,Casablanca,33.5136433,-7.6555237,pharmacy
Pharmacie Ad Doha,Casablanca,33.5700253,-7.6363369,pharmacy
Pharmacie Annajd,Casablanca,33.5700455,-7.6346257,pharmacy
Grande Pharmacie Commerciale,Casablanca,33.5956684,-7.6172472,pharmacy
Pharmacie des écoles,Casablanca,33.5944226,-7.6184008,pharmacy
Pharmacie Jamai ⵍⵊⴰⵎⵄⵉ صيدلية الجامعي,Casablanca,33.5582659,-7.6707464,pharmacy
Pharmacie du Lycée,Casablanca,33.5972022,-7.6348484,pharmacy
Pharmacie Marjane Ain Sebaa,Casablanca,33.5962524,-7.5321201,pharmacy
Pharmacie de L´Hopital,Casablanca,33.5829423,-7.6181703,pharmacy
Pharmacie du Progrès,Casablanca,33.5946685,-7.6165845,pharmacy
Pharmacie Derb Nejma صيدلية درب النجمة,Casablanca,33.5746216,-7.6764933,pharmacy
Pharmacie La Bourse,Casablanca,33.5944684,-7.6131681,pharmacy
Mamounia,Casablanca,33.5901779,-7.5930535,pharmacy
Pharmacie Romandie,Casablanca,33.5865126,-7.6481439,pharmacy
Pharmacie Nouvelle,Casablanca,33.5873194,-7.6121157,pharmacy
Pharmacie Ennakhil,Casablanca,33.6159579,-7.484088,pharmacy
Pharmacie de Picardie,Casablanca,33.5889637,-7.6306057,pharmacy
Pharmacie Fourkane صيدلية,Casablanca,33.6163152,-7.5292654,pharmacy
Pharmacie Les Capucines,Casablanca,33.5869115,-7.6366612,pharmacy
Pharmacie Bnou Zohr,Casablanca,33.5683227,-7.6865945,pharmacy
pharmacie imam ali صيدلية الإمام علي,Casablanca,33.6094444,-7.5333588,pharmacy
pharmacie souk elbaldi صيدلية السوق البلدي,Casablanca,33.5473266,-7.5978709,pharmacy
pharmacie d'azhar صيدلية الأزهر,Casablanca,33.5455816,-7.5952095,pharmacy
Pharmacie Bachkou,Casablanca,33.5554062,-7.6294061,pharmacy
Pharmacie Carnot,Casablanca,33.5936301,-7.5831998,pharmacy
Pharmacie Dokkala,Casablanca,33.5596013,-7.5386995,pharmacy
pharmacie tam صيدلية طام,Casablanca,33.5530143,-7.6775632,pharmacy
Pharmacie Fathi,Casablanca,33.576566,-7.539824,pharmacy
pharmacie El Wafaa,Casablanca,33.6089516,-7.5416759,pharmacy
annasim النسيم,Casablanca,33.5409932,-7.6769565,pharmacy
Pharmacy al-Harti صيدلية الحارثي,Casablanca,33.5505403,-7.5693749,pharmacy
Pharmacie du Centre,Casablanca,33.5934396,-7.6003812,pharmacy
Pharmacie Ifni,Casablanca,33.5823599,-7.6019436,pharmacy
Pharmacie La Gironde,Casablanca,33.5838537,-7.599594,pharmacy
Pharmacie Faris,Casablanca,33.5662374,-7.5957853,pharmacy
Pharmacie du Soleil,Casablanca,33.5903669,-7.6040746,pharmacy
Pharmacie El Farah,Casablanca,33.5683103,-7.5845481,pharmacy
Pharmacie Ghazali,Casablanca,33.5657435,-7.5797457,pharmacy
Pharmacie Aman,Casablanca,33.5359704,-7.5770339,pharmacy
Pharmacie Goumri,Casablanca,33.5337089,-7.580665,pharmacy
Pharmacie Chaab,Casablanca,33.5409727,-7.5877997,pharmacy
Pharmacie Khouloud,Casablanca,33.5395648,-7.5869025,pharmacy
Pharmacie Moulay Driss,Casablanca,33.5689517,-7.5868213,pharmacy
Pharmacie des Urgences,Casablanca,33.5370027,-7.5858966,pharmacy
Pharmacie Ain Chifaa,Casablanca,33.5700395,-7.5825861,pharmacy
Pharmacie Assia,Casablanca,33.5704256,-7.5916801,pharmacy
Pharmacie El Farraj,Casablanca,33.5673526,-7.5904222,pharmacy
Pharmacie de Casablanca,Casablanca,33.5749186,-7.5907414,pharmacy
Pharmacie Laafou,Casablanca,33.5753387,-7.5931285,pharmacy
Pharmacie Albahia,Casablanca,33.5744839,-7.5962278,pharmacy
Pharmacie Bouafi,Casablanca,33.5443679,-7.5671098,pharmacy
Pharmacie Skiba,Casablanca,33.5396252,-7.5750652,pharmacy
Parmacie Bouafi,Casablanca,33.5443646,-7.5671084,pharmacy
Pharmacie Ennajah,Casablanca,33.5483839,-7.568998,pharmacy
صيدلية دادي,Casablanca,33.5464671,-7.5721396,pharmacy
Pharmacie Faouz,Casablanca,33.5439153,-7.5765418,pharmacy
Pharmacie Dounia,Casablanca,33.5419122,-7.5725761,pharmacy
Pharmacie Addahab,Casablanca,33.54397,-7.5696833,pharmacy
Pharmacie Dispensaire Jamila 4,Casablanca,33.5466604,-7.5665988,pharmacy
Pharmacie Benmoussa,Casablanca,33.5435352,-7.5805342,pharmacy
Pharmacie Sbata,Casablanca,33.5441768,-7.5730133,pharmacy
Pharmacie Rachid,Casablanca,33.5463631,-7.5694031,pharmacy
Pharmacie Jamila,Casablanca,33.545992,-7.5764371,pharmacy
Pharmacie Marche de Gros,Casablanca,33.548802,-7.5717339,pharmacy
Pharmacie Al Bouchra,Casablanca,33.601196,-7.5855754,pharmacy
Pharmacie Massiwe,Casablanca,33.59964,-7.5891964,pharmacy
Para Pharmacie,Casablanca,33.602561,-7.5822602,pharmacy
Pharmacie El Mansour,Casablanca,33.558094,-7.573944,pharmacy
Pharmcie Sif Eddinne,Casablanca,33.5566724,-7.5877748,pharmacy
Pharmacie du Metro,Casablanca,33.5567138,-7.5911842,pharmacy
Pharmacie Afriquia,Casablanca,33.5548206,-7.5919738,pharmacy
Pharmacie Moulay Slimane,Casablanca,33.6177743,-7.5463294,pharmacy
Pharmacie Zenata,Casablanca,33.6188677,-7.5392269,pharmacy
Pharmacie Du Uban,Casablanca,33.5520812,-7.5815776,pharmacy
Pharmacie Oued Zem,Casablanca,33.5547747,-7.584579,pharmacy
Pharmacie Lesperance,Casablanca,33.6164096,-7.5248878,pharmacy
Pharmacie Moubaraka,Casablanca,33.6154659,-7.5031149,pharmacy
Pharmacie de la Gabe Ain Sebaa,Casablanca,33.6075583,-7.5235748,pharmacy
Pharmacie el Mrami,Casablanca,33.6238082,-7.4856645,pharmacy
Pharmacie Feddan el Kheir,Casablanca,33.6209482,-7.4895899,pharmacy
Pharmacie Ghouziel,Casablanca,33.6109571,-7.5297225,pharmacy
Pharmacie Racha,Casablanca,33.5893928,-7.5262088,pharmacy
Pharmacie Alaa,Casablanca,33.590577,-7.5174178,pharmacy
Pharmacie Espace Santé صيدلية فضاء الصحة,Casablanca,33.6342132,-7.4545723,pharmacy
Pharmacie Ghafiri,Casablanca,33.5607889,-7.6458289,pharmacy
Pharmacie Odyssée صيدلية أوديسي,Casablanca,33.5631274,-7.6477303,pharmacy
Pharmacie Al Ikram صيدلية الإكرام,Casablanca,33.5509759,-7.4774435,pharmacy
Pharmacie Route de Rabat,Casablanca,33.6021656,-7.5243822,pharmacy
Pharmacie Alhadika,Casablanca,33.6036903,-7.533334,pharmacy
Pharmacie Chefchaouni,Casablanca,33.6139704,-7.5241126,pharmacy
Pharmacie Boukdad صيدلية بوقداد,Casablanca,33.5543657,-7.4827959,pharmacy
Pharmacie Semmat,Casablanca,33.5478296,-7.4859166,pharmacy
Pharmacie Tit Mellil صيدلية تيط مليل,Casablanca,33.5522612,-7.4826014,pharmacy
Pharmacie Errahmane,Casablanca,33.5526038,-7.6230601,pharmacy
Pharmacie Machaa Allah,Casablanca,33.5371525,-7.5703479,pharmacy
Pharmacie Al Ahram,Casablanca,33.5367602,-7.5734532,pharmacy
Pharmacie Salim,Casablanca,33.5378244,-7.5671151,pharmacy
Pharmacie Laaziza,Casablanca,33.5360269,-7.5518963,pharmacy
Pharmacie Al Fadila,Casablanca,33.537546,-7.5516106,pharmacy
Pharmacie Salmia,Casablanca,33.5384537,-7.5553362,pharmacy
Pharmacie Tessema,Casablanca,33.5436056,-7.5614248,pharmacy
Pharmacie Essa-Egh,Casablanca,33.5401863,-7.5512499,pharmacy
Pharmacie Ksikes,Casablanca,33.5423068,-7.542302,pharmacy
Parapharamacie Chemsi,Casablanca,33.5667453,-7.5675845,pharmacy
Pharmacie Populaire,Casablanca,33.5856143,-7.6138653,pharmacy
Pharmacie Tawdi,Casablanca,33.5734001,-7.5534868,pharmacy
Pharmacie Essafa,Casablanca,33.569478,-7.5571883,pharmacy
Pharmacie Ibn Zahr,Casablanca,33.5584382,-7.5690745,pharmacy
Pharmacie Lamrissi,Casablanca,33.5623865,-7.5410038,pharmacy
Pharmacie Lamrissi,Casablanca,33.5627486,-7.5397673,pharmacy
Pharmacie Kamareddine,Casablanca,33.5626681,-7.5439918,pharmacy
Pharmacie El Houria,Casablanca,33.5841955,-7.5579688,pharmacy
Pharmacie El AHD El Jadid,Casablanca,33.5814694,-7.5632876,pharmacy
Pharmacie Al Falah,Casablanca,33.5583991,-7.5495037,pharmacy
Pharmacie de Lorraine,Casablanca,33.5876576,-7.6144999,pharmacy
Pharmacie el Hanaa,Casablanca,33.5570658,-7.5818767,pharmacy
Pharmacie Para,Casablanca,33.5576861,-7.5796075,pharmacy
Pharmacie el Othmania,Casablanca,33.5627982,-7.5705381,pharmacy
Pharmacie Calogera,Casablanca,33.5584983,-7.5864208,pharmacy
Pharmacie Mersultan,Casablanca,33.5839923,-7.6155918,pharmacy
Porte Californie,Casablanca,33.5596798,-7.6287738,pharmacy
Para & Pharmacie Merieux,Casablanca,33.5673158,-7.6260406,pharmacy
Pharmacie Abdelmoumen,Casablanca,33.5764002,-7.6259212,pharmacy
Pharmacie Taddart,Casablanca,33.5563383,-7.624332,pharmacy
Para & Pharmacie,Casablanca,33.5873383,-7.6281434,pharmacy
Pharmacie Principale,Casablanca,33.5876567,-7.6174173,pharmacy
Pharmacie Minuit,Casablanca,33.5934804,-7.6201545,pharmacy
Parisienne,Casablanca,33.5897899,-7.6195932,pharmacy
Pharmacie du Parc,Casablanca,33.5872545,-7.6211335,pharmacy
Para & Parapharmacie Oliveri,Casablanca,33.5848798,-7.6240269,pharmacy
Pharmacie Mercure,Casablanca,33.5849916,-7.6210879,pharmacy
Pharmacie de L'opera,Casablanca,33.580465,-7.6331471,pharmacy
Pharmacie du Palmier,Casablanca,33.5825023,-7.6259098,pharmacy
Pharmacie du Louvre,Casablanca,33.5824498,-7.6306697,pharmacy
Pharmacie Hacha,Casablanca,33.5666766,-7.602578,pharmacy
Pharmacie Ghalef,Casablanca,33.5773527,-7.6308055,pharmacy
Droguerie Al Mal,Casablanca,33.5759608,-7.6318585,pharmacy
Pharmacie Kastalani,Casablanca,33.5737722,-7.6077627,pharmacy
Pharmacie Jerrada,Casablanca,33.5627318,-7.6429452,pharmacy
Pharmacie Aloum,Casablanca,33.569402,-7.6285002,pharmacy
Para & Pharmacie Benzit,Casablanca,33.5702345,-7.6283842,pharmacy
Pharmacie Attissir,Casablanca,33.5726269,-7.6290178,pharmacy
Pharmacie Zaouia,Casablanca,33.5765622,-7.6278631,pharmacy
Pharmacie Diamond,Casablanca,33.5755968,-7.6262176,pharmacy
Pharmacie Du Gharb,Casablanca,33.573266,-7.6032552,pharmacy
Pharmacie Hay El Baladia,Casablanca,33.5745119,-7.6053393,pharmacy
Pharmacie Val Fleuri صيدلية ڤال فلوري,Casablanca,33.5750129,-7.6346567,pharmacy
Parapharmacie,Casablanca,33.5783835,-7.6373354,pharmacy
Pharmacie Route El Jadda,Casablanca,33.5730001,-7.641533,pharmacy
Pharmacie Bouabid,Casablanca,33.6116239,-7.5018597,pharmacy
Pharmacie Hay Amal,Casablanca,33.6025766,-7.5115827,pharmacy
Pharmacie Du Maghree Arabe,Casablanca,33.6123063,-7.5072241,pharmacy
Pharmacie Arij,Casablanca,33.5447055,-7.6376867,pharmacy
Pharmacie Fleming,Casablanca,33.5326531,-7.62962,pharmacy
Pharmacie Al Hilal,Casablanca,33.5724508,-7.6375345,pharmacy
Pharmacie L Entente,Casablanca,33.6056126,-7.5144956,pharmacy
Pharmacie Sabrine,Casablanca,33.6071305,-7.5123109,pharmacy
صيدلية طارق,Casablanca,33.6080715,-7.5152714,pharmacy
Pharmacie Ghabab,Casablanca,33.6042666,-7.5235976,pharmacy
Pharmacie du Quartier,Casablanca,33.6062102,-7.5066648,pharmacy
Pharmacie Yafa,Casablanca,33.6121097,-7.4984264,pharmacy
Pharmacie Panoramique,Casablanca,33.5558532,-7.5979806,pharmacy
Pharmacie Hay Rmila,Casablanca,33.5580225,-7.5993432,pharmacy
Pharmacie Mouad,Casablanca,33.5527865,-7.5944549,pharmacy
Pharmacie de la Commune,Casablanca,33.55473,-7.5963593,pharmacy
Parahealth,Casablanca,33.5751784,-7.6370672,pharmacy
Grande Pharmacie de Liebonne,Casablanca,33.5752543,-7.6136027,pharmacy
Pharmacie Des Facultes,Casablanca,33.5721987,-7.6190963,pharmacy
Pharmacie Al Boudour,Casablanca,33.5794447,-7.6173798,pharmacy
Pharmacie Sefrou,Casablanca,33.5438202,-7.5859161,pharmacy
Pharmacie de la Plage,Casablanca,33.6177529,-7.5391068,pharmacy
Pharmacie des Halles,Casablanca,33.5899022,-7.5961058,pharmacy
Pharmacie SoulaÏma,Casablanca,33.5435565,-7.6157114,pharmacy
Pharmacie Jordins Polo,Casablanca,33.5526591,-7.6183212,pharmacy
Para Pharmacie Safir,Casablanca,33.5946835,-7.6086337,pharmacy
Pharmacie Al Irchad,Casablanca,33.5390462,-7.5843832,pharmacy
Pharmacie du Mechouar,Casablanca,33.5858356,-7.6042986,pharmacy
Pharmacie des Dalias,Casablanca,33.5504763,-7.6156577,pharmacy
Pharmacie Californie,Casablanca,33.5499945,-7.6209672,pharmacy
Pharmacie L'Ermitage,Casablanca,33.5659379,-7.6207003,pharmacy
Pharmacie Ibork,Casablanca,33.5629073,-7.6282936,pharmacy
Pharmacie Les Cygnes,Casablanca,33.5596374,-7.6297139,pharmacy
Pharmacie Tontonville,Casablanca,33.5660541,-7.6234536,pharmacy
Pharmacie Anoual,Casablanca,33.5688143,-7.6174629,pharmacy
Pharmacie El Mostakbal,Casablanca,33.5365344,-7.5929314,pharmacy
Pharmacie Al Andalib,Casablanca,33.5324166,-7.5862741,pharmacy
Pharmacie Rania,Casablanca,33.5307571,-7.6120415,pharmacy
Pharmacie Derb Bouchemtouf,Casablanca,33.570016,-7.6073007,pharmacy
Pharmacie Annajat,Casablanca,33.5338504,-7.5979699,pharmacy
Pharmacie TAH,Casablanca,33.5265614,-7.6018001,pharmacy
Pharmacie El Baraka (2),Casablanca,33.5237379,-7.6003417,pharmacy
Pharmacie Chriea,Casablanca,33.5346519,-7.6060447,pharmacy
Parapharmacie,Casablanca,33.5688612,-7.6037226,pharmacy
Pharmacie Lumieres,Casablanca,33.538698,-7.6008727,pharmacy
Pharmacie Val d'Anfa,Casablanca,33.5884615,-7.6432986,pharmacy
Pharmacie L'Olivier,Casablanca,33.5769119,-7.6536874,pharmacy
Pharmacie Pitchou,Casablanca,33.5658508,-7.6071055,pharmacy
Pharmacie Moumen,Casablanca,33.5632246,-7.6070821,pharmacy
Pharmacie El Fida,Casablanca,33.5674957,-7.6059669,pharmacy
Pharmacie Les Sciences,Casablanca,33.545318,-7.6598498,pharmacy
Pharmacie M,Casablanca,33.5576503,-7.6449408,pharmacy
Pharmacie Oulmes,Casablanca,33.572076,-7.6486409,pharmacy
Pharmacie Azerktouni,Casablanca,33.5836391,-7.6128348,pharmacy
Pharmacie Ben J'Dia,Casablanca,33.5852279,-7.6084761,pharmacy
Pharmacie Quincaillerie Khalie,Casablanca,33.5852111,-7.6099433,pharmacy
Pharmacie Lamoriciere,Casablanca,33.5857775,-7.6186109,pharmacy
Pharmacie Hatim,Casablanca,33.5895212,-7.6172255,pharmacy
Grande Pharmacie de Paris,Casablanca,33.595585,-7.6148357,pharmacy
Grand Pharmacie Du Maroc,Casablanca,33.5928275,-7.6070351,pharmacy
Majestic Drugstore,Casablanca,33.5911455,-7.6134483,pharmacy
Pharmacie de la Liberte,Casablanca,33.5918762,-7.6162505,pharmacy
Pharmacie Des Archers,Casablanca,33.591922,-7.6157677,pharmacy
Pharmacie de la Poste,Casablanca,33.5927163,-7.6177713,pharmacy
Parapharmacie Para Bio,Casablanca,33.5858502,-7.6212287,pharmacy
Pharmacie du Maârif,Casablanca,33.5811164,-7.6342629,pharmacy
Pharmacie Lausinne,Casablanca,33.5403126,-7.666436,pharmacy
Pharmacie Nadir,Casablanca,33.5534202,-7.6452908,pharmacy
Pharmacie El Manal,Casablanca,33.5580571,-7.6808555,pharmacy
Pharmacie Nil,Casablanca,33.5563494,-7.683059,pharmacy
Pharmacie El Kawtar,Casablanca,33.5567691,-7.6869334,pharmacy
Pharmacie Yas,Casablanca,33.5331193,-7.702969,pharmacy
Pharmacie Moulay Ahmed,Casablanca,33.5342517,-7.7061743,pharmacy
Pharmacie Zhour,Casablanca,33.5374354,-7.6970668,pharmacy
Pharmacie Loukkos,Casablanca,33.560361,-7.6821242,pharmacy
Pharmacie Dallas,Casablanca,33.5631364,-7.6815261,pharmacy
Pharmacie Lamiz,Casablanca,33.5620535,-7.6781471,pharmacy
Droguerie Generale,Casablanca,33.5610723,-7.671272,pharmacy
Pharmacie Abi Regrag,Casablanca,33.5644315,-7.6785374,pharmacy
Pharmacie Hay El Hassani,Casablanca,33.5662072,-7.6724415,pharmacy
Pharmacie Hind,Casablanca,33.5641846,-7.6707383,pharmacy
Pharmacie Nasri,Casablanca,33.5619808,-7.6723757,pharmacy
Pharmacie Fahd,Casablanca,33.5691115,-7.6733708,pharmacy
Pharmacie Al Warda,Casablanca,33.5726626,-7.6816045,pharmacy
Medecin,Casablanca,33.5656954,-7.6825427,pharmacy
Pharmacie Nadia,Casablanca,33.5305497,-7.6697103,pharmacy
Pharmacie Kasbat Al Amine,Casablanca,33.5335698,-7.6857653,pharmacy
Pharmacie Bnou Zohr,Casablanca,33.5680846,-7.6871111,pharmacy
Pharmacie Rajaa,Casablanca,33.5699306,-7.6829852,pharmacy
Pharmacie Al Hakim,Casablanca,33.5652596,-7.6941405,pharmacy
Pharmacie Asmaa,Casablanca,33.5655691,-7.6910587,pharmacy
Parapharmacie El Kasba,Casablanca,33.5301758,-7.6855588,pharmacy
Pharmacie Azhar Essalam,Casablanca,33.5399102,-7.6918378,pharmacy
Pharmacie Naima,Casablanca,33.5761779,-7.6728277,pharmacy
Avenue Nachi Ouverte,Casablanca,33.5506506,-7.6704325,pharmacy
Pharmacie Tilila,Casablanca,33.5464503,-7.6699108,pharmacy
Pharmacie Hay Essaada,Casablanca,33.5056917,-7.6523946,pharmacy
Pharmacie el Oulfa,Casablanca,33.555504,-7.6768617,pharmacy
Pharmacie Ouadoudy,Casablanca,33.5267716,-7.6615148,pharmacy
Parapharmacie Yathrib,Casablanca,33.5250655,-7.6506257,pharmacy
Pharmacie Salma,Casablanca,33.5602051,-7.6731449,pharmacy
Pharmacie Morsad,Casablanca,33.5156391,-7.6383841,pharmacy
Pharmacie Hay Bouchaa,Casablanca,33.517588,-7.6406653,pharmacy
Pharmacie Lys,Casablanca,33.5507059,-7.6833051,pharmacy
Pharmacie Salah Eddine,Casablanca,33.5535554,-7.6853798,pharmacy
Paramedical,Casablanca,33.5521321,-7.6832957,pharmacy
Parapharmacie 2M Solutions,Casablanca,33.5509133,-7.6835693,pharmacy
Pharmacie ADA,Casablanca,33.5870031,-7.63157,pharmacy
Pharmacie Les Arènes صيدلية الميادين,Casablanca,33.5891514,-7.6350358,pharmacy
Pharmacie Universelle,Casablanca,33.5808158,-7.6346035,pharmacy
Pharmacie Chaabi,Casablanca,33.5817616,-7.6370624,pharmacy
Pharmacie Hyper,Casablanca,33.5858775,-7.6454385,pharmacy
Pharmacie Al Atfal,Casablanca,33.5525166,-7.6896545,pharmacy
Pharmacie Usivera Santi,Casablanca,33.5785377,-7.6428232,pharmacy
Pharmacie Nouzha,Casablanca,33.5540466,-7.6881672,pharmacy
Pharmacie El Lotf,Casablanca,33.5534017,-7.6822872,pharmacy
Pharmacie Al Mawlid,Casablanca,33.5746454,-7.6482694,pharmacy
Pharmacie Ouverte,Casablanca,33.5796684,-7.649923,pharmacy
Droguerie أجزاخانة,Casablanca,33.5477647,-7.6826788,pharmacy
Pharmacie Al Farah Assalam,Casablanca,33.5405021,-7.69531,pharmacy
Droguerie Chabab,Casablanca,33.5471902,-7.6818352,pharmacy
Pharmacie Meryem,Casablanca,33.5841989,-7.6507008,pharmacy
Pharmacie Zayd,Casablanca,33.5345926,-7.7315104,pharmacy
Pharmacie Chifa,Casablanca,33.5367032,-7.729429,pharmacy
Parapharmacie Al Asmae el Housna,Casablanca,33.5347626,-7.7280007,pharmacy
Parapharmacie,Casablanca,33.5821107,-7.6394758,pharmacy
Pharmacie Saad,Casablanca,33.5350308,-7.7266824,pharmacy
Para Sante,Casablanca,33.5376064,-7.7245876,pharmacy
Pharmacie C.I.L,Casablanca,33.5791365,-7.6547147,pharmacy
Pharmacie Socrate,Casablanca,33.5781734,-7.6479355,pharmacy
Pharmacie la Santé,Casablanca,33.5303636,-7.7406339,pharmacy
Pharmacie Haj Fateh,Casablanca,33.5441891,-7.6782431,pharmacy
Sarania Parapharmacie,Casablanca,33.5503131,-7.6888358,pharmacy
Pharmacie de L'orien,Casablanca,33.5702647,-7.6505077,pharmacy
Pharmacie Al Amana,Casablanca,33.5688902,-7.6528841,pharmacy
Pharmacie Al Motahida,Casablanca,33.5482096,-7.6791014,pharmacy
Pharmacie De La Wilaya,Casablanca,33.5507344,-7.6793455,pharmacy
Pharmacie Soufiane,Casablanca,33.5493334,-7.6813611,pharmacy
Pharmacie Annasr,Casablanca,33.546723,-7.6759699,pharmacy
Pharmacie Al Miza,Casablanca,33.5434693,-7.6720244,pharmacy
Pharmacie Dar Assalam,Casablanca,33.5474138,-7.6729028,pharmacy
Pharamcie Er-Rayane,Casablanca,33.5308504,-7.6511461,pharmacy
Pharmacie El Ouazzani,Casablanca,33.5278079,-7.6514438,pharmacy
Pharmacie Mandarona,Casablanca,33.5314513,-7.6483177,pharmacy
Pharmacie Rabii Al Moustakbal,Casablanca,33.5306861,-7.645437,pharmacy
Pharmacie Tassnime,Casablanca,33.5279265,-7.6458621,pharmacy
Pharmacie Saber,Casablanca,33.5336413,-7.6483807,pharmacy
Ahmed Ali,Casablanca,33.5390394,-7.6491002,pharmacy
Pharamacie Florida,Casablanca,33.5377271,-7.6442018,pharmacy
Pharmacie Les Bureaux,Casablanca,33.5399829,-7.6444271,pharmacy
Pharmacie Yacoub El Mansour,Casablanca,33.5753644,-7.6416698,pharmacy
Pharmacie Narjis,Casablanca,33.5734403,-7.6449046,pharmacy
Pharmacie Sahel,Casablanca,33.5709251,-7.6913604,pharmacy
Pharmacie Saad El Kheir,Casablanca,33.5650261,-7.6829262,pharmacy
Pharmacie Lixus,Casablanca,33.5508261,-7.7057344,pharmacy
Pharmacie du Jura صيدلية جورا,Casablanca,33.5838594,-7.6373593,pharmacy
صيدلية الأزهر 2,Casablanca,33.5534606,-7.7047014,pharmacy
Pharmacie Lina,Casablanca,33.5193641,-7.6448467,pharmacy
Pharmacie Oum El Kheir,Casablanca,33.5216085,-7.6432172,pharmacy
صيدلية لاجيروند,Casablanca,33.5838442,-7.599537,pharmacy
Pharmacie hay el fath 2 arrahma,Casablanca,33.5314403,-7.7181929,pharmacy
صيدلية حي النصر 2,Casablanca,33.5341105,-7.5570706,pharmacy
Pharmacie Youssef صيدلية يوسف,Casablanca,33.5424012,-7.479469,pharmacy
Pharmacie Hay Alia صيدلية حي علياء,Casablanca,33.5445419,-7.4870704,pharmacy
Pharmacie Le Jasmin صيدلية الياسمين,Casablanca,33.5450802,-7.4822458,pharmacy
Pharmacie Bouchama صيدلية بوشامة,Casablanca,33.5488153,-7.4817686,pharmacy
Pharmacie Alliance صيدلية أليانس,Casablanca,33.549637,-7.4872239,pharmacy
Pharmacie Bakri صيدلية بكري,Casablanca,33.5500583,-7.4837862,pharmacy
Pharmacie Zine Essalam صيدلية زين السلام,Casablanca,33.5528826,-7.4751169,pharmacy
Pharmacie Jnane Essafia صيدلية جنان الصافية,Casablanca,33.5560088,-7.4724584,pharmacy
Pharmacie Messaoudi صيدلية المسعودي,Casablanca,33.5447985,-7.4653683,pharmacy
Pharmacie La Permanence صيدلية الدوام,Casablanca,33.5480164,-7.4570364,pharmacy
Pharmacie Souk Sebt صيدلية سوق السبت,Casablanca,33.5549773,-7.4802272,pharmacy
Pharmacie Shems El Madina صيدلية شمس المدينة,Casablanca,33.5515188,-7.4639495,pharmacy
Pharmacie Sami صيدلية سامي,Casablanca,33.5621879,-7.4846857,pharmacy
Pharmacie Zenata صيدلية زناتة,Casablanca,33.6339426,-7.4500004,pharmacy
Pharmacie Siècle صيدلية القرن,Casablanca,33.6332131,-7.4581042,pharmacy
Pharmacie El Ezz صيدلية العز,Casablanca,33.6317087,-7.4563667,pharmacy
Pharmacie Zahra صيدلية زهرة,Casablanca,33.6362342,-7.4505974,pharmacy
Pharmacie Aït Taleb صيدلية أيت الطالب,Casablanca,33.6362382,-7.4531351,pharmacy
Pharmacie Zaynab صيدلية زينب,Casablanca,33.6372947,-7.4601645,pharmacy
Pharmacie Ain Harrouda صيدلية عين حرودة,Casablanca,33.6405941,-7.4509547,pharmacy
Pharmacie Rim صيدلية ريم,Casablanca,33.638872,-7.4525694,pharmacy
Pharmacie Moustaid صيدلية مستعيد,Casablanca,33.6389782,-7.4551621,pharmacy
Pharmacie Km 15 صيدلية كلم,Casablanca,33.6330076,-7.4705889,pharmacy
Pharmacie Gaila صيدلية كايلة,Casablanca,33.4828641,-7.6555344,pharmacy
Pharmacie La Ville Verte صيدلية المدينة الخضراء,Casablanca,33.493491,-7.6026241,pharmacy
Pharmacie Al Joud صيدلية الجود,Casablanca,33.4855909,-7.6727376,pharmacy
c3000548,Casablanca,33.4812004,-7.6667034,pharmacy
Pharmacie El Mzabyine صيدلية المزابيين,Casablanca,33.5146151,-7.5904222,pharmacy
Pharmacie Laymoune,Casablanca,33.5445452,-7.6645793,pharmacy
Para & Pharmacie Vélodrome,Casablanca,33.5914391,-7.6409462,pharmacy
Pharmacie Taha Houssine,Casablanca,33.5632216,-7.5910097,pharmacy
Parapharmacie Ibn Rochd,Casablanca,33.5808565,-7.6224722,pharmacy
Pharmacie Morizgo صيدلية موريزڭو,Casablanca,33.5787665,-7.6214335,pharmacy
Pharmacie Les Lilas صيدلية ليلج,Casablanca,33.5791919,-7.6240387,pharmacy
Pharmacie Jawad,Casablanca,33.5712168,-7.5594241,pharmacy
Pharmacie & Parapharmacie Centrale de Bouskoura,Casablanca,33.4929542,-7.6488068,pharmacy
صيدلية التوحيد,Casablanca,33.5709384,-7.5512541,pharmacy
Pharmacie Lina,Casablanca,33.5791635,-7.6032787,pharmacy
Pharmacie Moncef,Casablanca,33.6085175,-7.536803,pharmacy
Para & Pharmacie Ziraoui صيدلية الزيراوي,Casablanca,33.5955386,-7.6325736,pharmacy
pharmacie anbar,Casablanca,33.5617131,-7.5987122,pharmacy
Pharmacie Nisrine,Casablanca,33.5664666,-7.572924,pharmacy
Pharmacy des generation,Casablanca,33.5960236,-7.6278348,pharmacy
Pharmacy assim,Casablanca,33.5749092,-7.6026912,pharmacy
FHARMACIE DERB TOLBA,Casablanca,33.5708542,-7.5975232,pharmacy
Pharmacy mdiouna,Casablanca,33.5691338,-7.5958052,pharmacy
Para Godza,Casablanca,33.5701332,-7.6016622,pharmacy
Pharmacy Al Hoda,Casablanca,33.5705185,-7.609777,pharmacy
Pharmacy & Para Chawi,Casablanca,33.5718536,-7.598381,pharmacy
Pharmacy 15 Ramadan,Casablanca,33.5870056,-7.6080818,pharmacy
Pharmacie wato صيدلية واطو,Casablanca,33.5745662,-7.6303973,pharmacy
Pharmacie Kheops,Casablanca,33.5886829,-7.6383703,pharmacy
Pharmacie du Complexe Sportif,Casablanca,33.5795302,-7.6496175,pharmacy
Pharmacie des Champions - صيدلية الأبطال,Casablanca,33.5816075,-7.6436672,pharmacy
Pharmacie El Masjd El Habib,Casablanca,33.5361868,-7.693273,pharmacy
Pharmacie woroud saada,Casablanca,33.5341553,-7.6903995,pharmacy
Pharmacie du Phare,Casablanca,33.5932456,-7.6432234,pharmacy
Pharmacie Danton,Casablanca,33.5803173,-7.6375599,pharmacy
Pharmacie Dune d'Anfa,Casablanca,33.5917909,-7.6544565,pharmacy
Pharmacie Ain Sebaa صيدلية عين السبع,Casablanca,33.6061517,-7.539421,pharmacy
Pharmacie Cinem Anfa,Casablanca,33.5743409,-7.6710815,pharmacy
Pharmacie & Para Care Oasis,Casablanca,33.5550878,-7.6318495,pharmacy
Pharmacie Aymane,Casablanca,33.5745137,-7.6368484,pharmacy
Pharmacie Al Ourjouane صيدلية الأرجوان,Casablanca,33.5670034,-7.6530453,pharmacy
Pharmacie de l'Oasis,Casablanca,33.5564078,-7.6340383,pharmacy
Pharmacie fatma,Casablanca,33.5539146,-7.6745104,pharmacy
pharmacie lysere,Casablanca,33.5579434,-7.6215994,pharmacy
Pharmaice Al Amne,Casablanca,33.5561984,-7.6173977,pharmacy
al joulane,Casablanca,33.5461206,-7.5641194,pharmacy
Pharmacie Bab Taddart,Casablanca,33.5597518,-7.6263099,pharmacy
Al-Amal,Casablanca,33.5845373,-7.562482,pharmacy
Parapharmacie,Casablanca,33.6042897,-7.5297001,pharmacy
Pharmacie Central,Casablanca,33.5923667,-7.6091624,pharmacy
Place Ahmed Mekouar,Casablanca,33.612772,-7.5317453,pharmacy
Pharmacie Choura,Casablanca,33.595657,-7.5610861,pharmacy
Traumedic,Casablanca,33.557548,-7.6104928,pharmacy
Pharmacie Ghziwat,Casablanca,33.5420687,-7.6345011,pharmacy
Pharmacie Menara,Casablanca,33.5683974,-7.6098351,pharmacy
Para & Pharmacie,Casablanca,33.529637,-7.5966943,pharmacy
Pharmacie l'Hôpital Militaire صيدلية المستشفى العسكري,Rabat,33.9639919,-6.8701924,pharmacy
Pharmacie Misk صيدلية مسك,Rabat,33.9632595,-6.8729779,pharmacy
Pharmacie Ryad صيدلية الرياض,Rabat,33.9622649,-6.87713,pharmacy
Pharmacie Ibn Sina صيدلية ابن سينا,Rabat,33.9962816,-6.8481761,pharmacy
Pharmacie Moderne الصيدلية العصرية,Rabat,34.0002024,-6.8468272,pharmacy
Pharmacie Marjane Hay Ryad صيدلية مرجان حي الرياض,Rabat,33.9538628,-6.8525408,pharmacy
Pharmacie Benyahya صيدلية بنيحيى,Rabat,34.0059473,-6.856221,pharmacy
Pharmacie Kounouz,Rabat,33.9630866,-6.8666198,pharmacy
Pharmacie et Laboratoire Zitoune صيدلية و مختبر الزيتون,Rabat,33.962087,-6.8636699,pharmacy
Pharmacie El Fath,Rabat,34.0480173,-6.7970992,pharmacy
Pharmacie des Écoles صيدلية المدارس,Rabat,33.9651542,-6.8668657,pharmacy
Pharmacie Centre Chèques Postaux صيدلية مركز الشيكات البريدية,Rabat,34.0209889,-6.8267416,pharmacy
Pharmacie Chellah صيدلية شالة,Rabat,34.0217171,-6.8312237,pharmacy
Pharmacie du Théatre صيدلية المسرح,Rabat,34.0195429,-6.8310709,pharmacy
Pharmacie de la Tour Hassan صيدلية صومعة حسان,Rabat,34.0178583,-6.8290641,pharmacy
mohammed V,Rabat,34.0489348,-6.7994052,pharmacy
La Grande Pharmacie الصيدلية الكبرى,Rabat,34.0163793,-6.8319284,pharmacy
Pharmacie Gharbia صيدلية الغربية,Rabat,34.0273181,-6.8455781,pharmacy
Pharmacie Ibn Hajar صيدلية إبن حجر,Rabat,34.0085482,-6.8511786,pharmacy
Pharmacie El Irfane صيدلية العرفان,Rabat,33.9818509,-6.864547,pharmacy
Pharmacie des Oudayas صيدلية الأوداية,Rabat,34.029522,-6.8358024,pharmacy
Pharmacie Assanaoubar صيدلية الصنوبر,Rabat,33.957923,-6.8794404,pharmacy
Pharmacie Borj صيدلية البرج,Rabat,33.9475044,-6.8736322,pharmacy
Pharmacie les Arcades صيدلية أركاد,Rabat,34.0125082,-6.8425147,pharmacy
Pharmacie de la Capitale صيدلية العاصمة,Rabat,34.0141694,-6.8313865,pharmacy
Pharmacie Rhaouti صيدلية غوتي,Rabat,33.976008,-6.8699708,pharmacy
Pharmacie Descartes صيدلية ديكارت,Rabat,33.9914532,-6.8467235,pharmacy
Pharmacie Al Faraj صيدلية الفرج,Rabat,34.0107326,-6.8564975,pharmacy
Pharmacie Ben Omar صيدلية بن عمر,Rabat,34.0154509,-6.8271485,pharmacy
Pharmacie Guedira صيدلية عبد الحكيم اكديرة,Rabat,34.0215779,-6.8363628,pharmacy
Pharmacie la Renaissance صيدلية النهضة,Rabat,34.0203254,-6.8372771,pharmacy
Pharmacie Al Alfiya صيدلية الألفية,Rabat,33.993394,-6.8478351,pharmacy
Pharmacie Ibn Khattab صيدلية بن خطاب,Rabat,34.0023082,-6.8459085,pharmacy
Pharmacie des Facultés صيدلية الكليات,Rabat,33.9994604,-6.8445409,pharmacy
Pharmacie des Nations Unies صيدلية الأمم المتحدة,Rabat,33.9956587,-6.8455968,pharmacy
Pharmacie l'Oasis صيدلية الواحة,Rabat,34.0101104,-6.8436866,pharmacy
Pharmacie Alam صيدلية علام,Rabat,34.0082884,-6.8445817,pharmacy
Pharmacie Dounia Soleil صيدلية دنيا الشمس,Rabat,34.0246476,-6.829974,pharmacy
Pharmacie de la Résistance صيدلية المقاومة,Rabat,34.0229167,-6.8462022,pharmacy
Pharmacie Safiya صيدلية الصافية,Rabat,33.9552146,-6.8656761,pharmacy
Pharmacie Amyris صيدلية أمرس,Rabat,33.966459,-6.8689394,pharmacy
Pharmacie Al Minbat صيدلية المنبت,Rabat,33.9786059,-6.8368404,pharmacy
Fleming,Rabat,33.947977,-6.8289978,pharmacy
Pharmacie des Zaers صيدلية زعير,Rabat,33.9820186,-6.8288893,pharmacy
Pharmacie Talha صيدلية طلحة,Rabat,33.952492,-6.829435,pharmacy
Pharmacie la Pinède صيدلية الصنوبر,Rabat,33.9854203,-6.828252,pharmacy
Pharmacie des Ministères d'Agdal صيدلية وزارات أكدال,Rabat,33.99536,-6.8556405,pharmacy
Pharmacie Ibn Tofail صيدلية ابن طفيل,Rabat,33.993735,-6.8720219,pharmacy
Pharmacie Essalam صيدلية السلام,Rabat,33.9985411,-6.8699254,pharmacy
Ya.Sin,Rabat,33.9725938,-6.8201801,pharmacy
Pharmacie C.H.U صيدلية المستشفى الجامعي,Rabat,33.9877718,-6.8530394,pharmacy
Pharmacie L'Étoile صيدلية النجمة,Rabat,33.9900489,-6.8541423,pharmacy
Pharmacie Oqba صيدلية عقبة,Rabat,34.0031697,-6.8496954,pharmacy
Pharmacie et Laboratoire Les Almohades صيدلية و مختبر الموحدين,Rabat,34.0206772,-6.8243041,pharmacy
Pharmacie l'Officine Moderne صيدلية المستوصف الحديث,Rabat,34.0174608,-6.8258189,pharmacy
Pharmacie Michlifen صيدلية مشليفن,Rabat,33.9946256,-6.8505065,pharmacy
Pharmacie des Cliniques صيدلية المصحات,Rabat,34.0210339,-6.8213996,pharmacy
Pharmacie de la Marne صيدلية مارل,Rabat,34.0140629,-6.8290191,pharmacy
Pharmacie Ibn El Haytam صيدلية ابن الهيثم,Rabat,34.0170042,-6.8531909,pharmacy
Pharmacie Aya صيدلية اًية,Rabat,34.0166735,-6.8567883,pharmacy
Pharmacie Maghrebine الصيدلية المغاربية,Rabat,34.0221318,-6.8497586,pharmacy
Pharmacie Cherqi صيدلية الشرقي,Rabat,34.0286307,-6.8387859,pharmacy
Pharmacie de la Côte صيدلية الشاطئ,Rabat,33.9906974,-6.8765319,pharmacy
Pharmacie Sayegh صيدلية الصايغ,Rabat,33.9904097,-6.882226,pharmacy
Pharmacie Zahra صيدلية زهرة,Rabat,34.0174629,-6.8350178,pharmacy
Pharmacie Al Boustane صيدلية البستان,Rabat,33.9803551,-6.8883849,pharmacy
Pharmacie la Vitalité صيدلية الحيوية,Rabat,33.9569468,-6.8595193,pharmacy
Pharmacie Attannoub صيدلية التنوب,Rabat,33.9568429,-6.8547399,pharmacy
Pharmacie Bab Marrakech صيدلية باب مراكش,Rabat,34.0074394,-6.8481517,pharmacy
La grande Pharmacie de Salé,Rabat,34.0356505,-6.823897,pharmacy
Pharmacie de l'Union,Rabat,34.0366326,-6.8239893,pharmacy
Pharmacie Ryad Sale,Rabat,34.0357828,-6.8209248,pharmacy
Pharmacie Fennich,Rabat,34.0412544,-6.8283229,pharmacy
Pharmacie Al Wifak صيدلية الوفاق,Rabat,34.0012208,-6.8512268,pharmacy
Pharmacie Al Maghrib Al Arabi صيدلية المغرب العربي,Rabat,34.0195343,-6.8464862,pharmacy
Pharmacie Fellat صيدلية فلات,Rabat,34.0195444,-6.8499448,pharmacy
Pharmacie Choukro Allah صيدلية شكر الله,Rabat,33.9877056,-6.8732178,pharmacy
Pharmacie Al Bouchra صيدلية البشرى,Rabat,33.9791681,-6.8794588,pharmacy
Pharmacie Mazhar صيدلية المزار,Rabat,33.9753505,-6.882405,pharmacy
Pharmacie Al Andalous صيدلية الأندلس,Rabat,33.9884197,-6.827869,pharmacy
Pharmacie du Mausolée صيدلية الضريح,Rabat,34.0237902,-6.8253315,pharmacy
Pharmacie Ziady صيدلية الزيادي,Rabat,33.9966312,-6.8710228,pharmacy
Pharmacie Jnane Souissi صيدلية جنان السويسي,Rabat,33.9487807,-6.8433871,pharmacy
Pharmacie El Ismaili صيدلية الإسماعلي,Rabat,34.0450322,-6.7980612,pharmacy
Pharmacie Ibn Zohr صيدلية ابن زهر,Rabat,33.9915637,-6.8681016,pharmacy
Pharmacie Bouchra Al Oum صيدلية بشرى الأم,Rabat,33.9840482,-6.8885078,pharmacy
Pharmacie Amwaj صيدلية أمواج,Rabat,33.9800111,-6.8914063,pharmacy
Pharmacie Al Kawthar صيدلية الكوثر,Rabat,33.981253,-6.8786686,pharmacy
Pharmacie des Résidences صيدلية الإقامات,Rabat,33.973653,-6.8985156,pharmacy
Pharmacie Idéale صيدلية إديال,Rabat,33.9752975,-6.8925723,pharmacy
Pharmacie Attaissir صيدلية التيسير,Rabat,33.9781106,-6.8914703,pharmacy
Pharmacie Sofia صيدلية صوفيا,Rabat,33.9709498,-6.894417,pharmacy
Pharmacie El Menzeh صيدلية المنزه,Rabat,33.9754894,-6.8892613,pharmacy
Pharmacie Al Amane صيدلية الأمان,Rabat,33.9732709,-6.8874319,pharmacy
Pharmacie Marassa صيدلية المرسى,Rabat,34.0251367,-6.8416741,pharmacy
Pharmacie Al Amana صيدلية الأمانة,Rabat,34.0127439,-6.8488091,pharmacy
Pharmacie Diour Jamaâ صيدلية ديور الجامع,Rabat,34.0166694,-6.8465681,pharmacy
Pharmacie Belmahi صيدلية بن الماحي,Rabat,34.0162248,-6.8497592,pharmacy
Pharmacie du Minaret صيدلية المنارة,Rabat,34.0140137,-6.8480362,pharmacy
Pharmacie El Amine صيدلية الأمين,Rabat,34.0173385,-6.8447823,pharmacy
Pharmacie La Corniche صيدلية الكرنيش,Rabat,34.0258963,-6.8485412,pharmacy
Pharmacie de l'Océan صيدلية المحيط,Rabat,34.0251959,-6.8464955,pharmacy
Pharmacie Assounah صيدلية السنة,Rabat,34.011256,-6.8290584,pharmacy
Pharmacie Rania صيدلية رانيا,Rabat,33.9522471,-6.873729,pharmacy
Pharmacie les Colonnes صيدلية ليكولون,Rabat,34.0132496,-6.822307,pharmacy
Pharmacie Riad Al Otor صيدلية رياض الأطر,Rabat,33.9512032,-6.8570328,pharmacy
Pharmacie Moulay Youssef صيدلية مولاي يوسف,Rabat,34.0066587,-6.8631591,pharmacy
Pharmacie Ziniber,Rabat,34.0409161,-6.8126875,pharmacy
Pharmacie Du Croissant صيدلية الهلال,Rabat,34.0105454,-6.8595631,pharmacy
Pharmacie Badr صيدلية بدر,Rabat,34.003911,-6.8515426,pharmacy
Pharmacie de l'Agdal صيدلية أكدال,Rabat,33.9887734,-6.848024,pharmacy
Pharmacie Bab Sebta,Rabat,34.0428986,-6.819845,pharmacy
Pharmacie Lahkim,Rabat,34.0471208,-6.8239568,pharmacy
Pharmacie al Osra,Rabat,34.0482115,-6.8208495,pharmacy
Pharmacie L'Opera,Rabat,34.0458079,-6.8098189,pharmacy
Pharmacie Rizk,Rabat,34.0479125,-6.8079038,pharmacy
Pharmacie Dar Essalam صيدلية دار السلام,Rabat,33.9792107,-6.8171898,pharmacy
Dar Dmana,Rabat,34.0281209,-6.8008932,pharmacy
Pharmacie du Haut Souissi صيدلية السويسي العالي,Rabat,33.9376309,-6.8141721,pharmacy
Pharmacie L'Enfant صيدلية الطفل,Rabat,33.9813791,-6.810289,pharmacy
Pharmacie du Golf صيدلية الكولف,Rabat,33.940854,-6.8197973,pharmacy
Pharmacie Essania,Rabat,34.0474325,-6.8129303,pharmacy
Pharmacie Et Laboratoire al Hayat,Rabat,34.0428108,-6.7909214,pharmacy
Pharmacie Volubilis,Rabat,34.0410484,-6.7798573,pharmacy
Pharmacie El Ouedgi,Rabat,34.0443499,-6.7788471,pharmacy
Pharmacie Ikram,Rabat,34.0445566,-6.7825127,pharmacy
Pharmacie Safir,Rabat,34.0407105,-6.7843419,pharmacy
Pharmacie Lazrak,Rabat,34.0465707,-6.7806908,pharmacy
Pharmacie Al Houda صيدلية الهدى,Rabat,33.9897329,-6.8107592,pharmacy
Pharmacie l'Olivier صيدلية الزيتونة,Rabat,33.9405327,-6.8930863,pharmacy
Pharmacie Mecca صيدلية مكة,Rabat,33.9443673,-6.8692589,pharmacy
Pharmacie Mesk Ellil صيدلية مسك الليل,Rabat,33.9474695,-6.8607684,pharmacy
Pharmacie des Orangers صيدلية الليمون,Rabat,34.0198347,-6.8425075,pharmacy
Pharmacie Bon Secours صيدلية العناية,Rabat,34.0202562,-6.8433934,pharmacy
Pharmacie Al Wafae صيدلية الوفاء,Rabat,34.0239456,-6.7567668,pharmacy
Pharmacie du Soleil صيدلية شمس,Rabat,34.025103,-6.7524119,pharmacy
Pharmacie Rochdi صيدلية رشدي,Rabat,33.9217184,-6.8854504,pharmacy
Pharmacie Assalam صيدلية السلام,Rabat,33.9146273,-6.8889785,pharmacy
Pharmacie Al Kawthar صيدلية الكوثر,Rabat,33.9157845,-6.8867194,pharmacy
Pharmacie Al Maarif صيدلية المعارف,Rabat,33.9170967,-6.8904975,pharmacy
Pharmacie Al Ghait صيدلية الغيث,Rabat,33.9192774,-6.8874284,pharmacy
Pharmacie la Santé صيدلية الصحة,Rabat,33.928809,-6.8909732,pharmacy
Pharmacie Ennassim صيدلية النسيم,Rabat,33.9262605,-6.8865728,pharmacy
Pharmacie de la Famille صيدلية العائلة,Rabat,33.9264648,-6.893479,pharmacy
Pharmacie Naimi صيدلية النعيمي,Rabat,33.9262586,-6.8900068,pharmacy
Pharmacie Fatine صيدلية فاتن,Rabat,33.9242032,-6.8919994,pharmacy
Pharmacie Al Hay صيدلية الحي,Rabat,33.9228441,-6.897484,pharmacy
Pharmacie Badr صيدلية بدر,Rabat,33.9228264,-6.8950291,pharmacy
Pharmacie Al Maghrib Al Arabi صيدلية المغرب العربي,Rabat,33.9198499,-6.8966467,pharmacy
Pharmacie de la Victoire صيدلية النصر,Rabat,33.921263,-6.8932382,pharmacy
Pharmacie l'Espoir صيدلية الأمل,Rabat,33.9216662,-6.8897352,pharmacy
Pharmacie Al Yassmine صيدلية الياسمين,Rabat,33.9201295,-6.8913652,pharmacy
Pharmacie El Mostaocef صيدلية المستوصف,Rabat,33.9177626,-6.8940202,pharmacy
Pharmacie Soundous صيدلية سندس,Rabat,33.9371878,-6.8849284,pharmacy
Pharmacie Narjis صيدلية النرجس,Rabat,33.9405698,-6.8844553,pharmacy
Pharmacie Al Mamoune صيدلية المامون,Rabat,33.9427007,-6.8834139,pharmacy
Pharmacie Erraha صيدلية الراحة,Rabat,33.9423669,-6.8862505,pharmacy
Pharmacie Azur صيدلية أزور,Rabat,33.9364125,-6.8876555,pharmacy
Pharmacie Rim صيدلية ريم,Rabat,33.9403017,-6.8877409,pharmacy
Pharmacie El Guich صيدلية الكيش,Rabat,33.9389333,-6.8866628,pharmacy
Pharmacie des Cités صيدلية الإقامات,Rabat,33.9371887,-6.8933101,pharmacy
Pharmacie Al Anouar صيدلية الأنوار,Rabat,33.9390192,-6.8911083,pharmacy
Pharmacie Granada صيدلية غرناطة,Rabat,33.9386033,-6.8951207,pharmacy
Pharmacie la Source صيدلية المنبع,Rabat,33.9344817,-6.8919746,pharmacy
Pharmacie Al Masjid صيدلية المسجد,Rabat,33.9416153,-6.8975602,pharmacy
Pharmacie Al Mouhafada صيدلية المحافظة,Rabat,33.9334471,-6.8948429,pharmacy
Pharmacie Al Farabi صيدلية الفرابي,Rabat,33.9366248,-6.8982848,pharmacy
Pharmacie Moulay Idriss صيدلية مولاي إدريس,Rabat,33.9327124,-6.8980801,pharmacy
Pharmacie Bahia صيدلية باهية,Rabat,33.9300581,-6.8992114,pharmacy
Pharmacie Jardins des Oudaya صيدلية حدائق الوداية,Rabat,33.9393475,-6.8991335,pharmacy
Pharmacie El Massira صيدلية المسيرة,Rabat,33.9286568,-6.8957097,pharmacy
Pharmacie Al Ihssan صيدلية الإحسان,Rabat,33.9303761,-6.8932609,pharmacy
Pharmacie Al Fajr صيدلية الفجر,Rabat,33.927296,-6.8967799,pharmacy
Pharmacie Leila صيدلية ليلى,Rabat,33.9254898,-6.8994468,pharmacy
Pharmacie Carré Santé Beauté صيدلية الجمال و الصحة,Rabat,33.9604086,-6.8558563,pharmacy
Pharmacie Ibn Toumerte صيدلية ابن تومرت,Rabat,34.0161602,-6.8391178,pharmacy
Pharmacie Ryad Andalous صيدلية رياض الأندلس,Rabat,33.9570777,-6.8831228,pharmacy
Pharmacie Al Baraka صيدلية البركة,Rabat,33.9888007,-6.8239329,pharmacy
Pharmacie Al Mountazah صيدلية المنتزه,Rabat,33.9686741,-6.8978006,pharmacy
Pharmacie Yacoub El Mansour صيدلية يعقوب المنصور,Rabat,33.9725882,-6.8836256,pharmacy
Pharmacie l'Avenir صيدلية المستقبل,Rabat,33.9712315,-6.8859781,pharmacy
Pharmacie Al Bahja صيدلية البهجة,Rabat,33.9685567,-6.8884884,pharmacy
Pharmacie Kasry صيدلية قصري,Rabat,33.9687435,-6.893351,pharmacy
Pharmacie Al Hikma صيدلية الحكمة,Rabat,33.9707695,-6.8909279,pharmacy
Pharmacie Al Massira صيدلية المسيرة,Rabat,33.9733091,-6.8912277,pharmacy
Pharmacie Attine صيدلية التين,Rabat,33.9772954,-6.8893143,pharmacy
Pharmacie Al Khawarizmi صيدلية الخوارزمي,Rabat,33.9731035,-6.8945642,pharmacy
Pharmacie Lotus صيدلية لوتس,Rabat,33.9794101,-6.8954273,pharmacy
Pharmacie Al Azhar صيدلية الأزهر,Rabat,33.973203,-6.897132,pharmacy
Pharmacie El Mouna صيدلية المنى,Rabat,33.9869334,-6.8875054,pharmacy
Pharmacie Al Hamd صيدلية الحمد,Rabat,33.9896223,-6.874472,pharmacy
Pharmacie Al Amal صيدلية الأمل,Rabat,33.9871927,-6.8756888,pharmacy
Pharmacie Al Kifah صيدلية الكفاح,Rabat,33.9906675,-6.8716954,pharmacy
Pharmacie Chbanat صيدلية الشبانات,Rabat,33.982118,-6.8913054,pharmacy
Pharmacie Abi Hourayra صيدلية أبي هريرة,Rabat,33.9882321,-6.8824171,pharmacy
Pharmacie Bouitat صيدلية البويتات,Rabat,33.9865506,-6.8795935,pharmacy
Pharmacie Ennaim صيدلية النعيم,Rabat,33.988957,-6.8781018,pharmacy
Pharmacie Ar-Rahman صيدلية الرحمان,Rabat,33.9861083,-6.8822802,pharmacy
Pharmacie El Kouass صيدلية القواس,Rabat,33.9824049,-6.8809576,pharmacy
Pharmacie El Mansour صيدلية المنصور,Rabat,33.9812502,-6.8845478,pharmacy
Pharmacie Ibn Baytar صيدلية بن البيطار,Rabat,33.9836714,-6.8792088,pharmacy
Pharmacie Tarik صيدلية طارق,Rabat,33.9781948,-6.8854167,pharmacy
Pharmacie Al Majd صيدلية المجد,Rabat,33.9834241,-6.876612,pharmacy
Pharmacie Bekkari صيدلية البكاري,Rabat,33.9783383,-6.8825148,pharmacy
Pharmacie Assabah صيدلية الصباح,Rabat,33.9925619,-6.8817746,pharmacy
Pharmacie Hay Al Kora صيدلية حي الكورة,Rabat,33.9962381,-6.8780082,pharmacy
Pharmacie Ibn Rochd صيدلية ابن رشد,Rabat,34.0040184,-6.865602,pharmacy
Pharmacie Nadia صيدلية نادية,Rabat,34.0013575,-6.8710003,pharmacy
Pharmacie Al Masjid صيدلية المسجد,Rabat,34.0025588,-6.8692028,pharmacy
Pharmacie Marché de Gros صيدلية سوق الجملة,Rabat,34.0042521,-6.8688539,pharmacy
Pharmacie El Atlas صيدلية الأطلس,Rabat,33.9988325,-6.8729038,pharmacy
Pharmacie Al Khair صيدلية الخير,Rabat,33.9961903,-6.8751656,pharmacy
Pharmacie Hay Bouhlal صيدلية حي بوهلال,Rabat,33.9938882,-6.8773241,pharmacy
Pharmacie Nahim صيدلية نهيم,Rabat,33.9945332,-6.8697116,pharmacy
Pharmacie Bin El Ouidane,Rabat,34.0066391,-6.8508352,pharmacy
Pharmacie de Rabat,Rabat,34.0184271,-6.8457835,pharmacy
صيدلية النزهة,Rabat,33.9566815,-6.8171845,pharmacy
صيدلية الحساني,Rabat,34.0148984,-6.7651773,pharmacy
Pharmacie Ennasr,Rabat,34.0126624,-6.7648397,pharmacy
Mutawakkil Pharmacy,Rabat,34.0168961,-6.7677242,pharmacy
Pharmacie Printemps,Rabat,34.0178129,-6.7652398,pharmacy
El yassmine,Rabat,33.9889539,-6.8143609,pharmacy
Pasteur,Rabat,34.0481748,-6.8006116,pharmacy
صيدلية الرياض,Rabat,34.0438361,-6.804304,pharmacy
AL MASBAH,Rabat,33.9862189,-6.8876238,pharmacy
Pharmacie 16 Novembre,Rabat,33.991146,-6.8489787,pharmacy
Pharmacie ANZI,Rabat,34.0031796,-6.8585763,pharmacy
Pharmacie et ParaPharmacie Line,Rabat,33.9170964,-6.8990926,pharmacy
Pharmacie des Universités,Rabat,33.9881575,-6.8513294,pharmacy
Para Efficience,Rabat,34.0404449,-6.8066351,pharmacy
Parapharmacie,Rabat,34.0026489,-6.8575656,pharmacy
Pharmacie Ambassador,Rabat,33.9600755,-6.8196068,pharmacy
Pharmacie Yamina,Rabat,33.9590961,-6.8233224,pharmacy
Pharmacie Ibtissam,Rabat,34.0410362,-6.8101288,pharmacy
Pharmacie Achouhadaa,Rabat,34.0385712,-6.7920811,pharmacy
Pharmacie Elamana,Rabat,34.0429026,-6.7812576,pharmacy
warda-pharmacie,Rabat,33.9579784,-6.8482276,pharmacy
Mouradallah,Rabat,33.953348,-6.869598,pharmacy
parapharmacie Univers Para,Rabat,34.0194727,-6.8256421,pharmacy
Pharmacie El Janoub صيدلية الجنوب,Marrakech,31.6197141,-8.0517407,pharmacy
Pharmacie Loughribi صيدلية لوغريبي,Marrakech,31.6482637,-7.9444873,pharmacy
Pharmacie La Province صيدلي العمالة,Marrakech,31.6455351,-7.9818213,pharmacy
Pharmacie Populaire الصيدلية الشعبية,Marrakech,31.633907,-7.9909252,pharmacy
Pharmacie de la Place صيدلية الساحة,Marrakech,31.6254905,-7.9885542,pharmacy
Pharmacie Maatallah صيدلية معطى الله,Marrakech,31.5956758,-8.0494981,pharmacy
Pharmacie Palacio صيدلية بلاسيو,Marrakech,31.6334989,-8.0151196,pharmacy
Pharmacie Abdelkrim El Khattabi صيدلية عبد الكريم الخطابي,Marrakech,31.635834,-8.017145,pharmacy
Pharmacie Mouzdalifa صيدلية المزدلفة,Marrakech,31.6487421,-8.0091537,pharmacy
Pharmacie Hay Semlalia صيدلية حي السملالية,Marrakech,31.6465449,-8.0135084,pharmacy
Pharmacie La Fountaine صيدلية النافورة,Marrakech,31.6545722,-8.0197836,pharmacy
Pharmacie Issafarnes صيدلية إسفارن,Marrakech,31.6474711,-8.0480489,pharmacy
Pharmacie Alistiklal صيدلية الإستقلال,Marrakech,31.6535339,-8.0084674,pharmacy
Pharmacie Assif صيدلية أسيف,Marrakech,31.6555646,-8.0031478,pharmacy
Pharmacie La Victoire صيدلية النصر,Marrakech,31.6592991,-7.9970209,pharmacy
Pharmacie Ariha صيدلية أريحا,Marrakech,31.6503251,-7.9894099,pharmacy
Pharmacie L'Orchidée صيدلية الأوركيد,Marrakech,31.6260972,-8.0201238,pharmacy
Pharmacie Kaadoud صيدلية القعدود,Marrakech,31.6452847,-8.0103641,pharmacy
Pharmacie Les Jardins de la Mamounia صيدلية حدائق المامونية,Marrakech,31.6218621,-7.9950507,pharmacy
Pharmacie des Sciences صيدلية العلوم,Marrakech,31.6495958,-8.0141088,pharmacy
Pharmacie Tropicana صيدلية تروبيكانا,Marrakech,31.6459837,-8.0164401,pharmacy
Pharmacie Al Abiad صيدلية الأبيض,Marrakech,31.6156341,-8.0691573,pharmacy
Pharmacie Bine Lekchali صيدلية بين لقشالي,Marrakech,31.6411076,-8.0281311,pharmacy
pharmacie sijilmassa صيدلية سجلماسة,Marrakech,31.6383248,-7.9876618,pharmacy
Pharmacie Mekka صيدلية مكة,Marrakech,31.671362,-8.0366529,pharmacy
Pharmacie Dar El Baroud,Marrakech,31.6256559,-7.993974,pharmacy
ParaPharmacie,Marrakech,31.6168813,-7.9825002,pharmacy
Pharmacie Bel Bakkar صيدلية بلبكار,Marrakech,31.6541669,-7.9889001,pharmacy
Pharmacie Moutadamine صيدلية متضامن,Marrakech,31.654952,-7.9919882,pharmacy
Pharmacie Unité 4 صيدلية الوحدة,Marrakech,31.6564302,-7.9997439,pharmacy
Pharmacie Kamilia صيدلي كاميليا,Marrakech,31.6534241,-8.0051403,pharmacy
Pharmacie Mouassine صيدلية مواسين,Marrakech,31.6293402,-7.9904177,pharmacy
Pharmacie Koutoubia صيدلية الكتبية,Marrakech,31.6274447,-7.9935913,pharmacy
Pharmacie Dar Al Bacha صيدلية دار الباشا,Marrakech,31.6307609,-7.9934104,pharmacy
Pharmacie El Ghorfi صيدلية الغرفي,Marrakech,31.640221,-7.9886634,pharmacy
Pharmacie El Mechouar صيدلية المشور,Marrakech,31.6067832,-7.9885663,pharmacy
Pharmacie Sidi Boutchich صيدلية سيدي بوتشيش,Marrakech,31.6230845,-7.9810132,pharmacy
Pharmacie radia lehbichat,Marrakech,31.5626676,-7.9787129,pharmacy
Pharmacie Arset Lamaache صيدلية عرصة المعاش,Marrakech,31.6189375,-7.988476,pharmacy
Pharmacie Khalid Ben El Walid صيدلية خالد ابن الوليد,Marrakech,31.6539211,-7.9986407,pharmacy
Pharmacie Zohour صيدلية الزهور,Marrakech,31.6428754,-7.9827121,pharmacy
Pharmacie Sidi Abbad صيدلية سيدي عباد,Marrakech,31.6551714,-8.0112098,pharmacy
Pharmacie Santé et Bien Etre صيدلية الصحة و العافية,Marrakech,31.6129554,-7.9969794,pharmacy
Pharmacie Assouna صيدلية السنة,Marrakech,31.5923788,-8.0348767,pharmacy
Pharmacie El Habib صيدلية الحبيب,Marrakech,31.5895528,-8.0366757,pharmacy
Pharmacie Chaab صيدلية الشعب,Marrakech,31.5854306,-8.0599104,pharmacy
Pharmacie Imam Mouslim صيدلية الإمام مسلم,Marrakech,31.5936517,-8.0461708,pharmacy
Pharmacie Ibn Nafis صيدلية ابن النفيس,Marrakech,31.6436787,-8.0190122,pharmacy
Pharmacie Lamhamid صيدلية المحاميد,Marrakech,31.5948888,-8.0321086,pharmacy
Pharmacie Al Mounir صيدلية المنير,Marrakech,31.5970014,-8.0313424,pharmacy
Pharmacie Al Firdaous صيدلية الفردوس,Marrakech,31.5853881,-8.0452414,pharmacy
Pharmacie El Mazani صيدلية المزاني,Marrakech,31.5730622,-8.0561548,pharmacy
Pharmacie Al Moustachfa صيدلية المستشفى,Marrakech,31.5709742,-7.9826956,pharmacy
Pharmacie Salam صيدلية السلام,Marrakech,31.6379925,-8.0437316,pharmacy
Pharmacie Badir صيدلية بادير,Marrakech,31.6831794,-8.0665028,pharmacy
Pharmacie Mansoura صيدلية منصورة,Marrakech,31.6317554,-8.0034846,pharmacy
Pharmacie Noujoud صيدلية نجود,Marrakech,31.6569689,-8.0222289,pharmacy
Pharmacie Ezzaytoune صيدلية الزيتون,Marrakech,31.6393512,-8.039656,pharmacy
Pharmacie Les Orangers صيدلية لزورانجي,Marrakech,31.6516002,-8.0475956,pharmacy
Parapharmacie,Marrakech,31.652459,-8.050869,pharmacy
Pharmacie Atlas Targa صيدلية أطلس تارغا,Marrakech,31.6506768,-8.0588548,pharmacy
Pharmacie Hay Al Karam,Marrakech,31.6807803,-8.0504224,pharmacy
Pharmacie Bab Asfi,Marrakech,31.6889195,-8.0748493,pharmacy
Pharmacie Souk Laawad صيدلية سوق لعواد,Marrakech,31.6822487,-8.0591747,pharmacy
Pharmacie Bab Mansour صيدلية باب منصور,Marrakech,31.6869393,-8.0701928,pharmacy
Pharmacie Akioud صيدلية أكيوض,Marrakech,31.653001,-8.0259174,pharmacy
Pharmacie Hamza صيدلية حمزة,Marrakech,31.6597545,-8.0540991,pharmacy
Pharmacie Premium صيدلية برميوم,Marrakech,31.6506906,-8.0413138,pharmacy
Pharmacie El Harti صيدلية الحارثي,Marrakech,31.6310229,-8.0080899,pharmacy
Pharmacie Et Laboratoire La Libérte صيدلية و مختبر الحرية,Marrakech,31.6294385,-8.003822,pharmacy
Pharmacie L'Hivernage صيدلية الشتاء,Marrakech,31.6299735,-8.0130738,pharmacy
Pharmacie Fekhara صيدلية فخارة,Marrakech,31.6377995,-7.9790568,pharmacy
Pharmacie Tikida صيدلية تكيدا,Marrakech,31.645998,-7.9785674,pharmacy
Pharmacie Les Jardins d'Agdal صيدلية حدائق أكدال,Marrakech,31.6070196,-7.9724714,pharmacy
Pharmacie Derb El Gabs صيدلية درب الكبص,Marrakech,31.6102189,-7.963463,pharmacy
Pharmacie El Oued صيدلية الواد,Marrakech,31.6132418,-7.9588872,pharmacy
Pharmacie Ali صيدلية علي,Marrakech,31.6134627,-7.9615834,pharmacy
Pharmacie Al Baraka صيدلية البركة,Marrakech,31.6151528,-7.9641545,pharmacy
Pharmacie Bastoun صيدلية باستون,Marrakech,31.6071905,-7.9605784,pharmacy
Pharmacie Tichka صيدلية تيشكا,Marrakech,31.6097839,-7.9605872,pharmacy
Pharmacie Berradi III صيدلية برادي 3,Marrakech,31.6229327,-8.0695334,pharmacy
Pharmacie Iziki صيدلية إزيكي,Marrakech,31.6276699,-8.0651675,pharmacy
Pharmacie Le Printemps صيدلية الربيع,Marrakech,31.6276111,-8.0616557,pharmacy
Pharmacie Bouziane صيدلية بوزيان,Marrakech,31.621682,-8.0518225,pharmacy
Pharmacie Al Ahd Al Jadid صيدلية العهد الجديد,Marrakech,31.6160246,-8.0584527,pharmacy
Pharmacie Al Manar صيدلية المنار,Marrakech,31.6216863,-8.0281359,pharmacy
Pharmacie De La Base صيدلية القاعدة,Marrakech,31.6240034,-8.0303594,pharmacy
Pharmacie Ain Mezouar صيدلية عين مزوار,Marrakech,31.6249495,-8.0355367,pharmacy
Pharmacie Addaoui صيدلية الضاوي,Marrakech,31.5907859,-8.0589342,pharmacy
Pharmacie Ezzahraoui صيدلية الزهراوي,Marrakech,31.6388374,-8.0362589,pharmacy
Pharmacie Bab Fteuh صيدلية باب فتوح,Marrakech,31.6273414,-7.9893007,pharmacy
Pharmacie Al Atlas صيدلية الأطلس,Marrakech,31.6349944,-8.0095608,pharmacy
Herbalist,Marrakech,31.6328144,-7.9831368,pharmacy
Pharmacie Jnan Slimane صيدلية جنان سليمان,Marrakech,31.5750694,-8.0613534,pharmacy
Pharmacie Bab Assalam صيدلية باب السلام,Marrakech,31.5739845,-8.0623771,pharmacy
Pharmacie Oudghiri صيدلية الودغيري,Marrakech,31.5797725,-8.0543781,pharmacy
Pharmacie Essajda صيدلية السجدة,Marrakech,31.575099,-8.0559343,pharmacy
Pharmacie Wahab صيدلية وهاب,Marrakech,31.5789321,-8.0575357,pharmacy
Pharmacie Abraj El Koutoubia صيدلية أبراج الكتبية,Marrakech,31.5764072,-8.0606894,pharmacy
Pharmacie Le Croissant Vert صيدلية الهلال الأخضر,Marrakech,31.5798894,-8.0609568,pharmacy
Pharmacie Hay Al Bahja صيدلية حي البهجة,Marrakech,31.5645564,-8.0779626,pharmacy
Pharmacie Abwab Lamhamid صيدلية أبواب لمحاميد,Marrakech,31.5708934,-8.0718611,pharmacy
Pharmacie Berradi Centrale صيدلية برادي المركزية,Marrakech,31.584577,-8.0557391,pharmacy
Pharmacie Benouhoud صيدلية بنوهود,Marrakech,31.5737218,-8.0684727,pharmacy
Pharmacie Arraha Chkili صيدلية الراحة الشكيلي,Marrakech,31.5839249,-8.0484817,pharmacy
Pharmacie Nassim صيدلية نسيم,Marrakech,31.5822361,-8.0533653,pharmacy
Pharmacie Oscar صيدلية أوسكار,Marrakech,31.5850176,-8.0520612,pharmacy
Pharmacie Al Majd صيدلية المجد,Marrakech,31.589295,-8.0524423,pharmacy
Pharmacie Urgence صيدلية المستعجلات,Marrakech,31.5872533,-8.0493067,pharmacy
Pharmacie Kezibri صيدلية قزيبري,Marrakech,31.596332,-8.0596893,pharmacy
Pharmacie Rania صيدلية رانيا,Marrakech,31.5900764,-8.0624818,pharmacy
Pharmacie Ouirgane صيدلية ويركان,Marrakech,31.5931765,-8.0508109,pharmacy
Pharmacie El Housna صيدلية الحسنى,Marrakech,31.5922271,-8.0534202,pharmacy
Pharmacie Ibn Sina صيدلية ابن سينا,Marrakech,31.6012652,-8.0554626,pharmacy
Pharmacie Noun Oualkalam صيدلية نون و القلم,Marrakech,31.6009541,-8.0545602,pharmacy
Pharmacie Les Résidences Nouha صيدلية إقامات نهى,Marrakech,31.6038397,-8.0515899,pharmacy
Pharmacie Adrar صيدلية أدرار,Marrakech,31.5992462,-8.0523038,pharmacy
Pharmacie Hay Zakariaa صيدلية حي زكرياء,Marrakech,31.5979103,-8.0553251,pharmacy
Pharmacie Al Imane صيدلية الإيمان,Marrakech,31.5999167,-8.0464078,pharmacy
Pharmacie Simou صيدلية سيمو,Marrakech,31.600799,-8.0497764,pharmacy
Pharmacie Fath Al Andalous صيدلية فتح الأندلس,Marrakech,31.5951172,-8.0558646,pharmacy
Pharmacie Laarif صيدلية لعريف,Marrakech,31.5964238,-8.0527792,pharmacy
Pharmacie Al Ousra صيدلية الأسرة,Marrakech,31.5893153,-8.0396545,pharmacy
Pharmacie Ighly صيدلية إغلي,Marrakech,31.5878275,-8.0418871,pharmacy
Pharmacie Raja صيدلية الرجاء,Marrakech,31.5976381,-8.0470227,pharmacy
Pharmacie Zahra Azzohor صيدلية زهرة الزهور,Marrakech,31.5988971,-8.043104,pharmacy
Pharmacie Annahda صيدلية النهضة,Marrakech,31.5970748,-8.0435993,pharmacy
Pharmacie Ibn Zohr صيدلية ابن زهر,Marrakech,31.6003671,-8.0329125,pharmacy
Pharmacie Masjid Nahda صيدلية مسجد النهضة,Marrakech,31.6014089,-8.0378945,pharmacy
Pharmacie Al Akwas صيدلية الأقواس,Marrakech,31.5981715,-8.0338547,pharmacy
Pharmacie Saada 5 صيدلية السعادة,Marrakech,31.5902817,-8.0489984,pharmacy
Pharmacie Toukram صيدلية تكرم,Marrakech,31.5901816,-8.0457931,pharmacy
Pharmacie Assafae صيدلية الصفاء,Marrakech,31.5922771,-8.0385072,pharmacy
Pharmacie Nakhil M'Hamid صيدلية نخيل المحاميد,Marrakech,31.5945035,-8.0418551,pharmacy
Pharmacie Al Badre صيدلية البدر,Marrakech,31.5918409,-8.0419904,pharmacy
Pharmacie Lina صيدلية لينة,Marrakech,31.5965232,-8.0391624,pharmacy
Grande Pharmacie M'Hamid الصيدلية الكبرى المحاميد,Marrakech,31.5965801,-8.0350969,pharmacy
Pharmacie Al Matar صيدلية المطار,Marrakech,31.5924724,-8.031882,pharmacy
Pharmacie Miftah Al Atlas صيدلية مفتاح الأطلس,Marrakech,31.5861113,-8.0312374,pharmacy
Pharmacie Skalli صيدلية الصقلي,Marrakech,31.5951819,-8.0290308,pharmacy
Pharmacie Hopital Régional صيدلية المستشفى الجامعي,Marrakech,31.5881484,-8.0285595,pharmacy
Pharmacie Qortoba صيدلية قرطبة,Marrakech,31.5919487,-8.0270787,pharmacy
Pharmacie Principale Chrifia الصيدلية الرئيسية الشريفية,Marrakech,31.5872981,-8.0239658,pharmacy
Pharmacie Oualili صيدلية وليلي,Marrakech,31.5910531,-8.0246644,pharmacy
Pharmacie Jardin Hay Chrifia صيدلية حدائق الشريفية,Marrakech,31.5895537,-8.0218567,pharmacy
Pharmacie Bouakaz صيدلية بوعكاز,Marrakech,31.5952927,-8.0230089,pharmacy
Pharmacie Salma صيدلية سلمى,Marrakech,31.5945653,-8.0188833,pharmacy
Pharmacie Al Hamd صيدلية الحمد,Marrakech,31.5944487,-8.0263045,pharmacy
Pharmacie Al Manal صيدلية المنال,Marrakech,31.5974734,-8.0206438,pharmacy
Pharmacie Kabbadj صيدلية القباج,Marrakech,31.5924249,-8.0218114,pharmacy
Pharmacie Al Hanaa صيدلية الهناء,Marrakech,31.5744677,-7.9828115,pharmacy
Pharmacie Koukou صيدلية كوكو,Marrakech,31.5747975,-7.9679645,pharmacy
Pharmacie Taha Yassine صيدلية طه يس,Marrakech,31.5744373,-7.9639323,pharmacy
Pharmacie Dalal صيدلية دلال,Marrakech,31.5703863,-7.9628919,pharmacy
Pharmacie Al Mazar صيدلية المزار,Marrakech,31.5928873,-7.9860777,pharmacy
Pharmacie Aya صيدلية اَية,Marrakech,31.5945755,-7.9638132,pharmacy
Pharmacie Hay El Jadid صيدلية الحي الجديد,Marrakech,31.5947618,-7.9603063,pharmacy
Pharmacie Wahat Sidi Youssef صيدلية واحة سيدي يوسف,Marrakech,31.5994672,-7.9608071,pharmacy
Pharmacie El kheir صيدلية الخير,Marrakech,31.5979843,-7.957198,pharmacy
Pharmacie la Palestine صيدلية فلسطين,Marrakech,31.6021953,-7.9692486,pharmacy
Pharmacie Jbilet صيدلية الجبيلات,Marrakech,31.6028393,-7.965915,pharmacy
Pharmacie Hadji صيدلية حاجي,Marrakech,31.6057094,-7.9583399,pharmacy
Pharmacie Tensift صيدلية تانسيفت,Marrakech,31.6049546,-7.9632764,pharmacy
Pharmacie Riad صيدلية رياض,Marrakech,31.604032,-7.9714257,pharmacy
Pharmacie Nassir صيدلية ناصر,Marrakech,31.6099004,-7.9576564,pharmacy
Pharmacie Du Complexe صيدلية المركب,Marrakech,31.6073853,-7.9695712,pharmacy
Pharmacie Al Farabi صيدلية الفرابي,Marrakech,31.6083248,-7.966259,pharmacy
Pharmacie Jnane صيدلية جنان,Marrakech,31.609758,-7.9708549,pharmacy
Pharmacie Al Madariss صيدلية المدارس,Marrakech,31.6107807,-7.9681023,pharmacy
Pharmacie Ibn Khaldoun صيدلية ابن خلدون,Marrakech,31.6130191,-7.9725498,pharmacy
Pharmacie Sidi Youssef صيدلية سيدي يوسف,Marrakech,31.6161842,-7.9705276,pharmacy
Pharmacie Al Mssalla صيدلية المصلى,Marrakech,31.6135253,-7.9693822,pharmacy
Pharmacie Derb Al Makina صيدلية درب الماكينة,Marrakech,31.6151294,-7.9678121,pharmacy
Pharmacie du Golf صيدلية الكولف,Marrakech,31.6227802,-7.971606,pharmacy
Pharmacie Houman Al Fatouaki صيدلية حمان الفطواكي,Marrakech,31.6208724,-7.9703436,pharmacy
Pharmacie Baghdad صيدلية بغداد,Marrakech,31.6210808,-7.9681155,pharmacy
Pharmacie Idrissi صيدلية إدريسي,Marrakech,31.6186649,-7.9699335,pharmacy
Pharmacie Hind صيدلية هند,Marrakech,31.6146223,-7.9769635,pharmacy
Pharmacie Sidi Youssef Ben Ali صيدلية سيدي يوسف بن علي,Marrakech,31.6144868,-7.9642887,pharmacy
Pharmacie Ibn Tachfine صيدلية ابن تاشفين,Marrakech,31.6125708,-7.9649568,pharmacy
Pharmacie El Mansour Eddahbi صيدلية المنصور الذهبي,Marrakech,31.6151207,-7.979734,pharmacy
Al Khalil صيدلية الخليل,Marrakech,31.6132322,-7.9868341,pharmacy
Pharmacie Saadiens صيدلية السعديين,Marrakech,31.6168888,-7.9893335,pharmacy
Pharmacie Mamounia صيدلية المامونية,Marrakech,31.6198585,-7.9907455,pharmacy
Pharmacie Al Badii صيدلية البديع,Marrakech,31.6167353,-7.9815264,pharmacy
Pharmacie Jnane El Afia صيدلية جنان العافية,Marrakech,31.6203307,-7.9804821,pharmacy
Pharmacie Arafat صيدلية عرفات,Marrakech,31.6247339,-8.0719908,pharmacy
Pharmacie Fakhara صيدلية فخارة,Marrakech,31.6281073,-8.0915033,pharmacy
Pharmacie La Famille صيدلية الأسرة,Marrakech,31.6132656,-8.0486328,pharmacy
Pharmacie Al Ikhlass صيدلية الإخلاص,Marrakech,31.6166461,-8.0541346,pharmacy
Pharmacie Vidal صيدلية فيدال,Marrakech,31.613547,-8.055466,pharmacy
Pharmacie Soufiane صيدلية سفيان,Marrakech,31.6177906,-8.0486138,pharmacy
Pharmacie Al Hilal صيدلية الهلال,Marrakech,31.6178995,-8.0559198,pharmacy
Pharmacie Hay Tachfin صيدلية حي تاشفين,Marrakech,31.6204715,-8.0450685,pharmacy
Pharmacie Le Laurier صيدلية لوريي,Marrakech,31.622047,-8.0486222,pharmacy
Pharmacie Yassine صيدلية ياسين,Marrakech,31.6214204,-8.0565406,pharmacy
Pharmacie Karam صيدلية كرم,Marrakech,31.6152208,-8.0625566,pharmacy
Pharmacie Socoma صيدلية صوكوما,Marrakech,31.6189672,-8.0584233,pharmacy
Pharmacie Ennour صيدلية النور,Marrakech,31.6183967,-8.0658078,pharmacy
Pharmacie Jasmin صيدلية الياسمين,Marrakech,31.6176531,-8.0615606,pharmacy
Pharmacie Oumaima صيدلية أميمة,Marrakech,31.6163088,-8.0654691,pharmacy
Pharmacie Al Manfalouti صيدلية المنفلوطي,Marrakech,31.6186521,-8.0685937,pharmacy
Pharmacie Askadjour صيدلية أسكجور,Marrakech,31.6203126,-8.0629547,pharmacy
Pharmacie Soudri صيدلية سودري,Marrakech,31.6207977,-8.0683185,pharmacy
Pharmacie Sahara صيدلية الصحراء,Marrakech,31.6218938,-8.0659925,pharmacy
Pharmacie du Conseil صيدلية النصيحة,Marrakech,31.6234599,-8.0630557,pharmacy
Pharmacie Ettaoufik صيدلية التوفيق,Marrakech,31.6212559,-8.0600398,pharmacy
Pharmacie Salah Eddine El Ayyoubi صيدلية صلاح الدين الأيوبي,Marrakech,31.62601,-8.0680436,pharmacy
Pharmacie Amaddah صيدلية أمداح,Marrakech,31.6251994,-8.0614376,pharmacy
Pharmacie Laayoune صيدلية لعيون,Marrakech,31.6235683,-8.0584045,pharmacy
Pharmacie Addoha صيدلية الضحى,Marrakech,31.6214006,-8.058035,pharmacy
Pharmacie El Basri صيدلية البصري,Marrakech,31.6270807,-8.0548968,pharmacy
Pharmacie Targa صيدلي تارغا,Marrakech,31.627216,-8.0431423,pharmacy
Pharmacie Azli صيدلية أزلي,Marrakech,31.6239616,-8.0531258,pharmacy
Pharmacie Saada صيدلية السعادة,Marrakech,31.6270247,-8.0377175,pharmacy
Pharmacie Avenue Hassan II صيدلية شارع الحسن الثاني,Marrakech,31.6273076,-8.0249167,pharmacy
Pharmacie El Quitar صيدلية القطار,Marrakech,31.6289011,-8.0192076,pharmacy
Pharmacie Du Consulat صيدلية القنصلية,Marrakech,31.6267677,-8.0168208,pharmacy
Pharmacie Sheraton صيدلية شيراتون,Marrakech,31.6199021,-8.0104364,pharmacy
Pharmacie Rahimi صيدلية رحيمي,Marrakech,31.6201298,-8.0132087,pharmacy
Pharmacie Natura صيدلية الطبيعة,Marrakech,31.623557,-8.0035288,pharmacy
Pharmacie L'Opera صيدلية الأوبرا,Marrakech,31.6252915,-8.0124341,pharmacy
Pharmacie Bab Jdid صيدلية باب جديد,Marrakech,31.6259653,-8.0018529,pharmacy
Pharmacie Du Kawkab صيدلية الكوكب,Marrakech,31.6274941,-8.0072783,pharmacy
Pharmacie Eddafali صيدلية الدفالي,Marrakech,31.6294995,-8.0060742,pharmacy
Pharmacie l'Unité صيدلية الوحدة,Marrakech,31.6328186,-8.0057356,pharmacy
Pharmacie Al Ahbass صيدلية الأحباس,Marrakech,31.6335968,-8.0016328,pharmacy
Pharmacie El Hara صيدلية الحارة,Marrakech,31.6322575,-8.0007156,pharmacy
Pharmacie de La Médina صيدلية المدينة,Marrakech,31.6223617,-7.9893235,pharmacy
Pharmacie Bahia Homeo صيدلية الباهية هوميو,Marrakech,31.6203318,-7.9860294,pharmacy
Pharmacie Riad Zitoun صيدلية رياض الزيتون,Marrakech,31.6219904,-7.9841738,pharmacy
Pharmacie Maghreb صيدلية المغرب,Marrakech,31.6236874,-7.9916947,pharmacy
Pharmacie Derb Dabachi صيدلية ررب ضبشي,Marrakech,31.6271092,-7.9855954,pharmacy
Pharmacie Kennaria صيدلية كنارية,Marrakech,31.6256229,-7.9856652,pharmacy
Pharmacie Bab Aghmat صيدلية باب أغمات,Marrakech,31.6252877,-7.9766715,pharmacy
Pharmacie El Amal صيدلية الأمل,Marrakech,31.6276795,-7.9831991,pharmacy
Pharmacie Douar Graoua صيدلية دوار كراوة,Marrakech,31.6254721,-7.9829115,pharmacy
Pharmacie El Boussekri صيدلية البوسكري,Marrakech,31.6272292,-7.9731177,pharmacy
Pharmacie Bab Aylan صيدلية باب أيلان,Marrakech,31.629584,-7.9749193,pharmacy
Pharmacie Sidi Ayoub صيدلي سيدي أيوب,Marrakech,31.6281703,-7.9787502,pharmacy
Pharmacie Azzahraa صيدلية الزهراء,Marrakech,31.6290112,-7.9869143,pharmacy
Pharmacie Lalla Aouda Saadia صيدلية لالة عودة السعدية,Marrakech,31.6314302,-7.9790223,pharmacy
Pharmacie Ben Saleh صيدلية بن صالح,Marrakech,31.6297933,-7.9830681,pharmacy
Pharmacie Bab Debagh صيدلية باب الدباغ,Marrakech,31.633586,-7.9825338,pharmacy
Pharmacie Tabhirte صيدلية تابحيرت,Marrakech,31.6340419,-7.9814812,pharmacy
Pharmacie El Moukef صيدلية الموقف,Marrakech,31.6348519,-7.9834371,pharmacy
Pharmacie Chater صيدلية الشاطر,Marrakech,31.6333163,-7.9851825,pharmacy
Pharmacie Arrahma صيدلية الرحمة,Marrakech,31.6342899,-7.9879576,pharmacy
Pharmacie Riad Laarouss صيدلية رياض العروس,Marrakech,31.6350135,-7.9942735,pharmacy
Pharmacie Marrakech صيدلية مراكش,Marrakech,31.633899,-7.9987136,pharmacy
Pharmacie Bab Doukkala صيدلية باب دكالة,Marrakech,31.635877,-7.9975382,pharmacy
Pharmacie Kechich صيدلية كشيش,Marrakech,31.6389059,-7.9850143,pharmacy
Pharmacie La Mosquée صيدلية المسجد,Marrakech,31.630934,-7.9961617,pharmacy
Pharmacie Arset Ihiri صيدلية عرصة إهيري,Marrakech,31.6375418,-7.9952744,pharmacy
Pharmacie Jabha صيدلية الجبهة,Marrakech,31.6411163,-7.9858899,pharmacy
Pharmacie Zaouia Abbasia صيدلية الزاوية العباسية,Marrakech,31.6400179,-7.9915972,pharmacy
Pharmacie Bab Lekhmiss صيدلية باب الخميس,Marrakech,31.6432375,-7.9890725,pharmacy
Pharmacie Morakkab Souk Lekhmis صيدلية مركب سوق الخميس,Marrakech,31.6419573,-7.9862319,pharmacy
Pharmacie Al Qaria Siahiya صيدلية القرية السياحية,Marrakech,31.6397548,-7.9796476,pharmacy
Pharmacie Al Antaki صيدلية الأنطاكي,Marrakech,31.6362457,-7.9851924,pharmacy
Pharmacie Al Kawtar صيدلية الكوثر,Marrakech,31.6352986,-7.9765795,pharmacy
Pharmacie El Imame Ali صيدلي الإمام علي,Marrakech,31.6486115,-7.979973,pharmacy
Pharmacie El Hamidi صيدلية الحميدي,Marrakech,31.6451705,-7.9850595,pharmacy
Pharmacie Ain Itti صيدلية عين إطي,Marrakech,31.6484334,-7.9829258,pharmacy
Pharmacie Borj Ennakhil صيدلية برج النخيل,Marrakech,31.6486658,-7.9630905,pharmacy
Pharmacie Guennoune صيدلية كنون,Marrakech,31.6639524,-7.9856643,pharmacy
Pharmacie Dar Tounsi صيدلية دار التونسي,Marrakech,31.648825,-7.9517422,pharmacy
Pharmacie M'Hamdia صيدلية المحمدية,Marrakech,31.6471224,-7.9020994,pharmacy
Pharmacie Ben Bouzid صيدلية بن بوزيد,Marrakech,31.5918354,-7.876424,pharmacy
Pharmacie Al Amana صيدلية الأمانة,Marrakech,31.6343858,-7.9205112,pharmacy
Pharmacie Massi صيدلية ماسي,Marrakech,31.6254759,-7.9651033,pharmacy
Pharmacie M'Hamdia Sabaa صيدلية المحمدية السابعة,Marrakech,31.6333541,-7.8934788,pharmacy
Pharmacie Tallaght صيدلية تلاغت,Marrakech,31.6251449,-7.93494,pharmacy
Pharmacie Mahaj Essalam صيدلية محج السلام,Marrakech,31.6353125,-8.094395,pharmacy
Pharmacie Anniama صيدلية النعمة,Marrakech,31.6360728,-8.0995049,pharmacy
Pharmacie Essaada Marjane صيدلية السعادة مرجان,Marrakech,31.6354572,-8.0943873,pharmacy
Pharmacie Marjane Massira صيدلية مرجان المسيرة,Marrakech,31.6298137,-8.0794547,pharmacy
Pharmacie Sami صيدلية سامي,Marrakech,31.6321105,-8.0952032,pharmacy
Pharmacie de la Nation صيدلي الأمة,Marrakech,31.6333189,-8.075738,pharmacy
Pharmacie Abwab Al Khair صيدلية أبواب الخير,Marrakech,31.6380079,-8.0784014,pharmacy
Pharmacie Al Aksa صيدلية العكسة,Marrakech,31.6360784,-8.0757549,pharmacy
Pharmacie El Massira صيدلية المسيرة,Marrakech,31.6373864,-8.0799311,pharmacy
Pharmacie Jenane Faiza صيدلية جنان فايزة,Marrakech,31.6390042,-8.082103,pharmacy
Pharmacie Abwab Addoha صيدلية أبواب الضحى,Marrakech,31.6363622,-8.0723482,pharmacy
Pharmacie Ben Allal صيدلية بن علال,Marrakech,31.642353,-8.0755484,pharmacy
Pharmacie Bichara صيدلية بشارة,Marrakech,31.6477185,-8.0803131,pharmacy
Pharmacie Al Haramaine صيدلية الحرمين,Marrakech,31.6483963,-8.0748276,pharmacy
Pharmacie Les Portes de Marrakech صيدلية أبواب مراكش,Marrakech,31.6395279,-8.0775474,pharmacy
Pharmacie Prestige Targa صيدلية بريستيج تارغا,Marrakech,31.666047,-8.0569348,pharmacy
Pharmacie Borj Targa صيدلية برج تارغا,Marrakech,31.6520927,-8.061695,pharmacy
Pharmacie Sebou صيدلية سبو,Marrakech,31.6474178,-8.0655064,pharmacy
Pharmacie Al Khabir صيدلية الخبير,Marrakech,31.6458199,-8.0669075,pharmacy
Pharmacie Al Azhar صيدلية الأزهر,Marrakech,31.6423972,-8.0669988,pharmacy
Pharmacie Oum Rabii صيدلية أم الربيع,Marrakech,31.6422246,-8.0632518,pharmacy
Pharmacie Kenza صيدلية كنزة,Marrakech,31.640323,-8.0654533,pharmacy
Pharmacie El Amane صيدلية الأمان,Marrakech,31.6458854,-8.0630226,pharmacy
Pharmacie La Perle Rouge صيدلية الجوهرة الحمراء,Marrakech,31.6442504,-8.0647053,pharmacy
Pharmacie El Massmoudi صيدلية المصمودي,Marrakech,31.6558375,-8.0550308,pharmacy
Pharmacie Tilila صيدلية تليلا,Marrakech,31.6617498,-8.0570413,pharmacy
Pharmacie Daou صيدلية الضو,Marrakech,31.6568055,-8.0535983,pharmacy
Pharmacie Souihla صيدلية السويهلة,Marrakech,31.6490524,-8.052712,pharmacy
Pharmacie Al Inara صيدلية الإنارة,Marrakech,31.6409181,-8.0531112,pharmacy
Pharmacie Hay Machou صيدلية حي ماشو,Marrakech,31.6409648,-8.0560278,pharmacy
Pharmacie Fadila صيدلية فضيلة,Marrakech,31.638079,-8.0482553,pharmacy
Pharmacie Sofia صيدلية صوفيا,Marrakech,31.6402111,-8.0454672,pharmacy
Pharmacie Sidi Mbarek صيدلية سيدي مبارك,Marrakech,31.6345902,-8.0413904,pharmacy
Pharmacie Petersbourg صيدلية بترسبورغ,Marrakech,31.6335286,-8.0705662,pharmacy
Pharmacie Fadil صيدلية فضيل,Marrakech,31.6354785,-8.0678271,pharmacy
Pharmacie Asseha صيدلية الصحة,Marrakech,31.6286293,-8.0693622,pharmacy
Pharmacie Hay Hassani صيدلية الحي الحسني,Marrakech,31.6322979,-8.0672924,pharmacy
Pharmacie Radi صيدلية الراضي,Marrakech,31.6355285,-8.0640906,pharmacy
Pharmacie Al Fath صيدلية الفتح,Marrakech,31.6296557,-8.0667794,pharmacy
Pharmacie Moulay Driss صيدلية مولاي ادريس,Marrakech,31.6331957,-8.0638562,pharmacy
Pharmacie Ibn Al Aouam صيدلية ابن العوام,Marrakech,31.6284431,-8.0590802,pharmacy
Pharmacie Bilal صيدلية بلال,Marrakech,31.6404888,-8.0665314,pharmacy
Pharmacie Al Haouz صيدلية الحوز,Marrakech,31.6301703,-8.0622889,pharmacy
Pharmacie Chifaa صيدلية الشفاء,Marrakech,31.6320987,-8.058556,pharmacy
Pharmacie et Laboratoire Belkhayat صيدلية و مختبر بلخياط,Marrakech,31.6344441,-8.0613368,pharmacy
Pharmacie Lahmadi صيدلية لحمادي,Marrakech,31.6383314,-8.0588928,pharmacy
Pharmacie Al Wafa صيدلية الوفاء,Marrakech,31.6288209,-8.0522316,pharmacy
Pharmacie Zerktouni صيدلية الزرقطوني,Marrakech,31.6303149,-8.0549459,pharmacy
Pharmacie Al Bouchra صيدلية البشرى,Marrakech,31.631976,-8.053261,pharmacy
Pharmacie Douar El Askar صيدلية دوار العسكر,Marrakech,31.6298342,-8.048402,pharmacy
Pharmacie Al Andalous صيدلية الأندلس,Marrakech,31.6327006,-8.056231,pharmacy
Pharmacie Al Bahja صيدلية البهجة,Marrakech,31.6331328,-8.0449001,pharmacy
Pharmacie Ibn Bitar صيدلية ابن البيطار,Marrakech,31.6318622,-8.0504302,pharmacy
Pharmacie et Laboratoire Le Pont صيدلية و مختبر القنطرة,Marrakech,31.6348784,-8.0579421,pharmacy
Pharmacie Al Massira صيدلية المسيرة,Marrakech,31.6374704,-8.0526009,pharmacy
Pharmacie Belkaziz صيدلية بلقزيز,Marrakech,31.6351291,-8.0461326,pharmacy
Pharmacie Lahrach صيدلية لحرش,Marrakech,31.6347248,-8.0531288,pharmacy
Pharmacie Al Houda صيدلية الهدى,Marrakech,31.6353035,-8.0495524,pharmacy
Pharmacie Castor صيدلية كاستور,Marrakech,31.6296419,-8.0448538,pharmacy
Pharmacie Ibn Toumert صيدلية ابن تومرت,Marrakech,31.6279068,-8.0460961,pharmacy
Pharmacie Al Manzeh صيدلية المنزه,Marrakech,31.630266,-8.0420185,pharmacy
Pharmacie Larbaa صيدلية الأربعاء,Marrakech,31.6302085,-8.036747,pharmacy
Pharmacie Al Wéd صيدلية الود,Marrakech,31.630807,-8.0275876,pharmacy
Pharmacie Moukawama صيدلية المقاومة,Marrakech,31.6336315,-8.0290497,pharmacy
Pharmacie l'Hopital Militaire صيدلية المستشفى العسكري,Marrakech,31.6365989,-8.0199602,pharmacy
Pharmacie Victor Hugo صيدلية فيكتور هوغو,Marrakech,31.6402347,-8.0252843,pharmacy
Pharmacie Dar Al Halib صيدلية دار الحليب,Marrakech,31.6357762,-8.0353783,pharmacy
Pharmacie Jabal Gueliz صيدلية جبل كليز,Marrakech,31.6428934,-8.0398186,pharmacy
Pharmacie Anoual صيدلية أنوال,Marrakech,31.6328476,-8.0164038,pharmacy
Pharmacie Paris صيدلية باريس,Marrakech,31.6351437,-8.0131617,pharmacy
Pharmacie Centrale الصيدلية المركزية,Marrakech,31.6351483,-8.0125684,pharmacy
Pharmacie de Gueliz صيدلية جيليز,Marrakech,31.6327419,-8.0126076,pharmacy
Pharmacie Moderne الصيدلية المعاصرة,Marrakech,31.6366585,-8.0161065,pharmacy
Pharmacie Avicenne صيدلية ابن سينا,Marrakech,31.6386217,-8.0178562,pharmacy
Pharmacie Ibn Toufail صيدلية ابن طفيل,Marrakech,31.6403848,-8.0155732,pharmacy
Pharmacie Ibn Rochd صيدلية ابن رشد,Marrakech,31.6380865,-8.0133879,pharmacy
Pharmacie Al Filali صيدلية الفيلالي,Marrakech,31.634877,-8.0044092,pharmacy
Pharmacie Hani صيدلية هاني,Marrakech,31.6362315,-8.0069473,pharmacy
Pharmacie Al Mahatta صيدلية المحطة,Marrakech,31.6360131,-8.0009299,pharmacy
Pharmacie Fleming صيدلية فليمينك,Marrakech,31.6416548,-8.0092007,pharmacy
Pharmacie Dar Talib صيدلية دار الطالب,Marrakech,31.643505,-8.0120974,pharmacy
Pharmacie Al Moustachfa صيدلية المستشفى,Marrakech,31.6416243,-8.0180264,pharmacy
Pharmacie Al Maarifa صيدلية المعرفة,Marrakech,31.6473549,-8.0124545,pharmacy
Pharmacie Sup De Co صيدلية سوب دو كو,Marrakech,31.651761,-8.0168063,pharmacy
Pharmacie Volubilis صيدلية وليلي,Marrakech,31.6514256,-8.0197911,pharmacy
Pharmacie et Laboratoire Du Petit Marché صيدلية و مختبر السوق الصغير,Marrakech,31.6396459,-8.0207808,pharmacy
Pharmacie Bassatine Gueliz صيدلية بساتين كليز,Marrakech,31.6478209,-8.0357845,pharmacy
Pharmacie Les Portes de Gueliz أبواب صيدلية كليز,Marrakech,31.6491388,-8.0385605,pharmacy
La Grande Pharmacie Attawhid صيدلية التوحيد الكبرى,Marrakech,31.6521415,-8.0365209,pharmacy
Pharmacie Hay El Koudia صيدلية حي الكدية,Marrakech,31.6507639,-8.024245,pharmacy
Pharmacie Ibn Atia صيدلية ابن عطية,Marrakech,31.6524034,-8.0309839,pharmacy
Pharmacie Sanae صيدلية سناء,Marrakech,31.6570324,-8.0264444,pharmacy
Pharmacie Galien صيدلية غاليان,Marrakech,31.6536356,-8.021385,pharmacy
Pharmacie Les Vergers صيدلية البساتين,Marrakech,31.6543053,-8.0289268,pharmacy
Pharmacie Hay Mabrouka صيدلية حي مبروكة,Marrakech,31.6563813,-8.0327389,pharmacy
Pharmacie Les Cyprès صيدلية السرو,Marrakech,31.6551164,-8.0357647,pharmacy
Pharmacie Targa Palmier صيدلية نخيل تارغا,Marrakech,31.6477485,-8.0426762,pharmacy
Pharmacie Najd صيدلية نجد,Marrakech,31.6596651,-8.0320627,pharmacy
Pharmacie Sidi Ghanem صيدلية سيدي غانم,Marrakech,31.6688288,-8.0392719,pharmacy
Pharmacie Jawhar صيدلية جوهر,Marrakech,31.6613159,-8.0442608,pharmacy
Pharmacie Al Balsam صيدلية البلسم,Marrakech,31.6719225,-8.0456449,pharmacy
Pharmacie Haj Boubker صيدلية الحاج بوبكر,Marrakech,31.6668244,-8.0426641,pharmacy
Pharmacie Hay Sinai صيدلية الحي الصناعي,Marrakech,31.66984,-8.0427509,pharmacy
Pharmacie Bismillah صيدلية بسم الله,Marrakech,31.6742309,-8.0470268,pharmacy
Pharmacie Belkaid صيدلية بلقايد,Marrakech,31.6742913,-8.0556331,pharmacy
Pharmacie Chaouf صيدلية شعوف,Marrakech,31.6785847,-8.0595572,pharmacy
Pharmacie Riad Saada صيدلية رياض السعادة,Marrakech,31.6798579,-8.0548401,pharmacy
Pharmacie La Gare Routière صيدلية المحطة الطرقية,Marrakech,31.6841886,-8.0759923,pharmacy
Pharmacie Douae صيدلية دعاء,Marrakech,31.6858927,-8.0734114,pharmacy
Pharmacie Mamoun صيدلية المامون,Marrakech,31.6839362,-8.0737874,pharmacy
Pharmacie Jebli صيدلية جبلي,Marrakech,31.6835282,-8.0699612,pharmacy
Pharmacie Dakar صيدلية دكار,Marrakech,31.6859302,-8.0665008,pharmacy
Pharmacie Les Trois Palmiers صيدلية النخلات الثلاث,Marrakech,31.6849123,-8.0640178,pharmacy
Pharmacie Al Farj صيدلية الفجر,Marrakech,31.6896231,-8.0690391,pharmacy
Pharmacie et Laboratoire Nakhil صيدلية و مختبر النخيل,Marrakech,31.6379648,-8.0093512,pharmacy
Pharmacie Majorelle صيدلية ماجوريل,Marrakech,31.6402247,-7.9997537,pharmacy
Pharmacie 11 Janvier صيدلية 11 يناير,Marrakech,31.6410406,-7.9968308,pharmacy
Pharmacie Daoudiat صيدلية الداوديات,Marrakech,31.6431575,-8.0000418,pharmacy
Pharmacie Al Qods صيدلية القدس,Marrakech,31.647291,-8.0004644,pharmacy
Pharmacie Masjid Daoudiate صيدلية مسجد الداوديات,Marrakech,31.6498026,-7.9930251,pharmacy
Pharmacie Mohammadia صيدلية المحمدية,Marrakech,31.6493959,-7.9972179,pharmacy
Pharmacie Chair El Hamraa صيدلية شاعر الحمراء,Marrakech,31.6464142,-7.9923936,pharmacy
Pharmacie Razi صيدلية الرازي,Marrakech,31.6527748,-7.9935289,pharmacy
Pharmacie Salle Couverte صيدلية القاعة المغطاة,Marrakech,31.64773,-7.9946862,pharmacy
Pharmacie C.H.U صيدلية المستشفى الجامعي,Marrakech,31.6573723,-7.9905237,pharmacy
Pharmacie Chatebi صيدلية الشاطبي,Marrakech,31.6573724,-7.9873005,pharmacy
Pharmacie Bennouna صيدلية بنونة,Marrakech,31.6594257,-7.9886009,pharmacy
Pharmacie Mamar An-Nakhil صيدلية ممر النخيل,Marrakech,31.6614772,-7.9873945,pharmacy
Pharmacie Chahrazad صيدلية شهرزاد,Marrakech,31.6558011,-7.9964695,pharmacy
Pharmacie Des Narcisses صيدلية النرجس,Marrakech,31.6524346,-8.0011819,pharmacy
Pharmacie Zahia صيدلية الزاهية,Marrakech,31.6417185,-8.0049964,pharmacy
Pharmacie de L'Université صيدلية الجامعة,Marrakech,31.642593,-8.0071721,pharmacy
Pharmacie Al Irfane صيدلية العرفان,Marrakech,31.6447784,-8.0033554,pharmacy
Pharmacie Rouidate صيدلية الرويضات,Marrakech,31.6467471,-8.0045728,pharmacy
Pharmacie Mimosa صيدلية ميموزا,Marrakech,31.644571,-8.0080261,pharmacy
Pharmacie Awatif صيدلية عواطف,Marrakech,31.6521252,-8.0096695,pharmacy
Pharmacie Attaiba صيدلية الطيبة,Marrakech,31.6501785,-8.0120876,pharmacy
Pharmacie Sidi Ouaggag صيدلية سيدي وكاك,Marrakech,31.6541297,-8.0135605,pharmacy
Pharmacie du Soleil صيدلية الشمس,Marrakech,31.6543072,-8.0162844,pharmacy
Pharmacie Cadi Ayyad صيدلية القاضي عياض,Marrakech,31.6571624,-8.0160435,pharmacy
Pharmacie Halima Saadia صيدلية حليمة السعدية,Marrakech,31.6647362,-8.0142052,pharmacy
Pharmacie Ismailia صيدلية الإسماعيلية,Marrakech,31.6558106,-8.0069965,pharmacy
Pharmacie Jawhara صيدلية جوهرة,Marrakech,31.6572463,-8.0129625,pharmacy
Pharmacie Mogador صيدلية موكادور,Marrakech,31.6593783,-8.0087889,pharmacy
Pharmacie Des Mines صيدلية المناجم,Marrakech,31.6621942,-8.0115633,pharmacy
Pharmacie Issil صيدلية إسيل,Marrakech,31.6597853,-8.0114697,pharmacy
Pharmacie Amerchich صيدلية أمرشيش,Marrakech,31.6587756,-8.0005419,pharmacy
Pharmacie Zineb صيدلية زينب,Marrakech,31.6591664,-7.9928567,pharmacy
Pharmacie Badr Eddaoui صيدلية بدر الضاوي,Marrakech,31.6604072,-7.9954581,pharmacy
Pharmacie Maniss صيدلية منيس,Marrakech,31.6580404,-8.0033238,pharmacy
Pharmacie Al Ihssane صيدلية الإحسان,Marrakech,31.662572,-7.993474,pharmacy
Pharmacie Al Imam Malek صيدلية الإمام مالك,Marrakech,31.6597927,-8.0058819,pharmacy
Pharmacie La Cité Universitaire صيدلية الحي الجامعي,Marrakech,31.6631898,-8.000884,pharmacy
Pharmacie Illy صيدلية إلي,Marrakech,31.6621095,-8.0050586,pharmacy
Pharmacie Hokok Al Insane صيدلية حقوق الإنسان,Marrakech,31.6650648,-7.9976081,pharmacy
Pharmacie Al Boustane صيدلية البستان,Marrakech,31.6624028,-8.0075965,pharmacy
Pharmacie Allal El Fassi صيدلية علال الفاسي,Marrakech,31.6650446,-8.0091853,pharmacy
Pharmacie Lkssour صيدلية القصور,Marrakech,31.6668371,-8.0081249,pharmacy
Pharmacie Al Wifak صيدلية الوفاق,Marrakech,31.669674,-8.0069585,pharmacy
Pharmacie Chama صيدلية شامة,Marrakech,31.6678142,-8.0024993,pharmacy
Pharmacie Hopital Mohamed VI صيدلية مستشفى محمد السادس,Marrakech,31.6657771,-7.9949076,pharmacy
Pharmacie Ben Youssef صيدلية بن يوسف,Marrakech,31.680683,-8.0014453,pharmacy
Pharmacie Jnane Awrad صيدلية جنان أوراد,Marrakech,31.659513,-8.0210779,pharmacy
Pharmacie Marjane صيدلية مرجان,Marrakech,31.6682533,-8.0129073,pharmacy
Pharmacie Plaza صيدلية بلازا,Marrakech,31.663987,-8.0152564,pharmacy
Pharmacie Route Safi صيدلية طريق اًسفي,Marrakech,31.6634051,-8.0303925,pharmacy
Pharmacie Acharaf صيدلية الشرف,Marrakech,31.6685368,-8.0227666,pharmacy
Pharmacie Asoraya صيدلية الثريا,Marrakech,31.6715232,-8.0225463,pharmacy
Pharmacie Hay Assanaoubar صيدلية حي الصنوبر,Marrakech,31.6675436,-8.0264905,pharmacy
Pharmacie Benzouine صيدلية بنزوين,Marrakech,31.6723353,-8.0262145,pharmacy
Pharmacie Al Yousr صيدلية اليسر,Marrakech,31.6718875,-8.0200907,pharmacy
Pharmacie Dyour Marjane صيدلية ديور مرجان,Marrakech,31.6717789,-8.0106032,pharmacy
Pharmacie Dar Saada صيدلية دار السعادة,Marrakech,31.6747173,-8.0166794,pharmacy
Pharmacie Cité Yasmine صيدلية حي ياسمين,Marrakech,31.6778021,-8.0069562,pharmacy
Pharmacie Asafar صيدلية أسفار,Marrakech,31.6724519,-8.0137136,pharmacy
Pharmacie Nakhil Saada صيدلية نخيل السعادة,Marrakech,31.674404,-8.0104541,pharmacy
Pharmacie Hôtel Wazo صيدلية فندق وازو,Marrakech,31.6763605,-8.0024149,pharmacy
Pharmacie Nouarat Marjane صيدلية نوارة مرجان,Marrakech,31.6771905,-8.0118754,pharmacy
Pharmacie Espace Santé صيدلية فضاء الصحة,Marrakech,31.6752438,-8.0278894,pharmacy
Pharmacie Jnanate صيدلية جنانات,Marrakech,31.6711978,-8.0306147,pharmacy
Pharmacie Al Izdihar صيدلية الإزدهار,Marrakech,31.6664672,-8.0316825,pharmacy
Pharmacie Salima صيدلية سليمة,Marrakech,31.6781894,-8.0276134,pharmacy
Pharmacie Bab Marrakech صيدلية باب مراكش,Marrakech,31.6766292,-8.024748,pharmacy
Pharmacie Al Fadl صيدلية الفضل,Marrakech,31.6793796,-8.0221031,pharmacy
Pharmacie Al Abawayn صيدلية الأبوين,Marrakech,31.6792942,-8.0248549,pharmacy
Pharmacie Sraghna صيدلية سراغنة,Marrakech,31.6790308,-8.0145349,pharmacy
Pharmacie Mamoune صيدلية مامون,Marrakech,31.6784869,-8.0176396,pharmacy
Pharmacie Al Massar صيدلية المسار,Marrakech,31.6716551,-8.0402657,pharmacy
Pharmacie Marché de Gros صيدلية سوق الجملة,Marrakech,31.6759935,-8.0332853,pharmacy
Pharmacie Rayyane صيدلية الريان,Marrakech,31.6744997,-8.0402437,pharmacy
Pharmacie Nazik صيدلية نازك,Marrakech,31.6766629,-8.0416173,pharmacy
Pharmacie Majda صيدلية ماجدة,Marrakech,31.6797795,-8.0463029,pharmacy
NEW ERA,Marrakech,31.6388741,-8.0092363,pharmacy
Pharmacie de Progres,Marrakech,31.6253007,-7.9886645,pharmacy
Herboristerie Bendriss,Marrakech,31.6306644,-7.9859952,pharmacy
Pharmacie Arset Banni صيدلية عرصة باني,Marrakech,31.624204,-7.9745418,pharmacy
Pharmacie Centrale الصيدلية المركزية,Fès,34.036761,-4.9978456,pharmacy
Pharmacie Filali صيدلية فيلالي,Fès,34.0400364,-5.0057261,pharmacy
Pharmacie Rcif صيدلية الرصيف,Fès,34.0607842,-4.9730652,pharmacy
Pharmacie Irchad صيدلية إرشاد,Fès,34.0091704,-5.0299565,pharmacy
Pharmacie Basmati صيدلية بسمتي,Fès,34.0165709,-5.0335195,pharmacy
Pharmacie Lablida صيدلية البليدة,Fès,34.0665469,-4.9713274,pharmacy
Pharmacie la Tulipe صيدلية لاتوليب,Fès,34.0155439,-5.0204776,pharmacy
Pharmacie de la Liberté صيدلية الحرية,Fès,34.0452085,-4.9969331,pharmacy
Pharmacie les Palmiers صيدلية النخيل,Fès,34.0394593,-5.0015078,pharmacy
Pharmacie de France صيدلية فرنسا,Fès,34.0429619,-4.9987649,pharmacy
Pharmacie l'Amitié صيدلية الصداقة,Fès,34.014454,-5.0096513,pharmacy
Pharmacie Bouslikhane صيدلية بوسليخن,Fès,34.0094085,-5.0261096,pharmacy
Pharmacie Acima صيدلية أسيما,Fès,34.0296079,-5.0105717,pharmacy
Pharmacie Echadli صيدلية الشادلي,Fès,34.0078033,-5.0322131,pharmacy
Pharmacie Allal Ben Abdellah صيدلية علال بن عبد الله,Fès,34.033564,-5.0069404,pharmacy
Pharmacie du Maroc صيدلية المغرب,Fès,34.0604344,-4.9817913,pharmacy
Pharmacie la Criée صيدلية المزاد,Fès,34.0005071,-5.0434417,pharmacy
Pharmacie Bahja صيدلية البهجة,Fès,34.0389152,-4.9986734,pharmacy
Pharmacie de la Santé صيدلية الصحة,Fès,34.0128456,-4.9854532,pharmacy
Pharmacie Idrissi صيدلية الإدريسي,Fès,34.0267254,-5.0034341,pharmacy
Pharmacie Debbagh صيدلية الدباغ,Fès,34.0428163,-5.0038728,pharmacy
Pharmacie et Laboratoire Al Amrani صيدلية و مختبر العمراني,Fès,34.0421156,-5.001262,pharmacy
Pharmacie Moulay El Kamel صيدلية مولاي الكامل,Fès,34.0365542,-5.0084996,pharmacy
Pharmacie Mimousa صيدلية ميموزة,Fès,34.0326314,-5.0123203,pharmacy
Pharmacie Zemmouri صيدلية الزموري,Fès,34.0185021,-5.0190467,pharmacy
Pharmacie et Laboratoire El Karaouyine صيدلية و مختبر القرويين,Fès,34.0210364,-4.9929013,pharmacy
Pharmacie Jnane Fès صيدلية جنان فاس,Fès,34.0304772,-5.0051309,pharmacy
Pharmacie Oudghiri صيدلية الودغيري,Fès,34.030867,-5.0078186,pharmacy
Pharmacie Assalama صيدلية السلامة,Fès,34.0451989,-5.0029903,pharmacy
Pharmacie Route d'Immouzer صيدلية طريق إيموزار,Fès,34.0196299,-4.9959536,pharmacy
Pharmacie de l'Hôpital صيدلية المستشفى,Fès,34.0392486,-4.9936096,pharmacy
Pharmacie Moulay Driss صيدلية مولاي ادريس,Fès,34.0336413,-5.0189835,pharmacy
Pharmacie le Palais صيدلية القصر,Fès,34.0307431,-5.0229027,pharmacy
Pharmacie Nouzha صيدلية النزهة,Fès,34.0117154,-5.0108792,pharmacy
Pharmacie El Fath صيدلية الفتح,Fès,34.0374402,-5.0003795,pharmacy
Pharmacie la Croix Verte صيدلية لاكروا فيرت,Fès,34.0385288,-4.9981613,pharmacy
Pharmacie Marjane صيدلية مرجان,Fès,34.0492382,-5.0355052,pharmacy
Pharmacie Al Ichrak صيدلية الإشراق,Fès,34.0167606,-5.0109578,pharmacy
Pharmacie Al Mernissi صيدلية المرنيسي,Fès,34.0392401,-5.0129692,pharmacy
Pharmacie Masjid Ataqwa صيدلية مسجد التقوى,Fès,34.0194622,-5.0056751,pharmacy
Pharmacie Sounni صيدلية السني,Fès,34.0182594,-5.0079836,pharmacy
Pharmacie Bennani صيدلية بناني,Fès,34.032488,-5.02417,pharmacy
Pharmacie Arrachad صيدلية الرشاد,Fès,34.0156004,-5.026931,pharmacy
Pharmacie Farah صيدلية فرح,Fès,34.0221038,-5.0122016,pharmacy
Pharmacie Belbacha صيدلية بالباشة,Fès,34.0304648,-5.013688,pharmacy
Pharmacie Moulay Slimane صيدلية مولاي سليمان,Fès,34.029394,-5.0005704,pharmacy
Pharmacie la Station صيدلية المحطة,Fès,34.0094418,-5.0456351,pharmacy
Pharmacie Azzahraouayn صيدلية الزهراويين,Fès,34.0247453,-5.0407415,pharmacy
Pharmacie Imam Ali صيدلية الإمام علي,Fès,34.0423848,-5.006424,pharmacy
Pharmacie Touzani صيدلية التوزاني,Fès,34.029135,-5.0265075,pharmacy
Pharmacie Pavlov صيدلية بافلوف,Fès,34.0129982,-5.0401436,pharmacy
Pharmacie Bab Ftouh صيدلية باب فتوح,Fès,34.0608412,-4.9664226,pharmacy
Pharmacie Al Ouafae صيدلية الوفاء,Fès,34.0112189,-4.9763526,pharmacy
Pharmacie Naima Lahlou صيدلية نعيمة لحلو,Fès,34.0570103,-4.9905245,pharmacy
Pharmacie Ben Debbab صيدلية بن دباب,Fès,34.0638765,-4.9943906,pharmacy
Pharmacie Lwdaya صيدلية لوداية,Fès,34.0697582,-5.0120009,pharmacy
Pharmacie Arrajae صيدلية الرجاء,Fès,34.03271,-5.047852,pharmacy
Pharmacie Bouzoubaa صيدلية بوزوبع,Fès,34.0206795,-5.0270395,pharmacy
Pharmacie El Malhi صيدلية الملحي,Fès,34.0356746,-5.0245247,pharmacy
Pharmacie El Wardi صيدلية الوردي,Fès,34.0551533,-5.0329316,pharmacy
Pharmacie Al Mawada صيدلية المودة,Fès,34.0067267,-5.0165884,pharmacy
Pharmacie Sahb El Ward صيدلية سهب الورد,Fès,34.0543407,-4.9532305,pharmacy
Pharmacie Al Ghassani صيدلية الغساني,Fès,34.0403695,-4.9898563,pharmacy
Pharmacie L'IRIS صيدلية الاغيس,Fès,34.0213738,-4.9984577,pharmacy
Pharmacie Ziat صيدلية الزيات,Fès,34.0576478,-4.9769857,pharmacy
Pharmacie Saiss صيدلية سايس,Fès,34.0326792,-4.9969956,pharmacy
Pharmacie Nahid صيدلية ناهيد,Fès,34.0633492,-5.0083871,pharmacy
Pharmacie El Attar صيدلية العطار,Fès,34.0420078,-5.0172347,pharmacy
Pharmacie Amine صيدلية أمين,Fès,34.0584106,-4.972887,pharmacy
Pharmacie El Mouahidine صيدلية الموحدين,Fès,34.0427102,-5.0123896,pharmacy
Pharmacie la Bonté صيدلية الطيبة,Fès,34.0337314,-5.0268101,pharmacy
Pharmacie Chifae صيدلية الشفاء,Fès,34.0404482,-5.0087851,pharmacy
Pharmacie des FAR صيدلية الجيش الملكي,Fès,34.0407699,-5.0166336,pharmacy
Pharmacie Doukkarat صيدلية الدكارات,Fès,34.0393502,-5.0217359,pharmacy
Pharmacie Route de Meknès صيدلية طريق مكناس,Fès,34.0395245,-5.0272749,pharmacy
Pharmacie Tazi صيدلية التازي,Fès,34.0397879,-5.0313486,pharmacy
Pharmacie Tarik صيدلية طارق,Fès,34.0281108,-5.0239044,pharmacy
Pharmacie Ait Skattou صيدلية ايت سقاطو,Fès,34.0260824,-5.0012035,pharmacy
Pharmacie Benjelloun صيدلية بنجلون,Fès,34.0268021,-5.0219356,pharmacy
Pharmacie Lalla Soukaina صيدلية للاسكينة,Fès,34.0183664,-5.026767,pharmacy
Pharmacie la Lavande صيدلية الخزامى,Fès,34.0335369,-5.022362,pharmacy
Pharmacie du Passage صيدلية المسار,Fès,34.0359013,-4.9953162,pharmacy
Pharmacie Boutouil صيدلية بوطويل,Fès,34.0560401,-4.9870892,pharmacy
Pharmacie Populaire الصيدلية الشعبية,Fès,34.0539632,-4.9893255,pharmacy
Pharmacie Louajriyeine صيدلية الوجريين,Fès,34.0522071,-4.9901683,pharmacy
Pharmacie Ravin صيدلية الرافان,Fès,34.0345554,-4.9938759,pharmacy
Pharmacie Adarissa صيدلية أدارسة,Fès,34.0215149,-5.0070833,pharmacy
Pharmacie Yassine صيدلية ياسين,Fès,34.0158487,-5.0070187,pharmacy
Pharmacie Dhar El Mehraz صيدلية ظهر المهراز,Fès,34.0369664,-4.9896306,pharmacy
Pharmacie Jnane El Berdai صيدلية جنان البردعي,Fès,34.0349848,-5.0558381,pharmacy
Pharmacie de la Gare صيدلية المحطة,Fès,34.0448431,-5.0066483,pharmacy
Pharmacie Hay El Anbra صيدلية حي العنبرة,Fès,34.0100955,-5.0352723,pharmacy
Pharmacie Saadi صيدلية السعدي,Fès,34.0047517,-5.0137715,pharmacy
Pharmacie Ain Amir صيدلية عين عمير,Fès,34.0026816,-5.004085,pharmacy
Pharmacie Boulevard du Joulane صيدلية شارع الجولان,Fès,34.0314245,-4.9925868,pharmacy
Pharmacie Ville Nouvelle صيدلية المدينة الجديدة,Fès,34.0343137,-4.9980042,pharmacy
Pharmacie du Boulevard صيدلية الشارع,Fès,34.0408528,-4.9966699,pharmacy
Pharmacie Oum Al Banine صيدلية أم البنين,Fès,34.0586789,-4.9795617,pharmacy
Pharmacie Sebti صيدلية السبتي,Fès,34.0323654,-5.0003964,pharmacy
Pharmacie la Commune صيدلية الجماعة الجديدة,Fès,34.0333816,-5.0153706,pharmacy
Pharmacie Youssra صيدلية يسرى,Fès,34.0293711,-4.9818124,pharmacy
Pharmacie Ilyas صيدلية إلياس,Fès,34.0451274,-4.9876615,pharmacy
Pharmacie Bab Alghoul صيدلية باب الغول,Fès,34.0413437,-4.986712,pharmacy
Pharmacie Marhaba صيدلية مرحبا,Fès,34.0269793,-4.9880236,pharmacy
Pharmacie Bahia صيدلية باهية,Fès,34.0248246,-4.9854877,pharmacy
Pharmacie Boughafer صيدلية بوغافر,Fès,34.0222771,-4.9859761,pharmacy
Pharmacie Al Farabi صيدلية الفرابي,Fès,34.0369228,-5.0206543,pharmacy
Pharmacie Zakaria صيدلية زكرياء,Fès,34.0248226,-5.0180415,pharmacy
Pharmacie Chaymae صيدلية شيماء,Fès,34.0324461,-5.0585174,pharmacy
Pharmacie Ibn Haitam صيدلية بن الهيثم,Fès,34.0211705,-4.9830509,pharmacy
Pharmacie El Azhar صيدلية الأزهر,Fès,34.0191682,-5.0126464,pharmacy
Pharmacie Ibn Al Hassan صيدلية ابن الحسن,Fès,34.0605169,-5.0049131,pharmacy
Pharmacie Iraqi Karima صيدلية عراقي كريمة,Fès,34.0206327,-5.0025925,pharmacy
Pharmacie Al Ambra  صيدلية العنبرة,Fès,34.0227833,-4.9995074,pharmacy
Pharmacie Al Irfane صيدلية العرفان,Fès,34.0175081,-5.0048856,pharmacy
Pharmacie Amal Achifae صيدلية أمل الشفاء,Fès,34.0303207,-5.0546196,pharmacy
Pharmacie Badr صيدلية بدر,Fès,34.0215987,-5.0167602,pharmacy
Pharmacie Azzahrae صيدلية الزهراء,Fès,34.0202531,-5.0235395,pharmacy
Pharmacie Agdal صيدلية أكدال,Fès,34.0214796,-5.0205636,pharmacy
Pharmacie Labaraka صيدلية البركة,Fès,34.0189521,-5.0152133,pharmacy
Pharmacie Ennassiri صيدلية الناصري,Fès,34.0233883,-5.0210753,pharmacy
Pharmacie Omari صيدلية عماري,Fès,34.0268791,-5.0063514,pharmacy
Pharmacie Demnati صيدلية الدمناتي,Fès,34.0207935,-5.0303522,pharmacy
Pharmacie Platanes صيدلية السيجان,Fès,34.0043523,-5.00755,pharmacy
Pharmacie de l'Atlas صيدلية الأطلس,Fès,34.0318989,-4.9948294,pharmacy
Pharmacie Afifa صيدلية عفيفة,Fès,34.0234473,-5.0091718,pharmacy
Pharmacie Ifrane صيدلية إفران,Fès,34.0144858,-5.0015964,pharmacy
Pharmacie Al Korachi صيدلية القرشي,Fès,34.0191247,-5.0016602,pharmacy
Pharmacie Jabri صيدلية جابري,Fès,34.0158774,-5.0043792,pharmacy
Pharmacie L'Opera صيدلية الأوبرا,Fès,34.0288781,-4.9951509,pharmacy
Pharmacie Erriad صيدلية الرياض,Fès,34.0244919,-5.0126568,pharmacy
Pharmacie Mekouar صيدلية مكوار,Fès,34.0309569,-4.9981453,pharmacy
Pharmacie Pasteur صيدلية باستور,Fès,34.0271122,-5.009844,pharmacy
Pharmacie Arrazi صيدلية الرازي,Fès,34.0260606,-4.9976251,pharmacy
Pharmacie Conseil صيدلية النصيحة,Fès,34.0132374,-4.9815705,pharmacy
Pharmacie Al Ihssane,Fès,34.0101598,-4.9792405,pharmacy
Pharmacie El Karam صيدلية الكرم,Fès,34.0698093,-4.9870605,pharmacy
Pharmacie El Majd صيدلية المجد,Fès,34.0176898,-4.9808471,pharmacy
Pharmacie Taiba صيدلية طيبة,Fès,34.001416,-5.0066556,pharmacy
Pharmacie Ibn Khaldoun صيدلية ابن خلدون,Fès,34.0144522,-4.9717966,pharmacy
Pharmacie C.H.U Hassan II صيدلية الحسن الثاني,Fès,34.0076473,-4.9779753,pharmacy
Pharmacie Al Inaya صيدلية العناية,Fès,34.0166064,-4.9775556,pharmacy
Pharmacie Al Ikhwa صيدلية الإخوة,Fès,34.0069752,-5.0085257,pharmacy
Pharmacie Haoudi صيدلية هاودي,Fès,34.0196338,-4.9851537,pharmacy
Pharmacie Najmi صيدلية نجمي,Fès,34.0067506,-5.0053672,pharmacy
Pharmacie La Victoire صيدلية النصر,Fès,34.0178887,-4.9862395,pharmacy
Pharmacie Fatima Ezzahra صيدلية فاطمة الزهراء,Fès,34.0046872,-5.0014405,pharmacy
Pharmacie El Houda صيدلية الهدى,Fès,34.0171254,-4.9894159,pharmacy
Pharmacie Bakkali صيدلية البقالي,Fès,34.0103035,-5.0057817,pharmacy
Pharmacie Florida صيدلية فلوريدا,Fès,34.0076467,-5.0031474,pharmacy
Pharmacie Mont Fleuri صيدلية الجبل,Fès,34.0152601,-4.9860772,pharmacy
Pharmacie Al Yousr صيدلية اليسر,Fès,34.012366,-5.0027424,pharmacy
Pharmacie Al Fadila صيدلية الفضيلة,Fès,34.0114188,-4.988769,pharmacy
Pharmacie Ryad صيدلية الرياض,Fès,34.0265672,-4.9935021,pharmacy
Pharmacie Ghizlane صيدلية غزلان,Fès,34.0057403,-4.9687656,pharmacy
Pharmacie l'Entente صيدلية الإتفاق,Fès,34.0242974,-4.9897763,pharmacy
Pharmacie Route de Sefrou صيدلية طريق صفرو,Fès,34.0212182,-4.9879182,pharmacy
Pharmacie Faculté de Médecine صيدلية كلية الطب,Fès,34.0076423,-4.9652236,pharmacy
Pharmacie Fès Shore صيدلية فاس شور,Fès,34.0093643,-4.9616705,pharmacy
Pharmacie Nour El Houda صيدلية نور الهدى,Fès,34.0129244,-4.965755,pharmacy
Pharmacie Champs de Courses صيدلية ملعب الخيل,Fès,34.036918,-5.0152573,pharmacy
Pharmacie Firdaous صيدلية الفردوس,Fès,34.0146357,-4.9897963,pharmacy
Pharmacie de l'Hôpital Universitaire صيدلية المستشفى الجامعي,Fès,34.0106557,-4.9657329,pharmacy
Pharmacie Ibn Hazm صيدلية بن حزم,Fès,34.0091231,-4.9695833,pharmacy
Pharmacie Yasmine صيدلية ياسمين,Fès,34.0102284,-4.9880887,pharmacy
Pharmacie Ben Cheikh صيدلية ابن الشيخ,Fès,34.0127576,-4.9700355,pharmacy
Pharmacie Al Wassila صيدلية الوسيلة,Fès,34.0063267,-4.9737192,pharmacy
Pharmacie Al Fajr صيدلية الفجر,Fès,34.0154938,-4.9630375,pharmacy
Pharmacie Beyrout صيدلية بيروت,Fès,34.0078871,-4.984039,pharmacy
Pharmacie Lahbabi صيدلية لحبابي,Fès,34.0044736,-4.9892319,pharmacy
Pharmacie le Docteur صيدلية الدكتور,Fès,34.018087,-4.9665089,pharmacy
Pharmacie Mourchid صيدلية مرشد,Fès,34.0133949,-4.9784725,pharmacy
Pharmacie Complexe Sportif صيدلية المركب الرياضي,Fès,34.0171017,-4.9699202,pharmacy
Pharmacie Lina صيدلية لينة,Fès,34.0166758,-4.9745419,pharmacy
Pharmacie Azzouzi صيدلية عزوزي,Fès,34.0153241,-4.9795386,pharmacy
Pharmacie Yousfi صيدلية يوسفي,Fès,34.0057858,-4.9834357,pharmacy
Pharmacie Sidi Brahim صيدلية سيدي ابراهيم,Fès,34.0201153,-4.9703139,pharmacy
Pharmacie Noureddine صيدلية نور الدين,Fès,34.0200563,-4.9641712,pharmacy
Pharmacie du Quartier Industriel صيدلية الحي الصناعي,Fès,34.0222491,-4.9714568,pharmacy
Pharmacie Talbi صيدلية طالبي,Fès,34.0193429,-4.9765996,pharmacy
Pharmacie Al Ikhlasse صيدلية الإخلاص,Fès,34.0041222,-4.978387,pharmacy
Pharmacie Zohour صيدلية الزهور,Fès,34.0044491,-4.9828381,pharmacy
Pharmacie Al Akhawayn صيدلية الأخوين,Fès,34.0074565,-4.9804051,pharmacy
Pharmacie Hay El Hassani صيدلية حي الحساني,Fès,34.0209771,-4.9744947,pharmacy
Pharmacie Narjiss صيدلية النرجس,Fès,34.0206094,-4.9788651,pharmacy
Pharmacie Ismailia صيدلية الإسماعيلية,Fès,34.0109079,-4.9831621,pharmacy
Pharmacie Cotef صيدلية كوطيف,Fès,34.0227418,-4.9779877,pharmacy
Pharmacie Saoussane صيدلية سوسن,Fès,34.002518,-4.9877202,pharmacy
Pharmacie La Famille صيدلية العائلة,Fès,34.0050682,-4.9869764,pharmacy
Pharmacie Hameda Benchekroun صيدلية حميدة بنشقرون,Fès,34.0086636,-4.993274,pharmacy
Pharmacie Makro صيدلية ماكرو,Fès,34.0201123,-5.0532944,pharmacy
La Grande Pharmacie الصيدلية الكبرى,Fès,34.0239277,-5.0555968,pharmacy
Pharmacie El Boutahri صيدلي البوطهري,Fès,34.0182077,-5.0574499,pharmacy
Pharmacie Assafwa صيدلية الصفوة,Fès,34.0215063,-5.0490094,pharmacy
Pharmacie El Hijazi صيدلية الحجازي,Fès,34.0202864,-5.0462911,pharmacy
Pharmacie Sandra صيدلية ساندرا,Fès,34.0242119,-5.0506962,pharmacy
Pharmacie Zouagha Bas صيدلية الزواغة السفلى,Fès,34.0277814,-5.0462297,pharmacy
Pharmacie Al Hamd صيدلية الحمد,Fès,34.0274386,-5.0413497,pharmacy
Pharmacie El Qods صيدلية القدس,Fès,34.0156066,-5.0510426,pharmacy
Pharmacie L'Avenir صيدلية المستقبل,Fès,34.0303541,-5.0410357,pharmacy
Pharmacie Al Marja صيدلية المرجة,Fès,34.0312285,-5.0446229,pharmacy
Pharmacie Attaakhi صيدلية التآخي,Fès,34.031626,-5.051411,pharmacy
Pharmacie Arreda صيدلية الرضا,Fès,34.0365448,-5.0494287,pharmacy
Pharmacie Sefrioui صيدلية الصفريوي,Fès,34.0088152,-5.0097849,pharmacy
Pharmacie Diamant Vert صيدلية الجوهرة الخضراء,Fès,34.0009245,-5.0120511,pharmacy
Pharmacie Ouad El Jawahir صيدلية واد الجواهر,Fès,34.0388197,-5.0507853,pharmacy
Pharmacie Wafi صيدلية الوافي,Fès,34.036935,-5.0441143,pharmacy
Pharmacie Espace Santé صيدلية فضاء الصحة,Fès,34.0341382,-5.0436688,pharmacy
Pharmacie Haj Bensalem صيدلية الحاج بنسالم,Fès,34.0351489,-5.038962,pharmacy
Pharmacie Italia صيدلية إيطاليا,Fès,34.0401158,-5.0349723,pharmacy
Pharmacie Al Najoua صيدلية النجوى,Fès,34.0375903,-5.0406043,pharmacy
Pharmacie El Iraki صيدلية العراقي,Fès,34.0147038,-5.0486606,pharmacy
Pharmacie Al Oumma صيدلية الأمة,Fès,34.0233281,-5.0375648,pharmacy
Pharmacie Zouagha صيدلية الزواغة,Fès,34.0247648,-5.0351104,pharmacy
Pharmacie Bensouda صيدلية بن سودة,Fès,34.0170139,-5.0531777,pharmacy
Pharmacie Av Med VI صيدلية شارع محمد السادس,Fès,34.0263639,-5.028244,pharmacy
Pharmacie des Sciences صيدلية العلوم,Fès,34.0104753,-5.0176469,pharmacy
Pharmacie Sekkat صيدلية السقاط,Fès,34.0125631,-5.0227221,pharmacy
Pharmacie Al Wahda صيدلية الوحدة,Fès,34.0132168,-5.0514716,pharmacy
Pharmacie Kandoussi صيدلية القندوسي,Fès,34.0037878,-5.0446424,pharmacy
Pharmacie Ain Smen صيدلية عين السمن,Fès,34.0120186,-5.0262209,pharmacy
Pharmacie Errachidia صيدلية الراشدية,Fès,34.015282,-5.0136845,pharmacy
Pharmacie Al Kaoutar صيدلية الكوثر,Fès,34.0136031,-5.0293645,pharmacy
Pharmacie Fahmi صيدلية فهمي,Fès,34.0170581,-5.0296466,pharmacy
Pharmacie Ayoub صيدلية أيوب سيد الهادي,Fès,34.0153361,-5.031363,pharmacy
Pharmacie Basma,Fès,34.0173431,-5.0331285,pharmacy
Pharmacie le Coin صيدلية الركن,Fès,34.012893,-5.0331652,pharmacy
Pharmacie Sanabil صيدلية السنابل,Fès,34.021261,-5.03528,pharmacy
Pharmacie Dar Es-Salam صيدلية دار السلام,Fès,34.0232632,-5.0287799,pharmacy
Pharmacie Addoha صيدلية الضحى,Fès,34.0237733,-5.0322943,pharmacy
Pharmacie Oum El Koura صيدلية أم القرى,Fès,34.0184753,-5.0364946,pharmacy
Pharmacie Al Farouk صيدلية الفاروق,Fès,34.0203423,-5.0385293,pharmacy
Pharmacie Sidi El Hadi صيدلية سيدي الهادي,Fès,34.0183742,-5.0407606,pharmacy
Pharmacie Al Khattabi صيدلية الخطابي,Fès,34.0139363,-5.0434335,pharmacy
Pharmacie Sagha صيدلية الصاغة,Fès,34.066239,-4.9748059,pharmacy
Pharmacie Chifae Arrahmane صيدلية شفاء الرحمان,Fès,34.0516802,-5.0433317,pharmacy
Pharmacie Jardin de Tghath صيدلية حديقة تغاث,Fès,34.0595306,-5.0238346,pharmacy
Pharmacie Errachid صيدلية الرشيد,Fès,34.0704938,-4.9996766,pharmacy
Pharmacie Al Imam Mouslim صيدلية الإمام مسلم,Fès,34.0670337,-5.0108801,pharmacy
Pharmacie Dar Dmana صيدلية دار الضمانة,Fès,34.0650353,-4.9574981,pharmacy
Pharmacie Al Youmne صيدلية اليمن,Fès,34.0092557,-5.0413397,pharmacy
Pharmacie Volubilis صيدلية وليلي,Fès,34.0347847,-5.0003661,pharmacy
Pharmacie Riad Chafi صيدلية رياض الشافي,Fès,34.0164626,-4.9599062,pharmacy
Pharmacie Asmae صيدلية أسماء,Fès,34.0136448,-4.9752165,pharmacy
Pharmacie du Lido صيدلية الليدو,Fès,34.0331265,-4.9904057,pharmacy
Pharmacie Saada صيدلية السعادة,Fès,34.0256245,-5.0048828,pharmacy
Pharmacie Gharnata صيدلية غرناطة,Fès,34.0357569,-5.0287686,pharmacy
Pharmacie Berrada صيدلية برادة,Fès,34.0591521,-5.0138627,pharmacy
Pharmacie Averroès صيدلية ابن رشد,Fès,34.0433492,-5.0091946,pharmacy
Pharmacie Attouraya صيدلية الثريا,Fès,34.0695594,-4.9955712,pharmacy
Pharmacie Hay Belkhayat صيدلية حي بلخياط,Fès,34.0686025,-5.001806,pharmacy
Pharmacie Al Mamalik صيدلية الممالك,Fès,34.0658698,-4.9968004,pharmacy
Pharmacie le Remède صيدلية الدواء,Fès,34.0588845,-5.0111457,pharmacy
Pharmacie Ain Kadouss صيدلية عين قادوس,Fès,34.0598898,-5.008256,pharmacy
Pharmacie Benkirane صيدلية بنكيران,Fès,34.0596226,-5.0169477,pharmacy
Pharmacie El Ghazi صيدلية الغازي,Fès,34.0567516,-5.0152941,pharmacy
Pharmacie Jbel Tghat صيدلية جبل ثغات,Fès,34.0577633,-5.0212595,pharmacy
Pharmacie Faiza صيدلية فايزة,Fès,34.0566911,-5.0303904,pharmacy
Pharmacie Salah صيدلية صلاح,Fès,34.0554449,-5.0256744,pharmacy
Pharmacie Reda صيدلية رضا,Fès,34.0571553,-5.0267418,pharmacy
Pharmacie Al Imane صيدلية الإيمان,Fès,34.0523514,-5.0344778,pharmacy
Pharmacie Al Falah صيدلية الفلاح,Fès,34.0550044,-5.0287002,pharmacy
Pharmacie Ain Haroun صيدلية عين هارون,Fès,34.066531,-5.0073181,pharmacy
Pharmacie Ibn Al Khatib صيدلية بن الخطيب,Fès,34.0665259,-5.0035026,pharmacy
Pharmacie Agadir صيدلية أكادير,Fès,34.063744,-5.009789,pharmacy
Pharmacie Saida صيدلية سعيدة,Fès,34.0651564,-5.0162463,pharmacy
Pharmacie Es-Salam صيدلية السلام,Fès,34.0610614,-5.0123122,pharmacy
Pharmacie Ibn Sina صيدلية ابن سينا,Fès,34.0634415,-5.0054342,pharmacy
Pharmacie Dayaa صيدلية الضيعة,Fès,34.0627967,-5.0181666,pharmacy
Pharmacie Hay Laalou صيدلية حي لعلو,Fès,34.0651138,-5.0121204,pharmacy
Pharmacie Al Imam Malik صيدلية الإمام مالك,Fès,34.0622255,-5.0215687,pharmacy
Pharmacie Al Marwa صيدلية المروى,Fès,34.0602017,-5.0285858,pharmacy
Pharmacie Al Hilal صيدلية الهلال,Fès,34.0611772,-5.0330511,pharmacy
Pharmacie Soundous صيدلية السندس,Fès,34.0593037,-5.0364883,pharmacy
Pharmacie El Boukhari صيدلية البخاري,Fès,34.0567425,-5.0352601,pharmacy
Pharmacie Mounia صيدلية مونية,Fès,34.058589,-5.0397344,pharmacy
Pharmacie Youssef Ben Tachafine صيدلية يوسف تاشفين,Fès,34.0549853,-5.0415456,pharmacy
Pharmacie Lhoumadi صيدلية لحومادي,Fès,34.0511596,-5.0393854,pharmacy
Pharmacie Maalal صيدلية معلال,Fès,34.0531852,-5.0380269,pharmacy
Pharmacie Hasnaoui صيدلية الحسناوي,Fès,34.0587131,-5.0454574,pharmacy
Pharmacie Dr Obtel صيدلية د.أوبتيل,Fès,34.05283,-5.048599,pharmacy
Pharmacie El Mountazah صيدلية المنتزه,Fès,34.0558711,-5.0446871,pharmacy
Pharmacie Nasma صيدلية نسمة,Fès,34.0453606,-4.9541227,pharmacy
Pharmacie Al Hanae صيدلية الهناء,Fès,34.0488103,-4.9606574,pharmacy
Pharmacie Bled Tahiriyine صيدلية بلاد الطاهريين,Fès,34.0474135,-4.9562404,pharmacy
Pharmacie Al Makkiya صيدلية المكية,Fès,34.0507379,-4.9572886,pharmacy
Pharmacie Driss صيدلية إدريس,Fès,34.0501087,-4.9644643,pharmacy
Pharmacie Wisslane صيدلية ويسلان,Fès,34.0581225,-4.9520117,pharmacy
Pharmacie El Louizatt صيدلية اللويزات,Fès,34.0593227,-4.9564327,pharmacy
Pharmacie M'sella صيدلية المصلى,Fès,34.0524925,-4.9608524,pharmacy
Pharmacie la Ménara صيدلية المنارة,Fès,34.0142987,-4.9681185,pharmacy
Pharmacie Kamal صيدلية كمال,Fès,34.0571051,-4.9544992,pharmacy
Pharmacie Al Walidin صيدلية الوالدين,Fès,34.0611174,-4.93784,pharmacy
Pharmacie Saguia Lhamra صيدلية الساقية الحمراء,Fès,34.0182531,-4.9723992,pharmacy
Pharmacie Aouinat El Hajjaj صيدلية عوينات الحجاج,Fès,34.0200745,-4.967283,pharmacy
Pharmacie El Alj صيدلية العلج,Fès,34.0199568,-4.9679916,pharmacy
Pharmacie Alae Arrahman صيدلية الرحمان,Fès,34.0178391,-4.9630909,pharmacy
Pharmacie Moulay Abdellah صيدلية مولاي عبد الله,Fès,34.0571831,-4.9933334,pharmacy
Pharmacie Bab Fès صيدلية باب فاس,Fès,34.0611947,-4.9418139,pharmacy
Pharmacie Moulay M'Barek صيدلية مولاي مبارك,Fès,34.0639385,-4.9543363,pharmacy
Pharmacie Ain Nokbi صيدلية عين النقبي,Fès,34.0617846,-4.9526825,pharmacy
Pharmacie El Kobba صيدلية القبة,Fès,34.0644193,-4.9527481,pharmacy
Pharmacie Jnane Kadiri صيدلية جنان القادري,Fès,34.067096,-4.955399,pharmacy
Pharmacie Al Andalous صيدلية الأندلس,Fès,34.0704308,-4.966285,pharmacy
Pharmacie Jnan Mekouar صيدلية جنان مكوار,Fès,34.0718486,-4.96295,pharmacy
Pharmacie Fatima Al Fihriya صيدلية فاطمة الفهرية,Fès,34.0560754,-4.9741905,pharmacy
Pharmacie Zkak Lahjar صيدلية زقاق الحجر,Fès,34.0633697,-4.9777072,pharmacy
Pharmacie Bab El Guissa صيدلية باب عجيسة,Fès,34.068623,-4.9757032,pharmacy
Pharmacie Oued Zhoun صيدلية واد الزحون,Fès,34.0685381,-4.9706313,pharmacy
Pharmacie Zarouk صيدلية زروق,Fès,34.0707225,-4.9689367,pharmacy
Pharmacie Hanane صيدلية حنان,Fès,34.0667619,-4.9635254,pharmacy
Pharmacie Jnan Drader صيدلية جنان الدرادر,Fès,34.0673755,-4.9698138,pharmacy
Pharmacie Sidi Boujida صيدلية سيدي بوجيدة,Fès,34.0667762,-4.9669479,pharmacy
Pharmacie Ibn Battouta صيدلية بن بطوطة,Fès,34.0656218,-4.9624823,pharmacy
Pharmacie Al Anouar صيدلية الأنوار,Fès,34.0637703,-4.9664302,pharmacy
Pharmacie Bab El Hamraa صيدلية باب الحمراء,Fès,34.0605946,-4.9688505,pharmacy
Pharmacie Lagzira صيدلية الجزيرة,Fès,34.0620445,-4.9716214,pharmacy
Pharmacie Tadlaoui صيدلية التدلاوي,Fès,34.0541841,-5.0183917,pharmacy
Pharmacie Bouramana صيدلية بورمانة,Fès,34.0225701,-4.9940671,pharmacy
Pharmacie de Paris صيدلية باريس,Fès,34.0103805,-4.9858207,pharmacy
Pharmacie Route Sidi Hrazem صيدلية طريق سيدي حرازم,Fès,34.010757,-4.9558975,pharmacy
Pharmacie Menzeh Saïss صيدلية منزه سايس,Fès,34.0075084,-4.9541278,pharmacy
Pharmacie Guard صيدلية كارد,Fès,34.0112352,-4.9739285,pharmacy
Pharmacie Ibno Tachefine صيدلية ابن تاشفين,Fès,34.0117766,-4.9722125,pharmacy
Pharmacie Essania صيدلية السانية,Fès,34.0098741,-4.9609846,pharmacy
Pharmacie Bel Air صيدلية بلير,Fès,34.0126429,-4.9607711,pharmacy
Pharmacie Ryad Saiss صيدلية رياض سايس,Fès,34.0145582,-4.9616357,pharmacy
Pharmacie Hay Riyad صيدلية حي الرياض,Fès,34.0192846,-4.9605092,pharmacy
Pharmacie El Otmani صيدلية العثماني,Fès,34.0229583,-4.9649338,pharmacy
Pharmacie de l'Université صيدلية الجامعة,Fès,34.033483,-4.9859151,pharmacy
Pharmacie Al Alia صيدلية العالية,Fès,34.0139018,-5.0059757,pharmacy
Pharmacie Masjid Arreda صيدلية مسجد الرضى,Fès,34.002482,-4.9982576,pharmacy
Pharmacie Rachidia 3 صيدلية الراشدية,Fès,34.0123275,-5.0141604,pharmacy
Pharmacie Steven صيدلية ستيفن,Fès,34.0258203,-5.0095409,pharmacy
Pharmacie Technologie صيدلية التكنولوجيا,Fès,34.0077585,-5.0138875,pharmacy
Pharmacie Socrate صيدلية سقراط,Fès,34.0039944,-5.0171304,pharmacy
Pharmacie Zahraoui صيدلية الزهراوي,Fès,34.001512,-5.0153503,pharmacy
Pharmacie Al Madina صيدلية المدينة,Fès,34.0032877,-5.0111208,pharmacy
Pharmacie Rihab صيدلية رحاب,Fès,34.0360636,-5.0051466,pharmacy
Pharmacie Bennouna صيدلية بنونة,Fès,34.0233152,-5.0237243,pharmacy
Pharmacie Aida صيدلية عايدة,Fès,34.0390484,-5.0183225,pharmacy
Pharmacie Ghrissi صيدلية غريسي,Fès,34.0161109,-5.0713247,pharmacy
Pharmacie Al Jawaher صيدلية الجواهر,Fès,34.0342938,-5.0613538,pharmacy
Pharmacie Route Ras Lma صيدلية طريق راس الما,Fès,34.0128948,-5.069146,pharmacy
Pharmacie Zahir صيدلية زاهر,Fès,34.021658,-5.0579744,pharmacy
Pharmacie Aicha صيدلية عائشة,Fès,34.0111367,-5.0650531,pharmacy
Pharmacie Ghita صيدلية غيثة,Fès,34.0120727,-5.0617496,pharmacy
Pharmacie Khawarizmi صيدلية الخوارزمي,Fès,34.0146727,-5.0618088,pharmacy
Pharmacie Wisslane صيدلية ويسلان,Fès,34.0168098,-5.0494146,pharmacy
Pharmacie des Champs صيدلية الحقول,Fès,34.0361253,-5.0345556,pharmacy
Pharmacie Moussaoui صيدلية موساوي,Fès,34.0414705,-5.048577,pharmacy
Pharmacie Al Omnia صيدلية الأمنية,Fès,34.0272369,-5.0520034,pharmacy
Pharmacie Paraconfiance صيدلية باراكونفيونس,Fès,34.0226454,-5.0489759,pharmacy
Pharmacie Nellia صيدلية نيليا,Fès,34.0144488,-5.0362829,pharmacy
Pharmacie Belmhani صيدلية بلمهاني,Fès,34.0523606,-4.9924017,pharmacy
Pharmacie Tajmouati صيدلية تجموعتي,Fès,34.0117048,-5.0070681,pharmacy
Pharmacie El Borj صيدلية البرج,Fès,34.0686958,-4.9857424,pharmacy
Pharmacie Hay Benslimane صيدلية حي بنسليمان,Fès,34.0696287,-4.9864241,pharmacy
Pharmacie de Fès صيدلية فاس,Fès,34.06438,-5.0110997,pharmacy
Pharmacie Ouandou صيدلية واندو,Fès,34.0572905,-5.0314442,pharmacy
Pharmacie Ziat صيدلية الزيات,Fès,34.0585728,-4.9791927,pharmacy
Pharmacie Nationale,Fès,34.0626035,-4.9795049,pharmacy
Pharmacie Nour,Fès,34.0529333,-4.9921724,pharmacy
Pharmacie Anegay صيدلية أنغاي,Tanger,35.7851172,-5.8124517,pharmacy
Pharmacie Bab Bhar صيدلية باب البحر,Tanger,35.7878722,-5.8117732,pharmacy
Pharmacie Al Maghrib صيدلية المغرب,Tanger,35.7826008,-5.8129687,pharmacy
Pharmacie La Cité Universitaire صيدلية الحي الجامعي,Tanger,35.7338104,-5.8846632,pharmacy
Pharmacie Moderne صيدلية العصرية,Tanger,35.784065,-5.8126868,pharmacy
Pharmacie Cervantes صيدلية سيرفانطيس,Tanger,35.7826706,-5.8104385,pharmacy
Pharmacie Masjid Al Azhar صيدلية مسجد الأزهر,Tanger,35.7606341,-5.825484,pharmacy
Pharmacie Al Aouama Al Gharbia صيدلية العوامة الغربية,Tanger,35.7261824,-5.8038898,pharmacy
Pharmacie Al Hanae صيدلية الهناء,Tanger,35.7308435,-5.8029761,pharmacy
Pharmacie Al Machkouri صيدلية المشكوري,Tanger,35.7329935,-5.8152164,pharmacy
Pharmacie Marbella صيدلية مربيا,Tanger,35.7264593,-5.7564234,pharmacy
Pharmacie De La Plage صيدلية الشاطئ,Tanger,35.778779,-5.8025272,pharmacy
Pharmacie Aswak Assalam صيدلية أسواق السلام,Tanger,35.7379607,-5.8736926,pharmacy
صيدلية اليسر,Tanger,35.7786487,-5.8079357,pharmacy
Pharmacie du Soleil صيدلية الشمس,Tanger,35.7748656,-5.810182,pharmacy
Pharmacie Europharm صيدلية أوروفارم,Tanger,35.7150964,-5.8043066,pharmacy
Pharmacie du Conseil صيدلية النصيحة,Tanger,35.7377338,-5.8085571,pharmacy
Pharmacie Makarim صيدلية مكارم,Tanger,35.7411624,-5.8314178,pharmacy
Pharmacie Al Baraka صيدلية البركة,Tanger,35.7815245,-5.8211285,pharmacy
Pharmacie Branes 2 صيدلية برانس,Tanger,35.7614251,-5.8360408,pharmacy
Pharmacie Sidi Boukhari صيدلية سيدي البخاري,Tanger,35.7829045,-5.8319132,pharmacy
صيدلية ياسين,Tanger,35.7696784,-5.8275932,pharmacy
Pharmacie El Moufid صيدلية المفيد,Tanger,35.7468356,-5.8354746,pharmacy
Droguerie أجزاخانة,Tanger,35.7336139,-5.8813982,pharmacy
Pharmacie Boukhalef صيدلية بوخالف,Tanger,35.7352745,-5.8798639,pharmacy
Droguerie Assalam,Tanger,35.7373966,-5.8857644,pharmacy
Pharmacie Yanit,Tanger,35.7059664,-5.9041476,pharmacy
Pharmacie Achour صيدلية عاشور,Tanger,35.7027591,-5.912325,pharmacy
Pharmacie Sidi Bouwafi صيدلية سيدي بوافي,Tanger,35.7650061,-5.8235157,pharmacy
Pharmacie Afilal صيدلية أفيلال,Tanger,35.7619903,-5.7998232,pharmacy
Pharmacie Place Des Arômes صيدلية العبير,Tanger,35.7608613,-5.7958861,pharmacy
Pharmacie Metioui صيدلية المتيوي,Tanger,35.7748294,-5.7980371,pharmacy
Pharmacie Al Madkhal Al Karim صيدلية المدخل الكريم,Tanger,35.7698574,-5.7893742,pharmacy
Pharmacie Doha صيدلية الضحى,Tanger,35.7601813,-5.7913394,pharmacy
Pharmacie De Tanger صيدلية طنجة,Tanger,35.7546704,-5.7927828,pharmacy
Pharmacie Touzani صيدلية التوزاني,Tanger,35.7586041,-5.7933354,pharmacy
Pharmacie de la Ville Nouvelle صيدلية المدينة الجديدة,Tanger,35.7033186,-5.9359797,pharmacy
Pharmacie les Jardins de l’Atlantique صيدلية حدائق الأطلسي,Tanger,35.7054585,-5.9309591,pharmacy
Pharmacie Vidal صيدلية فيدال,Tanger,35.7064759,-5.9180722,pharmacy
Pharmacie Bassam صيدلية بسام,Tanger,35.7090476,-5.915646,pharmacy
Pharmacie Zone Franche صيدلية المنطقة الحرة,Tanger,35.7090939,-5.9092204,pharmacy
Pharmacie El Irfane صيدلية العرفان 2,Tanger,35.7412978,-5.886864,pharmacy
Pharmacie Al Faraj صيدلية الفرج,Tanger,35.7374727,-5.8835907,pharmacy
Pharmacie Cap Spartel صيدلية كاب سبارطيل,Tanger,35.737151,-5.8875324,pharmacy
Pharmacie Al Irfane صيدلية العرفان,Tanger,35.7324127,-5.8819208,pharmacy
Pharmacie Route de Rabat صيدلية طريق الرباط,Tanger,35.7296197,-5.8802996,pharmacy
Pharmacie Al Moustakbal صيدلية المستقبل,Tanger,35.7338,-5.8686245,pharmacy
Pharmacie Bennani صيدلية بناني,Tanger,35.7403433,-5.8778488,pharmacy
Pharmacie Achakkar صيدلية أشقار,Tanger,35.7447997,-5.8845612,pharmacy
Pharmacie Al Hamd صيدلية الحمد,Tanger,35.7355071,-5.8587766,pharmacy
Pharmacie Hassani صيدلية الحسني,Tanger,35.7371355,-5.8556197,pharmacy
Pharmacie Nour Moujamma Hassani صيدلية نور المجمع الحسني,Tanger,35.7309886,-5.8524769,pharmacy
Pharmacie Wissal صيدلية وصال,Tanger,35.7323562,-5.8557741,pharmacy
Pharmacie Bayti صيدلية بيتي,Tanger,35.7315199,-5.848763,pharmacy
Pharmacie Ajial صيدلية أجيال,Tanger,35.7304537,-5.8458172,pharmacy
Pharmacie Bir El Ghazi صيدلية بئر الغازي,Tanger,35.7132712,-5.8109078,pharmacy
Pharmacie La Perle du Boughaz صيدلية جوهرة البوغاز,Tanger,35.7096498,-5.8066446,pharmacy
Pharmacie la Vie صيدلية الحياة,Tanger,35.7121675,-5.804804,pharmacy
Pharmacie Salima صيدلية سليمة,Tanger,35.7205009,-5.7919902,pharmacy
Pharmacie Khadak Dir صيدلية خضر دير,Tanger,35.7229624,-5.7918022,pharmacy
Pharmacie Hjar Sfar صيدلية حجر الصفر,Tanger,35.7230817,-5.7891985,pharmacy
Pharmacie Madcher Al Aouama صيدلية مدشر العوامة,Tanger,35.7218432,-5.794929,pharmacy
Pharmacie Azhar Chifae صيدلية أزهار الشفاء,Tanger,35.7203982,-5.7979005,pharmacy
Pharmacie Aïn Dalya صيدلية عين دالية,Tanger,35.7201044,-5.8044386,pharmacy
Pharmacie Khandaq El Ward صيدلية خندق الورد,Tanger,35.7278783,-5.7930472,pharmacy
Pharmacie Abdelmajid Al Atia صيدلية عبد المجيد العطية,Tanger,35.7279901,-5.7880793,pharmacy
Pharmacie Adam صيدلية اًدم,Tanger,35.7320608,-5.7882049,pharmacy
Pharmacie Ward El Aouama صيدلية ورد العوامة,Tanger,35.7305111,-5.7850469,pharmacy
Pharmacie Al Assil صيدلية الأصيل,Tanger,35.7315316,-5.7661858,pharmacy
Pharmacie Sekka Aouama صيدلية السكة العوامة,Tanger,35.7322381,-5.7944065,pharmacy
Pharmacie Al karam صيدلية الكرم,Tanger,35.7274639,-5.768369,pharmacy
Pharmacie Ain Echifae صيدلية عين الشفاء,Tanger,35.7352668,-5.8510317,pharmacy
Pharmacie Al Aouama Charkia صيدلية العوامة الشرقية,Tanger,35.7240954,-5.79953,pharmacy
Pharmacie Gare Routière صيدلية المحطة الطرقية,Tanger,35.7228895,-5.8610412,pharmacy
Pharmacie du Grand Stade صيدلية الملعب الكبير,Tanger,35.7382582,-5.847701,pharmacy
Pharmacie Lilia صيدلية ليليا,Tanger,35.7153469,-5.8846399,pharmacy
Pharmacie L'Amitié صيدلية الصداقة,Tanger,35.723227,-5.878017,pharmacy
Pharmacie Houssam صيدلية حسام,Tanger,35.7118735,-5.8938187,pharmacy
Pharmacie Addoha Rif صيدلية الضحى ريف,Tanger,35.7088136,-5.9019591,pharmacy
Pharmacie El Filali صيدلية الفيلالي,Tanger,35.7097019,-5.8987876,pharmacy
Pharmacie Ibn Al Arabi صيدلية ابن العربي,Tanger,35.7402627,-5.8677095,pharmacy
Pharmacie Marshan صيدلية مرشان,Tanger,35.7409228,-5.8663561,pharmacy
Pharmacie Ibn Khaldoun صيدلية ابن خلدون,Tanger,35.7469497,-5.7956736,pharmacy
Pharmacie Dar Tounsi صيدلية دار التونسي,Tanger,35.7525722,-5.7988798,pharmacy
Pharmacie Al Yakine صيدلية اليقين,Tanger,35.7521903,-5.7963115,pharmacy
Pharmacie Al Majd صيدلية المجد,Tanger,35.7450726,-5.7963218,pharmacy
Pharmacie La Source صيدلية المنبع,Tanger,35.7421059,-5.7966406,pharmacy
Pharmacie Mountassir صيدلية منتصر,Tanger,35.7379854,-5.7990585,pharmacy
Pharmacie Grand Maghreb صيدلية المغرب الكبير,Tanger,35.728395,-5.8061626,pharmacy
Pharmacie Doha Louama صيدلية الضحى العوامة,Tanger,35.7243955,-5.806841,pharmacy
Pharmacie Route El Aouama صيدلية طريق العوامة,Tanger,35.7339531,-5.8018479,pharmacy
Pharmacie Zineb صيدلية زينب,Tanger,35.7344339,-5.8052226,pharmacy
Pharmacie El Attabi صيدلية العتابي,Tanger,35.737058,-5.8029729,pharmacy
Pharmacie Al Zahara صيدلية الزهارة,Tanger,35.7408118,-5.8012384,pharmacy
Pharmacie Al Hambra صيدلية الحمراء,Tanger,35.7389882,-5.8055448,pharmacy
Pharmacie Al Aouda صيدلية العودة,Tanger,35.7470338,-5.8057471,pharmacy
Pharmacie Hamza صيدلية حمزة,Tanger,35.7482557,-5.8017203,pharmacy
Pharmacie Anoual صيدلية أنوال,Tanger,35.750137,-5.7993912,pharmacy
Pharmacie Al Houria صيدلية الحرية,Tanger,35.7467466,-5.8003376,pharmacy
Pharmacie Annour صيدلية النور,Tanger,35.7447193,-5.8017768,pharmacy
Pharmacie Sania صيدلية السانيا,Tanger,35.7429855,-5.8060324,pharmacy
Pharmacie El Aouama صيدلية العوامة,Tanger,35.7433347,-5.7997666,pharmacy
Pharmacie Jirari صيدلية الجيراري,Tanger,35.7488173,-5.80866,pharmacy
Pharmacie Afriquia صيدلية إفريقيا,Tanger,35.752572,-5.8070116,pharmacy
Pharmacie Moulay Ali Cherif صيدلية مولي علي الشريف,Tanger,35.7515983,-5.8020735,pharmacy
Pharmacie Fares صيدلية فارس,Tanger,35.7555289,-5.7948987,pharmacy
Pharmacie du Quartier صيدلية الحي,Tanger,35.7572738,-5.7965159,pharmacy
Pharmacie Irchad صيدلية الإرشاد,Tanger,35.7553991,-5.7989719,pharmacy
Pharmacie Al Raha صيدلية الراحة,Tanger,35.7660064,-5.8049135,pharmacy
Pharmacie Passadena صيدلية باسادينا,Tanger,35.7660792,-5.7995678,pharmacy
Grande Pharmacie Rif صيدلية الريف الكبرى,Tanger,35.7539222,-5.8100232,pharmacy
Pharmacie Benallal صيدلية ابن علال,Tanger,35.7554299,-5.8020759,pharmacy
Pharmacie Hay Bouhout صيدلية حي بوحوت,Tanger,35.7553348,-5.8055756,pharmacy
Pharmacie de la Santé صيدلية الصحة,Tanger,35.7581749,-5.8015535,pharmacy
Pharmacie Tafilalet صيدلية تافيلالت,Tanger,35.7571433,-5.8103002,pharmacy
Pharmacie Al Hikma صيدلية الحكمة,Tanger,35.7591814,-5.8048347,pharmacy
Pharmacie Drissia صيدلية الإدريسية,Tanger,35.7622996,-5.8034792,pharmacy
Pharmacie du Parc صيدلية الروض,Tanger,35.7630107,-5.8126443,pharmacy
Pharmacie Province صيدلية العمالة,Tanger,35.7643841,-5.8082636,pharmacy
Pharmacie Al Kodss صيدلية القدس,Tanger,35.7625622,-5.8065548,pharmacy
Pharmacie Al Fahs صيدلية الفحص,Tanger,35.7503577,-5.8147573,pharmacy
Pharmacie Assalam صيدلية السلام,Tanger,35.7518181,-5.8116118,pharmacy
Pharmacie Zaoudia صيدلية الزاودية,Tanger,35.7555978,-5.8166095,pharmacy
Pharmacie Masjid Mabrouka صيدلية مسجد مبروكة,Tanger,35.7572922,-5.8132476,pharmacy
Pharmacie Beni Makada صيدلية بني مكادة,Tanger,35.7591748,-5.8128161,pharmacy
Pharmacie Mabrouka صيدلية مبروكة,Tanger,35.7582633,-5.8147929,pharmacy
Pharmacie Al Kantara صيدلية القنطرة,Tanger,35.7589782,-5.8214875,pharmacy
Pharmacie Ibn Annafis صيدلية بن النفيس,Tanger,35.7613621,-5.8172393,pharmacy
Pharmacie Hay Al Boughaz صيدلية حي البوغاز,Tanger,35.7611284,-5.8141052,pharmacy
Pharmacie Mouadafine صيدلية الموظفين,Tanger,35.7587386,-5.8186058,pharmacy
Pharmacie Préfecture Beni Makada صيدلية عمالة بني مكادة,Tanger,35.7418415,-5.8097779,pharmacy
Pharmacie Al Fath صيدلية الفتح,Tanger,35.7421352,-5.8125651,pharmacy
Pharmacie Badr صيدلية بدر,Tanger,35.7450738,-5.8094117,pharmacy
Pharmacie Belkacem صيدلية بلقاسم,Tanger,35.7472566,-5.8114154,pharmacy
Pharmacie Ouled Allal صيدلية أولاد علال,Tanger,35.7435833,-5.8152877,pharmacy
Pharmacie Nouvelle الصيدلية الجديدة,Tanger,35.7573328,-5.8242892,pharmacy
Pharmacie Al Hilal صيدلية الهلال,Tanger,35.7542749,-5.8302825,pharmacy
Pharmacie du Nord صيدلية الشمال,Tanger,35.7584477,-5.8280272,pharmacy
Pharmacie Anas صيدلية أنس,Tanger,35.751932,-5.8318449,pharmacy
Pharmacie Bni Touzine صيدلية بني توزين,Tanger,35.7361164,-5.8436013,pharmacy
Pharmacie Riad ahlen صيدلية رياض أهلا,Tanger,35.742425,-5.843168,pharmacy
Pharmacie Sara صيدلية سارة,Tanger,35.7381529,-5.8357057,pharmacy
Pharmacie Chems Ahlan صيدلية شمس أهلا,Tanger,35.7423713,-5.8384262,pharmacy
Grande Pharmacie Assia صيدلية اسيا الكبرى,Tanger,35.7444463,-5.8328432,pharmacy
Pharmacie Al Kaoutar صيدلية الكوثر,Tanger,35.7450295,-5.8393477,pharmacy
Pharmacie Taferssiti صيدلية تافرسيتي,Tanger,35.7414332,-5.8336189,pharmacy
Pharmacie Annasr صيدلية النصر,Tanger,35.7504079,-5.8295296,pharmacy
Pharmacie Beni Ouriaghel صيدلية بني ورياغل,Tanger,35.7461918,-5.8298527,pharmacy
Pharmacie Ahlan صيدلية أهلا,Tanger,35.7475809,-5.8404456,pharmacy
Pharmacie Erradi صيدلية الراضي,Tanger,35.7486334,-5.8376615,pharmacy
Pharmacie Bendibane صيدلية بن ديبن,Tanger,35.7559422,-5.8209421,pharmacy
Pharmacie Al Firdaous صيدلية الفردوس,Tanger,35.7543733,-5.8277417,pharmacy
Pharmacie Hay Ouarda صيدلية حي الوردة,Tanger,35.7538142,-5.818627,pharmacy
Pharmacie Madrid صيدلية مدريد,Tanger,35.7527334,-5.8220466,pharmacy
Pharmacie Ghailane صيدلية غيلان,Tanger,35.7516884,-5.8184929,pharmacy
Pharmacie Al Mouna صيدلية المنى,Tanger,35.7491823,-5.8174646,pharmacy
Pharmacie Al Idrissi صيدلية الإدريسي,Tanger,35.7462614,-5.8170134,pharmacy
Pharmacie Zemzem صيدلية زمزم,Tanger,35.7460004,-5.8207251,pharmacy
Pharmacie Al Jamae صيدلية الجامع,Tanger,35.7432827,-5.82036,pharmacy
Pharmacie Ibn Toufail صيدلية بن طفيل,Tanger,35.7450041,-5.8233534,pharmacy
Pharmacie Bir Chifae صيدلية بير الشفاء,Tanger,35.7428183,-5.8259495,pharmacy
Pharmacie Avenue Koweït صيدلية شارع الكويت,Tanger,35.7393423,-5.8120831,pharmacy
Pharmacie Zouitina صيدلية الزويتينة,Tanger,35.732901,-5.8116348,pharmacy
Pharmacie Andalucia صيدلية الأندلسية,Tanger,35.7312268,-5.8070085,pharmacy
Pharmacie Imam Ali صيدلية إمام علي,Tanger,35.7294235,-5.8124782,pharmacy
Pharmacie Al Ouroud Malika صيدلية الورود مليكة,Tanger,35.7264792,-5.8093655,pharmacy
Pharmacie El Mers صيدلية المرس,Tanger,35.7391683,-5.8252248,pharmacy
Pharmacie Achennad صيدلية أشناد,Tanger,35.7404209,-5.8286718,pharmacy
Pharmacie El Hadri صيدلية الحضري,Tanger,35.7360571,-5.8306417,pharmacy
Pharmacie Bayt Al Makdisse صيدلية بيت المقدس,Tanger,35.7384796,-5.8319203,pharmacy
Pharmacie Riad Achifaa صيدلية رياض الشفاء,Tanger,35.735227,-5.8341992,pharmacy
Pharmacie Salama صيدلية السلامة,Tanger,35.7376483,-5.8278288,pharmacy
Pharmacie Beni Said صيدلية بني سعيد,Tanger,35.7328169,-5.8318572,pharmacy
Pharmacie Boughlala صيدلية بوغلالة,Tanger,35.7295632,-5.8350427,pharmacy
Pharmacie Alharrarine صيدلية الحرارين,Tanger,35.7301164,-5.8392704,pharmacy
Pharmacie El Mesnaoui صيدلية المسناوي,Tanger,35.7348007,-5.8274459,pharmacy
Pharmacie Bhrayen صيدلية البحريين,Tanger,35.7323353,-5.8261185,pharmacy
Pharmacie Complexe Al Baraka 1 صيدلية مجمع البركة,Tanger,35.731719,-5.8184442,pharmacy
Pharmacie Ramses صيدلية رمسيس,Tanger,35.7288515,-5.8180304,pharmacy
Pharmacie Mikou صيدلية ميكو,Tanger,35.7248815,-5.8133417,pharmacy
Pharmacie Tanmia صيدلية التنمية,Tanger,35.7374112,-5.7657254,pharmacy
Pharmacie Rahhali صيدلية الرحالي,Tanger,35.7401384,-5.765085,pharmacy
Pharmacie Jihane صيدلية جيهان,Tanger,35.7418848,-5.7754502,pharmacy
Pharmacie Aïn Al Jadida صيدلية عين الجديدة,Tanger,35.7461422,-5.7754259,pharmacy
Pharmacie M'Ghogha صيدلية مغوغة,Tanger,35.7436011,-5.7780437,pharmacy
Pharmacie Najah صيدلية النجاح,Tanger,35.7476996,-5.7727257,pharmacy
Pharmacie Leila صيدلية ليلى,Tanger,35.7482953,-5.7778738,pharmacy
Pharmacie Ali Atifi صيدلية علي العاطيفي,Tanger,35.7497991,-5.7750419,pharmacy
Pharmacie Zone Industrielle صيدلية الحي الصناعي,Tanger,35.7456342,-5.7826468,pharmacy
Pharmacie M'Ghogha Kbira صيدلية مغوغة الكبرى,Tanger,35.7506064,-5.7803861,pharmacy
Pharmacie Taissir صيدلية التيسير,Tanger,35.7515728,-5.7870662,pharmacy
Pharmacie Sania Malabata صيدلية السانيا ملابطا,Tanger,35.7779244,-5.7542079,pharmacy
Pharmacie Akalai صيدلية أكلاعي,Tanger,35.7679127,-5.7523456,pharmacy
Pharmacie Oued Sania صيدلية وادي السانية,Tanger,35.7689272,-5.7571945,pharmacy
صيدلية عيش,Tanger,35.763499,-5.756338,pharmacy
Pharmacie Assabr صيدلية الصبر,Tanger,35.7581198,-5.7605838,pharmacy
صيدلية الرضى,Tanger,35.7624593,-5.7625914,pharmacy
Pharmacie Ben Ayad صيدلية بن عياد,Tanger,35.7704222,-5.7719122,pharmacy
Pharmacie Perle de Méditerranée صيدلية لؤلؤة المتوسط,Tanger,35.7673647,-5.7610958,pharmacy
Pharmacie Ibouyen صيدلية إبويين,Tanger,35.771037,-5.7649389,pharmacy
Pharmacie Dhar El Mers صيدلية ظهر المرس,Tanger,35.7667996,-5.7650737,pharmacy
Pharmacie Meftah El Khair صيدلية مفتاح الخير,Tanger,35.7679104,-5.7733356,pharmacy
صيدلية البحر الابيض المتوسط,Tanger,35.7691537,-5.7674069,pharmacy
Pharmacie El Ghandouri صيدلية الغاندوري,Tanger,35.7823562,-5.7612436,pharmacy
Pharmacie Al Issrae صيدلية الإسراء,Tanger,35.7588341,-5.7864931,pharmacy
Pharmacie Hay Benkirane صيدلية حي بنكيران,Tanger,35.7601988,-5.78885,pharmacy
صيدلية مسجد الفتح,Tanger,35.7644754,-5.7832312,pharmacy
Pharmacie El Alia صيدلية العالية,Tanger,35.7636391,-5.794075,pharmacy
Pharmacie Palestine صيدلية فلسطين,Tanger,35.7640867,-5.7909213,pharmacy
Pharmacie Saada صيدلية السعادة,Tanger,35.7632332,-5.7958386,pharmacy
Pharmacie Charf صيدلية شرف,Tanger,35.7664721,-5.7940716,pharmacy
Pharmacie Jardins Andalous صيدلية حدائق الأندلس,Tanger,35.774374,-5.7843316,pharmacy
Pharmacie Santé City Center صيدلية الصحة سيتي سنتر,Tanger,35.7706519,-5.7823642,pharmacy
Pharmacie de la Gare صيدلية محطة القطار,Tanger,35.7713283,-5.7858875,pharmacy
Pharmacie Laaziza صيدلية العزيزة,Tanger,35.772023,-5.7951018,pharmacy
Pharmacie Aida صيدلية عايدة,Tanger,35.775314,-5.7952144,pharmacy
Pharmacie Al Andalous صيدلية الأندلس,Tanger,35.7757811,-5.8015618,pharmacy
Pharmacie 2000 صيدلية,Tanger,35.7689607,-5.8115506,pharmacy
Pharmacie Moulay Youssef صيدلية مولاي يوسف,Tanger,35.7700159,-5.8057085,pharmacy
Pharmacie Phardet صيدلية فارضت,Tanger,35.7705717,-5.8141986,pharmacy
Pharmacie Al Amal صيدلية الأمل,Tanger,35.7622384,-5.8194224,pharmacy
Pharmacie Place du Maroc صيدلية ساحة المغرب,Tanger,35.7657382,-5.8163376,pharmacy
Avenue Youssef Ibn Tachfine شارع يوسف بن تاشفين,Tanger,35.7710518,-5.8031016,pharmacy
Pharmacie Jade صيدلية جاد,Tanger,35.772407,-5.8053327,pharmacy
Pharmacie Al Farabi صيدلية الفرابي,Tanger,35.7723097,-5.8076621,pharmacy
Pharmacie La Wilaya صيدلية الولاية,Tanger,35.7725945,-5.8113934,pharmacy
Pharmacie Ariha صيدلية أريحا,Tanger,35.771005,-5.8113856,pharmacy
Pharmacie Jamila صيدلية جميلة,Tanger,35.7729531,-5.8138968,pharmacy
Pharmacie Granada صيدلية غرناطة,Tanger,35.7760393,-5.8080033,pharmacy
Grande Pharmacie Zeroual صيدلية زروال الكبرى,Tanger,35.7760357,-5.8140097,pharmacy
Pharmacie du Lycée صيدلية الليسي,Tanger,35.7781229,-5.8096733,pharmacy
Grande Pharmacie Pasteur الصيدلية الكبرى باستور,Tanger,35.7810778,-5.8123201,pharmacy
Pharmacie Centrale الصيدلية المركزية,Tanger,35.780116,-5.8100992,pharmacy
Pharmacie de Paris صيدلية باريس,Tanger,35.78087,-5.8122742,pharmacy
Pharmacie Ibn Rochd صيدلية بن رشد,Tanger,35.778412,-5.8191224,pharmacy
Pharmacie M'sallah صيدلية المصلى,Tanger,35.7743237,-5.8175644,pharmacy
Pharmacie Ibn khatib صيدلية ابن الخطيب,Tanger,35.7753514,-5.8201833,pharmacy
Pharmacie El Kindy صيدلية الكندي,Tanger,35.7730008,-5.8218784,pharmacy
Pharmacie Val Fleuri صيدلية فال فلوري,Tanger,35.7769023,-5.8283848,pharmacy
Pharmacie Bel Air صيدلية بيلير,Tanger,35.774169,-5.8261136,pharmacy
Pharmacie Chifae صيدلية الشفاء,Tanger,35.7789399,-5.825752,pharmacy
Pharmacie Souk El Bakar صيدلية سوق البقر,Tanger,35.7790739,-5.8308461,pharmacy
Pharmacie Mister Khouch صيدلية مستر خوش,Tanger,35.7738241,-5.8327767,pharmacy
Pharmacie Camelia صيدلية كاميليا,Tanger,35.7730293,-5.8296408,pharmacy
Pharmacie Al Imam Malik صيدلية إمام مالك,Tanger,35.7621172,-5.8222234,pharmacy
Pharmacie Rabea El Adaouia صيدلية رابعة العدوية,Tanger,35.7652763,-5.824776,pharmacy
Pharmacie Casabarata صيدلية كازاباراتا,Tanger,35.767018,-5.8213004,pharmacy
Pharmacie Anfa صيدلية أنفا,Tanger,35.7689049,-5.8171629,pharmacy
Pharmacie Al Ghazali صيدلية الغزالي,Tanger,35.7697558,-5.8211379,pharmacy
Grande Pharmacie Souani صيدلية السواني الكبرى,Tanger,35.7701548,-5.8242214,pharmacy
Pharmacie Populaire الصيدلية الشعبية,Tanger,35.7682205,-5.8249103,pharmacy
Grande Pharmacie Branes صيدلية برانص الكبرى,Tanger,35.7628519,-5.8249922,pharmacy
Pharmacie Abi Abass Sebti صيدلية العباس السبتي,Tanger,35.7675312,-5.828763,pharmacy
Pharmacie Inas صيدلية إيناس,Tanger,35.7599922,-5.830995,pharmacy
Pharmacie Ibn Batouta صيدلية ابن بطوطة,Tanger,35.7628179,-5.8320191,pharmacy
Pharmacie Ibn Barrajan صيدلية ابن برجان,Tanger,35.7577169,-5.8329304,pharmacy
Pharmacie Atlas صيدلية أطلس,Tanger,35.7650926,-5.8279345,pharmacy
Pharmacie Sanawbar صيدلية الصنوبر,Tanger,35.7574911,-5.8369439,pharmacy
Pharmacie Al Yasmine صيدلية الياسمين,Tanger,35.7571792,-5.8404784,pharmacy
Pharmacie Narjiss صيدلية نرجيس,Tanger,35.7556071,-5.8344612,pharmacy
Pharmacie Salaheddine صيدلية صلاح الدين,Tanger,35.7544787,-5.8376607,pharmacy
Pharmacie Fayna صيدلية فاينة,Tanger,35.7607275,-5.8396831,pharmacy
Pharmacie Abbes صيدلية عباس,Tanger,35.7562288,-5.8440432,pharmacy
Pharmacie Arrabie صيدلية الربيع,Tanger,35.7537398,-5.8454633,pharmacy
Pharmacie Principale الصيدلية الرئيسية,Tanger,35.7539306,-5.8416408,pharmacy
Pharmacie Al Masjid صيدلية المسجد,Tanger,35.7520833,-5.8368547,pharmacy
Pharmacie Moncef صيدلية منصف,Tanger,35.7505782,-5.8389402,pharmacy
Pharmacie Al Balsam صيدلية البلسم,Tanger,35.7509305,-5.842056,pharmacy
Pharmacie Ibrahim Al Khalil صيدلية إبراهيم الخليل,Tanger,35.7461654,-5.8509652,pharmacy
Pharmacie 6 Novembre صيدلية 6 نونبر,Tanger,35.7453486,-5.8476183,pharmacy
Pharmacie Marjane Tanger صيدلية مرجان طنجة,Tanger,35.7464496,-5.8440326,pharmacy
Pharmacie Jnan Marjane صيدلية جنان مرجان,Tanger,35.7478223,-5.8459313,pharmacy
Pharmacie Fleming صيدلية فلمينغ,Tanger,35.7445151,-5.8549137,pharmacy
Pharmacie Chorafa صيدلية الشرفاء,Tanger,35.7475556,-5.8589924,pharmacy
Pharmacie Al Bayrouni صيدلية البيروني,Tanger,35.7514966,-5.8479752,pharmacy
Pharmacie Tanja Al Koubra صيدلية طنجة الكبرى,Tanger,35.7525128,-5.8522603,pharmacy
Pharmacie San Francisco صيدلية سان فرانسيسكو,Tanger,35.7807498,-5.8240771,pharmacy
Pharmacie Aïn Hayani صيدلية عين الحياني,Tanger,35.7828892,-5.8282247,pharmacy
Pharmacie Imam Mouslim صيدلية إمام مسلم,Tanger,35.7854093,-5.8293717,pharmacy
Pharmacie Arrazi صيدلية الرازي,Tanger,35.7637104,-5.8378925,pharmacy
Pharmacie Annajat صيدلية النجاة,Tanger,35.7699613,-5.831943,pharmacy
Pharmacie Sat Filage صيدلية سات فيلاج,Tanger,35.7597607,-5.8432866,pharmacy
Pharmacie Tarik El Moujahidin صيدلية طريق المجاهدين,Tanger,35.7699893,-5.8437546,pharmacy
Pharmacie la Raison صيدلية النهى,Tanger,35.7671804,-5.8448185,pharmacy
Pharmacie Al Ihssane صيدلية الإحسان,Tanger,35.7577533,-5.8527663,pharmacy
Pharmacie Imam Chadili صيدلية إمام الشاذلي,Tanger,35.7558529,-5.8503253,pharmacy
Pharmacie les Parents صيدلية الأبوين,Tanger,35.7578878,-5.8468026,pharmacy
Pharmacie Hay Al Manar صيدلية حي المنار,Tanger,35.75959,-5.8495551,pharmacy
Pharmacie Al Madina صيدلية المدينة,Tanger,35.7673499,-5.8528705,pharmacy
Pharmacie Mehdia Golf صيدلية مهدية كولف,Tanger,35.7640801,-5.8518522,pharmacy
Pharmacie Soussia صيدلية سوسية,Tanger,35.7618138,-5.8535855,pharmacy
Pharmacie Al Kawacim صيدلية القواسم,Tanger,35.7651065,-5.8554297,pharmacy
Pharmacie Chair صيدلية الشاعر,Tanger,35.7626331,-5.8448568,pharmacy
Pharmacie Masjid Al Mouhit صيدلية مسجد المحيط,Tanger,35.7621074,-5.8485761,pharmacy
Pharmacie Bouarraquia صيدلية بوعراقية,Tanger,35.7825789,-5.8179886,pharmacy
Pharmacie Khosafat صيدلية خوصافات,Tanger,35.7857958,-5.8161579,pharmacy
Pharmacie Ibn Sina صيدلية ابن سينا,Tanger,35.7866173,-5.820818,pharmacy
Pharmacie Brooks صيدلية بروكس,Tanger,35.7839198,-5.8214788,pharmacy
Pharmacie Tingis صيدلية طنجيس,Tanger,35.7855828,-5.8255958,pharmacy
Pharmacie Dina صيدلية دينا,Tanger,35.7860886,-5.833369,pharmacy
Pharmacie Masjid Marchan صيدلية مسجد مرشان,Tanger,35.7899845,-5.8267794,pharmacy
Pharmacie Lamtafi صيدلية لمطافي,Tanger,35.78827,-5.824861,pharmacy
Pharmacie Sabila Jmaa صيدلية سبيلة الجماعة,Tanger,35.7884394,-5.8293661,pharmacy
Pharmacie du Golf صيدلية الكولف,Tanger,35.775918,-5.8548297,pharmacy
Pharmacie Biladi صيدلية بلادي,Tanger,35.7672315,-5.8480077,pharmacy
Pharmacie Al Moujahidine صيدلية المجاهدين,Tanger,35.777783,-5.836847,pharmacy
Pharmacie Al Amana صيدلية الأمانة,Tanger,35.7340065,-5.8765255,pharmacy
Pharmacie Laaouini Ziaten صيدلية لعويني زياتن,Tanger,35.7445149,-5.8753381,pharmacy
Pharmacie Moustaghfir صيدلية مستغفر,Tanger,35.7449201,-5.8668848,pharmacy
Pharmacie Hay Al Inara صيدلية حي الإنارة,Tanger,35.7511089,-5.862102,pharmacy
Pharmacie Branes Kedima صيدلية البرانص القديمة,Tanger,35.7451901,-5.8698033,pharmacy
Pharmacie Safae صيدلية صفاء,Tanger,35.7463176,-5.8685989,pharmacy
Pharmacie Jebari صيدلية جباري,Tanger,35.7521693,-5.8662906,pharmacy
Pharmacie Al Fajr صيدلية الفجر,Tanger,35.7521548,-5.8593719,pharmacy
Pharmacie Massira صيدلية المسيرة,Tanger,35.7538793,-5.8623402,pharmacy
Pharmacie Omar Ibn Khattab صيدلية عمر بن الخطاب,Tanger,35.7586635,-5.8592846,pharmacy
Pharmacie Riad صيدلية رياض,Tanger,35.7585043,-5.8562332,pharmacy
Pharmacie Sofia صيدلية صوفيا,Tanger,35.7611902,-5.8579653,pharmacy
Pharmacie Assafwa صيدلية الصفوة,Tanger,35.7658498,-5.8587418,pharmacy
Pharmacie Ataallah صيدلية عطاء الله,Tanger,35.7684604,-5.8626016,pharmacy
Pharmacie Ouahid صيدلية وحيد,Tanger,35.75654,-5.8558273,pharmacy
Pharmacie Hadia صيدلية هادية,Tanger,35.7628826,-5.8607103,pharmacy
Pharmacie Mesnana صيدلية مسنانة,Tanger,35.7547239,-5.854767,pharmacy
Pharmacie Al Boustane صيدلية البستان,Tanger,35.7765719,-5.8611405,pharmacy
Pharmacie Boubana صيدلية بوبانة,Tanger,35.7716019,-5.8606245,pharmacy
Pharmacie Arrahman صيدلية الرحمان,Tanger,35.7740954,-5.8638288,pharmacy
Pharmacie Banafsaj صيدلية البنفسج,Tanger,35.7875254,-5.8352893,pharmacy
Pharmacie Jamaâ Mekraa صيدلية جامع مقراع,Tanger,35.7864143,-5.8433979,pharmacy
Pharmacie Al Boughaz صيدلية البوغاز,Tanger,35.7799508,-5.81575,pharmacy
Pharmacie Al Azhar صيدلية الأزهر,Tanger,35.7550766,-5.8244489,pharmacy
Pharmacie Bismillah صيدلية بسم الله,Tanger,35.7717161,-5.7993335,pharmacy
Pharmacie California صيدلية كليفورنيا,Tanger,35.7816672,-5.8423394,pharmacy
Pharmacie El Houda صيدلية الهدى,Tanger,35.7711507,-5.8232056,pharmacy
Pharmacie Tarik Ben Ziad صيدلية طارق بن زياد,Tanger,35.7772935,-5.8049326,pharmacy
Pharmacie Imam Nafie صيدلية الإمام نافع,Tanger,35.7489299,-5.8055346,pharmacy
Pharmacie les Palmiers صيدلية النخيل,Tanger,35.780345,-5.8055711,pharmacy
Pharmacie Khalil صيدلية خليل,Tanger,35.7500235,-5.8337293,pharmacy
Pharmacie Lalla Chafia صيدلية لالة شافية,Tanger,35.7714855,-5.8172455,pharmacy
Pharmacie Mabrouki صيدلية مبروكي,Tanger,35.7538772,-5.813321,pharmacy
Pharmacie Marché de Gros Aouama صيدلية سوق الجملة,Tanger,35.749872,-5.7943847,pharmacy
Pharmacie Ouahabi صيدلية الوهابي,Tanger,35.7813974,-5.8465746,pharmacy
Pharmacie Souk M'Sallah صيدلية سوق المصلى,Tanger,35.7578434,-5.8120675,pharmacy
Grande Pharmacie Malabata صيدلية ملاباطا الكبرى,Tanger,35.7757341,-5.7770016,pharmacy
Pharmacie Al Khair صيدلية الخير,Tanger,35.7498628,-5.82063,pharmacy
Pharmacie Tufarma,Tanger,35.7348371,-5.8897012,pharmacy
صيدلية قلب طنجة,Tanger,35.7599924,-5.7518517,pharmacy
Moun Para,Tanger,35.7725077,-5.7704981,pharmacy
صيدلية نوران,Tanger,35.760232,-5.7579693,pharmacy
صيدلية أريماس,Tanger,35.7643529,-5.7599345,pharmacy
صيدلية الشجيرات,Tanger,35.7655849,-5.7491404,pharmacy
صيدلية بوتور,Tanger,35.7636627,-5.7697656,pharmacy
Pharmacie Kasbah,Tanger,35.788309,-5.8153101,pharmacy
صيدلية جبل طارق,Tanger,35.7796978,-5.7568098,pharmacy
صيدلية التفاؤل طنجة البالية,Tanger,35.7539344,-5.7563645,pharmacy
صيدلية البراق,Tanger,35.7666929,-5.7864835,pharmacy
صيدلية المنهج,Tanger,35.7565884,-5.7551073,pharmacy
صيدلية اليموني,Tanger,35.7671018,-5.7696924,pharmacy
صيدلية طنجة البالية,Tanger,35.7716386,-5.7691127,pharmacy
صيدلية أنفاس,Tanger,35.7730348,-5.7813702,pharmacy
Pharmacie Maha صيدلية مها,Tanger,35.7363161,-5.8218884,pharmacy
Pharmacie Najid,Tanger,35.70349,-5.9007274,pharmacy
Pharmacie Badriouene,Tanger,35.7091808,-5.8782868,pharmacy
pharmacie benkiran,Tanger,35.7603695,-5.7884321,pharmacy
Pharmacie La Province صيدلية العمالة,Agadir,30.3624128,-9.534122,pharmacy
Pharmacie Du Founty صيدلية فونتي,Agadir,30.4175603,-9.596466,pharmacy
Pharmacie Mekka صيدلية مكة,Agadir,30.4076965,-9.5808502,pharmacy
Pharmacie Dcheira صيدلية الدشيرة,Agadir,30.371139,-9.5412949,pharmacy
Pharmacie Pasteur,Agadir,30.3675201,-9.5409826,pharmacy
Pharmacie Ibn Sina صيدلية ابن سينا,Agadir,30.3690089,-9.537553,pharmacy
Pharmacie Centrale الصيدلية المركزية,Agadir,30.3699837,-9.5401531,pharmacy
Pharmacie Tafoukt صيدلية تفوكت,Agadir,30.3717453,-9.5327699,pharmacy
Pharmacie Assays صيدلية أسايس,Agadir,30.3729981,-9.5032665,pharmacy
Pharmacie De La Mosquée صيدلية المسجد,Agadir,30.412184,-9.5843848,pharmacy
Pharmacie Du Soleil صيدلية الشمس,Agadir,30.4213649,-9.5927628,pharmacy
Pharmacie Imam Al Boukhari صيدلية الامام البخاري,Agadir,30.4242448,-9.5642551,pharmacy
Pharmacie Al Moukaouama صيدلية المقاومة,Agadir,30.4154659,-9.5824948,pharmacy
Pharmacie El Hanane صيدلية الحنان,Agadir,30.4325751,-9.5827459,pharmacy
Pharmacie Aït Souss صيدلية أيت سوس,Agadir,30.4288873,-9.5540807,pharmacy
Grande Pharmacie d'Agadir الصيدلية الكبرى لأكادير,Agadir,30.4205999,-9.5971631,pharmacy
Pharmacie Dakhla صيدلية الداخلة,Agadir,30.4103795,-9.5558578,pharmacy
Paramedical Handi Medic,Agadir,30.4105352,-9.5558667,pharmacy
Pharmacie Ennajd صيدلية النجد,Agadir,30.4077853,-9.556302,pharmacy
Pharmacie Amsernat صيدلية امصرنات,Agadir,30.4151186,-9.5786618,pharmacy
Pharmacie Souk Al Had et صيدلية سوق الاحد,Agadir,30.4134465,-9.5821857,pharmacy
Pharmacie Laazib صيدلية العزيب,Agadir,30.4155152,-9.5716457,pharmacy
Pharmacie Al Andalous صيدلية الأندلس,Agadir,30.418024,-9.5756627,pharmacy
Pharmacie Cadi Ayad صيدلية القاضي عياض,Agadir,30.4204545,-9.5807737,pharmacy
Pharmacie Ihchach صيدلية احشاش,Agadir,30.4238332,-9.5847713,pharmacy
Pharmacie Al Menzah صيدلية المنزه,Agadir,30.4272011,-9.5927661,pharmacy
Pharmacie Borj Taddart صيدلية برج تادارت,Agadir,30.4304343,-9.5870736,pharmacy
Pharmacie Malak صيدلية ملاك,Agadir,30.4339972,-9.578525,pharmacy
Pharmacie Ennajah صيدلية النجاح,Agadir,30.4308624,-9.5739157,pharmacy
Pharmacie Bahara صيدلية البحارة,Agadir,30.4287451,-9.5752492,pharmacy
Pharmacie Al Hana صيدلية الهناء,Agadir,30.4283834,-9.5805446,pharmacy
Pharmacy Propharma,Agadir,30.4278178,-9.5793755,pharmacy
Pharmacie Al Kastalani صيدلية القسطلاني,Agadir,30.4262391,-9.5802531,pharmacy
Pharmacie 20 Août صيدلية 20 غشت,Agadir,30.4260397,-9.5675576,pharmacy
Pharmacie Agharass صيدلية أغراس,Agadir,30.4230144,-9.5681188,pharmacy
Houssam Para,Agadir,30.4226583,-9.5683998,pharmacy
Pharmacie Lakhiam صيدلية الخيام,Agadir,30.4207802,-9.5674074,pharmacy
Pharmacie Allal Fassi صيدلية علال الفاسي,Agadir,30.4220014,-9.5646715,pharmacy
Pharmacie Conseil صيدلية النصيحة,Agadir,30.4219205,-9.5602728,pharmacy
Pharmacie El Wafa صيدلية الوفاء,Agadir,30.4226522,-9.5576955,pharmacy
Pharmacie Moutaoakil صيدلية متوكل,Agadir,30.4200075,-9.5545375,pharmacy
Pharmacie Al Qods صيدلية القدس,Agadir,30.4169312,-9.5552081,pharmacy
Pharmacie Pasteur صيدلية باستور,Agadir,30.4168341,-9.5586252,pharmacy
Pharmacie Rachid صيدلية رشيد,Agadir,30.4143164,-9.5576724,pharmacy
Pharmacie Al Fath صيدلية الفتح,Agadir,30.4131046,-9.5543245,pharmacy
Pharmacie La Jeunesse صيدلية الشباب,Agadir,30.4103729,-9.5527953,pharmacy
Pharmacie Lotfy صيدلية لوطفي,Agadir,30.4116377,-9.5506139,pharmacy
Pharmacie Ibn Taimia صيدلية ابن تيمية,Agadir,30.3653172,-9.4150756,pharmacy
Pharmacie Dar Ben Cheikh صيدلية دار بن شيخ,Agadir,30.3640524,-9.4318327,pharmacy
Pharmacie Kelthoum صيدلية كلثوم,Agadir,30.3633415,-9.4090033,pharmacy
Pharmacie Du Croissant صيدلية الهلال,Agadir,30.3644066,-9.4124272,pharmacy
Pharmacie Temsia صيدلية التمسية,Agadir,30.3667163,-9.4190734,pharmacy
Pharmacie Al Masjid صيدلية المسجد,Agadir,30.3614608,-9.4542824,pharmacy
Pharmacie Nour Adrar صيدلية نور أدرار,Agadir,30.3647938,-9.4211774,pharmacy
Pharmacie Douhi صيدلية دوحي,Agadir,30.3643346,-9.4540185,pharmacy
Pharmacie Al Qods صيدلية القدس,Agadir,30.3629479,-9.4572327,pharmacy
Pharmacie La Grande Pharmacie Azrou الصيدلية الكبرى أزرو,Agadir,30.3603921,-9.4622184,pharmacy
Pharmacie Assia صيدلية اسية,Agadir,30.3522429,-9.4895253,pharmacy
Pharmacie Assaiss صيدلية أسايس,Agadir,30.3623588,-9.4622201,pharmacy
Pharmacie Habiba صيدلية حبيبة,Agadir,30.3599137,-9.4665057,pharmacy
Pharmacie Hay El Amal صيدلية حي الأمل,Agadir,30.3535292,-9.4940826,pharmacy
Pharmacie Chouhada صيدلية الشهداء,Agadir,30.3502464,-9.4929491,pharmacy
Pharmacie Grande Pharmacie الصيدلية الكبرى,Agadir,30.35135,-9.5386546,pharmacy
Pharmacie Taj صيدلية تاج,Agadir,30.3519425,-9.5413046,pharmacy
Pharmacie 10 Ramadan صيدلية 10 رمضان,Agadir,30.3511,-9.5438205,pharmacy
Pharmacie Les Hôpitaux صيدلية المستشفيات,Agadir,30.3522182,-9.5379187,pharmacy
Pharmacie Essaada صيدلية السعادة,Agadir,30.3552733,-9.5383156,pharmacy
Pharmacie L'Unité صيدلية الوحدة,Agadir,30.3519179,-9.5521299,pharmacy
Pharmacie Al Wafaa صيدلية الوفاء,Agadir,30.3523128,-9.5505376,pharmacy
Pharmacie Tarraste صيدلية تاراست,Agadir,30.352322,-9.5475282,pharmacy
Pharmacie Al Massira صيدلية المسيرة,Agadir,30.3551854,-9.5334179,pharmacy
Pharmacie Zahra صيدلية زهراء,Agadir,30.3541901,-9.5421297,pharmacy
Pharmacie Almogar صيدلية الموكار,Agadir,30.3566204,-9.5318998,pharmacy
Pharmacie Argana صيدلية أركانة,Agadir,30.3578887,-9.5380152,pharmacy
Pharmacie Abir صيدلية عبير,Agadir,30.360663,-9.5371498,pharmacy
Pharmacie Conseil صيدلية النصيحة,Agadir,30.3541547,-9.5589527,pharmacy
Pharmacie Al Andalouss صيدلية الأندلس,Agadir,30.3616772,-9.5403677,pharmacy
Pharmacie Taghazoute صيدلية تغازوت,Agadir,30.3599203,-9.5339556,pharmacy
Pharmacie Jamal صيدلية جمال,Agadir,30.3641032,-9.5396173,pharmacy
Pharmacie Amlal صيدلية أملال,Agadir,30.3551894,-9.5524179,pharmacy
Pharmacie Hader صيدلية حاضر,Agadir,30.3585031,-9.5498036,pharmacy
Pharmacie Souk صيدلية السوق,Agadir,30.3592935,-9.5301967,pharmacy
Pharmacie Hagounia صيدلية الحكونية,Agadir,30.360173,-9.5282762,pharmacy
Pharmacie Annour صيدلية النور,Agadir,30.351784,-9.5572448,pharmacy
Pharmacie Rmel صيدلية رمل,Agadir,30.3559595,-9.5476869,pharmacy
Pharmacie Rhal Ben Ahmed صيدلية رحال بن أحمد,Agadir,30.3585662,-9.5459945,pharmacy
Pharmacie Souk Al Houriya صيدلية سوق الحرية,Agadir,30.3570403,-9.5263432,pharmacy
Pharmacie Jihadia صيدلية جهادية,Agadir,30.3644272,-9.5262425,pharmacy
Pharmacie Al Jihadis صيدلية الجهادي,Agadir,30.3624794,-9.5300207,pharmacy
Pharmacie Rahma صيدلية رحمة,Agadir,30.3665921,-9.5260101,pharmacy
Pharmacie Khouya صيدلية خويا,Agadir,30.3695953,-9.51961,pharmacy
Pharmacie Titrite صيدلية تيتريت,Agadir,30.3700512,-9.5262245,pharmacy
Pharmacie Amougay صيدلية أموكاي,Agadir,30.3664997,-9.5331602,pharmacy
Pharmacie Fetouaki صيدلية فطواكي,Agadir,30.3644233,-9.5270046,pharmacy
Pharmacie Al Amine صيدلية الأمين,Agadir,30.3663321,-9.5380839,pharmacy
Pharmacie Principale الصيدلية الرئيسية,Agadir,30.371081,-9.535116,pharmacy
Pharmacie Al Kaoutar صيدلية الكوثر,Agadir,30.3689967,-9.5347901,pharmacy
Pharmacie Ksima صيدلية كسيما,Agadir,30.3703588,-9.5372958,pharmacy
Pharmacie Hamzaoui صيدلية حمزاوي,Agadir,30.369462,-9.544678,pharmacy
Pharmacie La Liberté صيدلية الحرية,Agadir,30.3716093,-9.5443634,pharmacy
Pharmacie La Pergola صيدلية لابيركولا,Agadir,30.3720843,-9.550622,pharmacy
Pharmacie Tabarin صيدلية طاباران,Agadir,30.3749628,-9.5323302,pharmacy
Pharmacie Najah Igroumai صيدلية نجاح اكروماي,Agadir,30.3774992,-9.5391625,pharmacy
Pharmacie Tilila صيدلية تليلا,Agadir,30.3743036,-9.5397798,pharmacy
Pharmacie Hammam Aachak صيدلية حمام أعشاق,Agadir,30.373974,-9.5355831,pharmacy
Pharmacie Cokail صيدلية كوكاي,Agadir,30.3747473,-9.5166802,pharmacy
Pharmacie Ibn El Haitam صيدلية ابن الهيثم,Agadir,30.3775502,-9.5181789,pharmacy
Pharmacie Hay Sbai صيدلية حي السباعي,Agadir,30.3768836,-9.534314,pharmacy
Pharmacie Darif صيدلية ضريف,Agadir,30.3716331,-9.5238023,pharmacy
Pharmacie Fadesa صيدلية فاديزا,Agadir,30.3768581,-9.5266676,pharmacy
Pharmacie Masjid Assaka صيدلية مسجد أساكا,Agadir,30.3811756,-9.5127637,pharmacy
Pharmacie Hay El Mers صيدلية حي المرس,Agadir,30.3712453,-9.5288137,pharmacy
Pharmacie Bella صيدلية بلا,Agadir,30.3746265,-9.5110591,pharmacy
Pharmacie Al Yosr صيدلية اليسر,Agadir,30.3755591,-9.5235046,pharmacy
Pharmacie Al Walae صيدلية الولاء,Agadir,30.3723262,-9.5202854,pharmacy
Pharmacie Assaka صيدلية أساكا,Agadir,30.3788332,-9.5153135,pharmacy
Pharmacie Bir Anzarane صيدلية بئر أنزران,Agadir,30.3759548,-9.5081874,pharmacy
Pharmacie Souiri صيدلية صويري,Agadir,30.3782698,-9.5095061,pharmacy
Pharmacie Said صيدلية سعيد,Agadir,30.373721,-9.5501004,pharmacy
Pharmacie Amgala صيدلية أمكالا,Agadir,30.3748601,-9.5485723,pharmacy
Pharmacie Dahabia صيدلية ذهبية,Agadir,30.3955216,-9.5417417,pharmacy
Pharmacie Houch صيدلية حوش,Agadir,30.3925587,-9.5368408,pharmacy
Pharmacie Anir صيدلية أنير,Agadir,30.388669,-9.5375829,pharmacy
Pharmacie Adlouni صيدلية أدلوني,Agadir,30.3925807,-9.5408253,pharmacy
Pharmacie Ait Mhand صيدلية أيت محند,Agadir,30.3745644,-9.4997481,pharmacy
Pharmacie Zaytoun صيدلية زيتون,Agadir,30.3800655,-9.4944783,pharmacy
Pharmacie Pharm14 صيدلية فارم14,Agadir,30.3766098,-9.4967143,pharmacy
Pharmacie Des Quartiers صيدلية الأحياء,Agadir,30.3770945,-9.4977649,pharmacy
Pharmacie Ait El Kadi صيدلية ايت القاضي,Agadir,30.3728922,-9.4964221,pharmacy
Pharmacie La Santé صيدلية الصحة,Agadir,30.3773271,-9.5017706,pharmacy
Pharmacie Hajeb صيدلية حاجب,Agadir,30.3759458,-9.4950008,pharmacy
Pharmacie Al Walidayne صيدلية الوالدين,Agadir,30.3732072,-9.4884837,pharmacy
Pharmacie Tikiouine صيدلية تكوين,Agadir,30.3753981,-9.5032987,pharmacy
Pharmacie Al Adouiya صيدلية الأدوية,Agadir,30.3801042,-9.5044246,pharmacy
Pharmacie Adrar صيدلية أدرار,Agadir,30.3859415,-9.5025404,pharmacy
Pharmacie Sefrihi صيدلية سفريحي,Agadir,30.3822804,-9.4967334,pharmacy
Pharmacie Elmira صيدلية الميرة,Agadir,30.3943069,-9.5151001,pharmacy
Pharmacie Jnane Adrar صيدلية جنان أدرار,Agadir,30.38591,-9.4979936,pharmacy
Pharmacie Paris صيدلية باريس,Agadir,30.3877177,-9.5075163,pharmacy
Pharmacie Al Akhawayne صيدلية الأخوين,Agadir,30.3898485,-9.5007026,pharmacy
Pharmacie Africaine صيدلية أفريقيا,Agadir,30.394081,-9.5079484,pharmacy
Pharmacie Grand Tilila صيدلية تليلا الكبرى,Agadir,30.3993223,-9.511027,pharmacy
Pharmacie Liya صيدلية لية,Agadir,30.3940161,-9.5160721,pharmacy
Pharmacie Al Bouchra صيدلية البشرى,Agadir,30.3975944,-9.5183694,pharmacy
Pharmacie City Center صيدلية الحي المركزي,Agadir,30.3960679,-9.5026055,pharmacy
Pharmacie La Nouvelle الصيدلية الجديدة,Agadir,30.3933119,-9.5026897,pharmacy
Pharmacie Amrani صيدلية العمراني,Agadir,30.3994366,-9.5145979,pharmacy
Pharmacie Majd صيدلية مجد,Agadir,30.3985941,-9.5225822,pharmacy
Pharmacie Adam صيدلية ادم,Agadir,30.3965118,-9.512527,pharmacy
Pharmacie Agdal صيدلية أكدال,Agadir,30.401771,-9.5182517,pharmacy
Pharmacie Aghroud صيدلية أغروض,Agadir,30.3725299,-9.5729042,pharmacy
Pharmacie Tilila صيدلية تيليلا,Agadir,30.4028215,-9.5213054,pharmacy
Pharmacie Niaamat Allah صيدلية نعمة الله,Agadir,30.4037552,-9.5157982,pharmacy
Pharmacie Riad El Houda صيدلية رياض الهدى,Agadir,30.4002042,-9.536471,pharmacy
Pharmacie Cité Universitaire Tilila صيدلية الحي الجامعي تبليلا,Agadir,30.4043475,-9.5253672,pharmacy
Pharmacie Ayour صيدلية أيور,Agadir,30.398576,-9.5308865,pharmacy
Pharmacie Al Messahat صيدلية المصحات,Agadir,30.4009677,-9.5238197,pharmacy
Pharmacie Assafar صيدلية السفر,Agadir,30.3984888,-9.533954,pharmacy
Pharmacie Noor El Houda صيدلية نور الهدى,Agadir,30.3954359,-9.5347181,pharmacy
Pharmacie Leghzaoui صيدلية لغزاوي,Agadir,30.3907086,-9.5454138,pharmacy
Pharmacie Mejjane صيدلية مجان,Agadir,30.3952358,-9.5444007,pharmacy
Pharmacie Attawhid صيدلية التوحيد,Agadir,30.3947575,-9.5379879,pharmacy
Pharmacie El Amri صيدلية العمري,Agadir,30.3998587,-9.5460524,pharmacy
Pharmacie Al Manar صيدلية المنار,Agadir,30.3985794,-9.548884,pharmacy
Pharmacie Tikida صيدلية تيكيدا,Agadir,30.3991997,-9.5434344,pharmacy
Pharmacie Adouz صيدلية أدوز,Agadir,30.3966236,-9.5497657,pharmacy
Pharmacie Rajaa صيدلية رجاء,Agadir,30.3972032,-9.5460637,pharmacy
Pharmacie JetSakan صيدلية جيت سكن,Agadir,30.3931191,-9.5487691,pharmacy
Pharmacie Attadamoun صيدلية التضامن,Agadir,30.3899149,-9.5488971,pharmacy
Pharmacie Aicha صيدلية عائشة,Agadir,30.3885261,-9.5638686,pharmacy
Pharmacie Tarik El Kheir صيدلية طريق الخير,Agadir,30.3914696,-9.5549592,pharmacy
Pharmacie Anouar صيدلية أنور,Agadir,30.3906273,-9.5590497,pharmacy
Pharmacie La Caserne صيدلية القشلة,Agadir,30.3830386,-9.5674363,pharmacy
Pharmacie Bensergao صيدلية بنسركاو,Agadir,30.3854998,-9.5719162,pharmacy
Pharmacie Benchrif صيدلية بن شريف,Agadir,30.3851924,-9.5687432,pharmacy
Pharmacie Souika صيدلية سويقة,Agadir,30.3874764,-9.5688138,pharmacy
Pharmacie Karima صيدلية كريمة,Agadir,30.3890391,-9.56805,pharmacy
Pharmacie Moustawsaf صيدلية مستوصف,Agadir,30.3910703,-9.5699476,pharmacy
Pharmacie Hassan صيدلية حسن,Agadir,30.388877,-9.5707336,pharmacy
Pharmacie El Wifaq صيدلية الوفاق,Agadir,30.392532,-9.5636561,pharmacy
Pharmacie Nessrine صيدلية نسرين,Agadir,30.3874259,-9.5729581,pharmacy
Pharmacie Radi صيدلية راضي,Agadir,30.390562,-9.573639,pharmacy
Pharmacie La Grande Al Farah صيدلية الفرح الكبرى,Agadir,30.3974601,-9.5684309,pharmacy
Pharmacie Ibn Zohr صيدلية ابن زهر,Agadir,30.4025028,-9.5526991,pharmacy
Pharmacie Al Jisr صيدلية الجسر,Agadir,30.3908949,-9.5658405,pharmacy
Pharmacie Oubelkhir صيدلية أوبلخير,Agadir,30.3996068,-9.5592815,pharmacy
Pharmacie Chifaa Al Farah صيدلية الشفاء الفرح,Agadir,30.3955122,-9.5580586,pharmacy
Pharmacie Le Complexe صيدلية المركب,Agadir,30.3929041,-9.5611481,pharmacy
Pharmacie Ahl El Kheir صيدلية أهل الخير,Agadir,30.4000382,-9.5674718,pharmacy
Pharmacie Odessa صيدلية أوديسا,Agadir,30.3954828,-9.554416,pharmacy
Pharmacie Al Farah صيدلية الفرح,Agadir,30.3973291,-9.5615653,pharmacy
Pharmacie Le Corail Salam صيدلية مرجان السلام,Agadir,30.3999359,-9.5528638,pharmacy
Pharmacie Al Ikhlas صيدلية الإخلاص,Agadir,30.4022288,-9.5458327,pharmacy
Pharmacie Andalousia صيدلية الأندلسية,Agadir,30.3979864,-9.5556763,pharmacy
Pharmacie Assalam صيدلية السلام,Agadir,30.402178,-9.5492924,pharmacy
Pharmacie Sara صيدلية سارة,Agadir,30.4024775,-9.5426554,pharmacy
Pharmacie Alma Vita صيدلية ألما فيتا,Agadir,30.3990925,-9.539537,pharmacy
Pharmacie Azizi صيدلية عزيزي,Agadir,30.4123769,-9.5470525,pharmacy
Pharmacie Ibn Sina صيدلية ابن سينا,Agadir,30.4152505,-9.5503004,pharmacy
Pharmacie Inezgane صيدلية إنزكان,Agadir,30.3572713,-9.5336576,pharmacy
Pharmacie El Hilal صيدلية الهلال,Agadir,30.3503715,-9.5470536,pharmacy
Pharmacie Populaire الصيدلية الشعبية,Agadir,30.3568301,-9.5361553,pharmacy
Pharmacie Al Amane صيدلية الأمان,Agadir,30.3645081,-9.5250753,pharmacy
Pharmacie Faiçal صيدلية فيصل,Agadir,30.405527,-9.5531847,pharmacy
Pharmacie Des Facultés صيدلية الكليات,Agadir,30.4064359,-9.5503711,pharmacy
Pharmacie Bachouch صيدلية بشوش,Agadir,30.4057815,-9.5607674,pharmacy
Pharmacie L'Université صيدلية الجامعة,Agadir,30.4097384,-9.548379,pharmacy
Pharmacie Mansour Dahbi صيدلية المنصور الدهبي,Agadir,30.4145427,-9.5513744,pharmacy
Pharmacie Marjane Founty صيدلية مرجان فونتي,Agadir,30.4147476,-9.5628623,pharmacy
Pharmacie Yousra صيدلية يسرى,Agadir,30.4117256,-9.560468,pharmacy
Pharmacie Chifa صيدلية شفاء,Agadir,30.4092154,-9.5589192,pharmacy
Pharmacie El Kadi Ben Driss صيدلية القاضي بن ادريس,Agadir,30.4144916,-9.5638626,pharmacy
Pharmacie De France صيدلية فرنسا,Agadir,30.4133364,-9.574119,pharmacy
Pharmacie Elmghari صيدلية المغاري,Agadir,30.4117756,-9.5640562,pharmacy
Pharmacie Itry صيدلية اتري,Agadir,30.4076204,-9.5767262,pharmacy
Pharmacie Toubkal صيدلية توبقال,Agadir,30.4091709,-9.5641788,pharmacy
Pharmacie Al Massira صيدلية المسيرة,Agadir,30.4109293,-9.568023,pharmacy
Pharmacie Erraji صيدلية الراجي,Agadir,30.4121724,-9.5711049,pharmacy
Pharmacie Al Michwar صيدلية المشوار,Agadir,30.3946862,-9.5710401,pharmacy
Pharmacie Al Hamra صيدلية الحمرى,Agadir,30.4122733,-9.5771392,pharmacy
Pharmacie Amjad صيدلية أمجد,Agadir,30.3981152,-9.5724017,pharmacy
Pharmacie El Alami صيدلية العلمي,Agadir,30.4067855,-9.5742029,pharmacy
Pharmacie Haut Founty صيدلية فونتي العليا,Agadir,30.4012335,-9.5795913,pharmacy
Pharmacie Agadir Bay صيدلية أكادير باي,Agadir,30.4010683,-9.5847458,pharmacy
Pharmacie Hay Founty صيدلية حي فونتي,Agadir,30.4017834,-9.5730536,pharmacy
Pharmacie Boutasra صيدلية بوتاسرا,Agadir,30.3958719,-9.5737957,pharmacy
Pharmacie Al Mouna صيدلية المنى,Agadir,30.4098619,-9.5833796,pharmacy
Pharmacie Ayour صيدلية أيور,Agadir,30.3878079,-9.5883787,pharmacy
Pharmacie Marjane Agadir صيدلية مرجان أكادير,Agadir,30.3937761,-9.5813813,pharmacy
Pharmacie du Palais,Agadir,30.4109102,-9.5919713,pharmacy
Pharmacie Chellaoui,Agadir,30.4107725,-9.5891116,pharmacy
Pharmacie Al Hayat صيدلية الحياة,Agadir,30.4117721,-9.5884188,pharmacy
Pharmacie centrale,Agadir,30.4127543,-9.5886993,pharmacy
Pharmacie Riad Salam الصيدلية رياض السلام,Agadir,30.4096973,-9.5762705,pharmacy
Pharmacie Les Parents صيدلية الوالدين,Agadir,30.4087537,-9.570152,pharmacy
Pharmacie Azmi صيدلية عزمي,Agadir,30.4104154,-9.5728841,pharmacy
Pharmacie La Gare صيدلية المحطة,Agadir,30.4158124,-9.568102,pharmacy
Pharmacie Abou Said صيدلية أبو سعيد,Agadir,30.4182626,-9.564649,pharmacy
Pharmacie Atiqi صيدلية عاتيقي,Agadir,30.4260985,-9.5622621,pharmacy
Pharmacie La Famille صيدلية الأسرة,Agadir,30.4172687,-9.5733916,pharmacy
Pharmacie Chaab صيدلية الشعب,Agadir,30.4162324,-9.5890281,pharmacy
Pharmacie Le Caducee صيدلية الكادوسي,Agadir,30.4190695,-9.5620418,pharmacy
Pharmacie Annasr صيدلية النصر,Agadir,30.4198128,-9.5707627,pharmacy
Pharmacie Tildi صيدلية تلدي,Agadir,30.4163048,-9.586608,pharmacy
Pharmacie Zerktouni صيدلية الزرقطوني,Agadir,30.4185885,-9.5676779,pharmacy
Pharmacie Moussa صيدلية موسى,Agadir,30.4178965,-9.584317,pharmacy
Pharmacie Mouisset صيدلية مويسيت,Agadir,30.4188036,-9.5905576,pharmacy
Pharmacie Hadrane صيدلية حاضران,Agadir,30.4221304,-9.576433,pharmacy
Pharmacie Ennahda صيدلية النهضة,Agadir,30.4271745,-9.584439,pharmacy
Pharmacie El Hajjouji صيدلية الحجوجي,Agadir,30.4235767,-9.5877891,pharmacy
Pharmacie et Laboratoire Tahiri صيدلية ومختبر الطاهري,Agadir,30.4220575,-9.5953526,pharmacy
Pharmacie Bouargan صيدلية بواركان,Agadir,30.4236385,-9.5716252,pharmacy
Pharmacie Argane صيدلية أركان,Agadir,30.4278637,-9.5657564,pharmacy
Pharmacie Bousaid صيدلية بوسعيد,Agadir,30.426657,-9.5776458,pharmacy
Pharmacie Ouahbi صيدلية وهبي,Agadir,30.4306165,-9.5771819,pharmacy
Pharmacie Les Amicales صيدلية ليزاميكال,Agadir,30.4309382,-9.5801867,pharmacy
Pharmacie Moulay Youssef صيدلية مولاي يوسف,Agadir,30.4270325,-9.5888329,pharmacy
Pharmacie Talberjt صيدلية تلبرجت,Agadir,30.4238666,-9.5926974,pharmacy
Pharmacie Hôpital Hassan II صيدلية مستشفى الحسن الثاني,Agadir,30.4358914,-9.5868276,pharmacy
Pharmacie Des FAR صيدلية الجيش الملكي,Agadir,30.4287023,-9.5904516,pharmacy
Pharmacie Iligh صيدلية ايليغ,Agadir,30.4399575,-9.5895212,pharmacy
Pharmacie Chadia صيدلية شادية,Agadir,30.4261888,-9.5549061,pharmacy
Pharmacie Jawhara صيدلية جوهرة,Agadir,30.4314017,-9.5608697,pharmacy
Pharmacie Addoha صيدلية الضحى,Agadir,30.4311165,-9.5654535,pharmacy
Pharmacie Bab Al Hay صيدلية باب الحي,Agadir,30.4286681,-9.5569671,pharmacy
Pharmacie Immeubles Assafa صيدلية عمارات الصفاء,Agadir,30.432428,-9.5554076,pharmacy
Pharmacie Marhaba صيدلية مرحبا,Agadir,30.4392562,-9.5565864,pharmacy
Pharmacie Hay Mohammadi صيدلية حي المحمدي,Agadir,30.4330512,-9.5511547,pharmacy
Pharmacie Errahma صيدلية الرحمة,Agadir,30.4366961,-9.5524505,pharmacy
Pharmacie Aiyar صيدلية عيار,Agadir,30.4359073,-9.5559484,pharmacy
Pharmacie Zineb صيدلية زينب,Agadir,30.4406249,-9.5600391,pharmacy
Pharmacie Illy صيدلية الي,Agadir,30.4360541,-9.5493594,pharmacy
Pharmacie Reda صيدلية رضى,Agadir,30.4452291,-9.5562261,pharmacy
Pharmacie Mohamed Rayane صيدلية محمد ريان,Agadir,30.4423981,-9.5559889,pharmacy
Pharmacie El Ouazzani صيدلية الوزاني,Agadir,30.4360317,-9.5737263,pharmacy
Pharmacie Bayti صيدلية بيتي,Agadir,30.4396125,-9.5639779,pharmacy
Pharmacie Les Jardins De Souss صيدلية حدائق سوس,Agadir,30.4362442,-9.5699058,pharmacy
Pharmacie Sidi Haj Said صيدلية سيدي الحاج سعيد,Agadir,30.3791031,-9.4780907,pharmacy
Pharmacie Talat Izm صيدلية تالات ازم,Agadir,30.3754791,-9.4835654,pharmacy
Pharmacie Bouloiz صيدلية بولواز,Agadir,30.3791467,-9.4807774,pharmacy
Pharmacie Lagouira صيدلية الكويرة,Agadir,30.3798255,-9.473999,pharmacy
Pharmacie Misri صيدلية مصري,Agadir,30.38046,-9.4701008,pharmacy
Pharmacie Etissir صيدلية التيسير,Agadir,30.3821136,-9.4797907,pharmacy
Pharmacie Drarga صيدلية دراركة,Agadir,30.3834885,-9.4788257,pharmacy
Pharmacie Imam Malik صيدلية امام مالك,Agadir,30.3801817,-9.4728178,pharmacy
Pharmacie Maison De Soufiane صيدلية دار سفيان,Agadir,30.3853385,-9.4315648,pharmacy
Pharmacie Tagadirt صيدلية تكاديرت,Agadir,30.3870285,-9.4458637,pharmacy
Pharmacie Nour صيدلية نور,Agadir,30.3813842,-9.4656544,pharmacy
Pharmacie 2000 صيدلية,Agadir,30.4180699,-9.5939044,pharmacy
Pharmacie Nour Al Farah 3 صيدلية نور الفرح,Agadir,30.400773,-9.5620105,pharmacy
Pharmacie Charaf صيدلية شرف,Agadir,30.4327214,-9.5897908,pharmacy
Pharmacie Aswak Assalam صيدلية أسواق السلام,Agadir,30.4062193,-9.5377237,pharmacy
Pharmacie Ben Rahal صيدلية بن رحال,Agadir,30.409047,-9.5873048,pharmacy
Pharmacie El Bradi صيدلية البرادي,Agadir,30.3762682,-9.5059146,pharmacy
Pharmacie Errami صيدلية الرامي,Agadir,30.427509,-9.5718362,pharmacy
Pharmacie Extension Dakhla صيدلية نطاق الداخلة,Agadir,30.4052274,-9.557644,pharmacy
Pharmacie Inbiaat صيدلية الإنبعاث,Agadir,30.413734,-9.5927306,pharmacy
Pharmacie Iqbal صيدلية إقبال,Agadir,30.4159939,-9.5757681,pharmacy
Pharmacie du Maroc صيدلية المغرب,Agadir,30.3979724,-9.5365712,pharmacy
Pharmacie Diet صيدلية دايت,Agadir,30.4089448,-9.5602012,pharmacy
Pharmacie Soufi صيدلية الصوفي,Agadir,30.4133125,-9.5682721,pharmacy
Pharmacie Valtur صيدلية فالتور,Agadir,30.4071431,-9.5973277,pharmacy
Pharmacie Itto صيدلية إيطو,Agadir,30.3832238,-9.4839112,pharmacy
Sonaba,Agadir,30.3996557,-9.5878933,pharmacy
Pharmacie Bounoua صيدلية بونوا,Meknès,33.8923247,-5.547768,pharmacy
Pharmacie Al Watanya الصيدلية الوطنية,Meknès,33.8930667,-5.5562267,pharmacy
Pharmacie Riad Salam صيدلية رياض السلام,Meknès,33.8861691,-5.5785565,pharmacy
Pharmacie Diour Salam صيدلية ديور السلام,Meknès,33.8846509,-5.5737053,pharmacy
Pharmacie Saada صيدلية السعادة,Meknès,33.8820011,-5.5682182,pharmacy
Pharmacie Moulay Meliana صيدلية مولاي مليانة,Meknès,33.8840155,-5.5704707,pharmacy
Pharmacie Annasr صيدلية النصر,Meknès,33.8871508,-5.5762359,pharmacy
Pharmacie Ibn Rochd صيدلية بن رشد,Meknès,33.8819386,-5.5731861,pharmacy
Pharmacie Faris صيدلية فارس,Meknès,33.8895217,-5.5760072,pharmacy
Pharmacie Zahir صيدلية زاهير,Meknès,33.8966302,-5.58734,pharmacy
Pharmacie Nouvelle الصيدلية الجديدة,Meknès,33.8991592,-5.5516749,pharmacy
Pharmacie Hay Assalam صيدلية حي السلام,Meknès,33.8967791,-5.5831585,pharmacy
Pharmacie Injad صيدلية إنجاد,Meknès,33.894869,-5.5852147,pharmacy
Pharmacie Chorfas صيدلية الشرفاء,Meknès,33.8893735,-5.5791684,pharmacy
Pharmacie Cheikh El Kamel صيدلية الشيخ الكامل,Meknès,33.8973294,-5.5705045,pharmacy
Pharmacie Bab Rha صيدلية باب الرحى,Meknès,33.8915047,-5.5685459,pharmacy
Pharmacie Rond Point Caméra صيدلية مدار كاميرا,Meknès,33.9003709,-5.5485678,pharmacy
Pharmacie Bab Khemis صيدلية باب الخميس,Meknès,33.8906799,-5.5717236,pharmacy
Pharmacie de l'Atlas صيدلية الأطلس,Meknès,33.8796088,-5.5640693,pharmacy
Pharmacie la Liberté صيدلية الحرية,Meknès,33.8853868,-5.5650738,pharmacy
Pharmacie Al Afaq صيدلية الاًفاق,Meknès,33.8822274,-5.5761549,pharmacy
Pharmacie Jamaa Soussi صيدلية جامع السوسي,Meknès,33.8804526,-5.5772401,pharmacy
Pharmacie Ibn Sina صيدلية ابن سينا,Meknès,33.8764963,-5.5664648,pharmacy
Pharmacie Riad Meknès صيدلية رياض مكناس,Meknès,33.8885918,-5.57312,pharmacy
Pharmacie Zitoune صيدلية الزيتون,Meknès,33.8665647,-5.5524892,pharmacy
Pharmacie Dior Jdad صيدلية ديور جداد,Meknès,33.8777404,-5.56055,pharmacy
Pharmacie Balsam صيدلية بلسم,Meknès,33.8544211,-5.5278611,pharmacy
Pharmacie de Service صيدلية المصلحة,Meknès,33.8665319,-5.5394188,pharmacy
Pharmacie Abou Ali صيدلية أبو علي,Meknès,33.88043,-5.581542,pharmacy
Pharmacie Safae صيدلية صفاء,Meknès,33.878929,-5.5743548,pharmacy
Pharmacie Sidi Said صيدلية سيدي سعيد,Meknès,33.8935053,-5.5829801,pharmacy
Pharmacie de l'Académie صيدلية الأكاديمية,Meknès,33.8740575,-5.559003,pharmacy
Pharmacie Shimi صيدلية السحيمي,Meknès,33.8644802,-5.5421088,pharmacy
Pharmacie Pasteur صيدلية باستور,Meknès,33.8874997,-5.5415543,pharmacy
Pharmacie la Clinique صيدلية المصحة,Meknès,33.8897756,-5.5450361,pharmacy
Pharmacie La Famille صيدلية العائلة,Meknès,33.8569858,-5.5408526,pharmacy
Pharmacie Al Osra صيدلية الأسرة,Meknès,33.9186885,-5.4837168,pharmacy
Pharmacie Squalli صيدلية الصقلي,Meknès,33.857988,-5.5549754,pharmacy
Pharmacie Principale الصيدلية الرئيسية,Meknès,33.86997,-5.5550911,pharmacy
Pharmacie Avenue des FAR صيدلية شارع الجيش الملكي,Meknès,33.8946655,-5.5499772,pharmacy
Pharmacie de l'Université صيدلية الجامعة,Meknès,33.8687658,-5.5490291,pharmacy
Pharmacie La Baraka صيدلية البركة,Meknès,33.857687,-5.5355748,pharmacy
Pharmacie Mabrouka صيدلية مبروكة,Meknès,33.8546631,-5.5422107,pharmacy
Pharmacie Sijilmassa صيدلية سجلماسة,Meknès,33.8592257,-5.5303016,pharmacy
Pharmacie Al Anouar صيدلية الأنوار,Meknès,33.860505,-5.5346736,pharmacy
Pharmacie Moulay Ali Cherif صيدلية مولاي علي الشريف,Meknès,33.8568459,-5.5291029,pharmacy
Pharmacie Ayachi صيدلية العياشي,Meknès,33.867619,-5.5455112,pharmacy
Pharmacie Zouine صيدلية الزوين,Meknès,33.8665333,-5.5482972,pharmacy
Pharmacie Acima صيدلية أسيما,Meknès,33.8606512,-5.5488115,pharmacy
Pharmacie Centrale الصيدلية المركزية,Meknès,33.8994507,-5.5467403,pharmacy
Pharmacie Touarga صيدلية تواركة,Meknès,33.874088,-5.5627752,pharmacy
Pharmacie Al Amal صيدلية الأمل,Meknès,33.892461,-5.5591006,pharmacy
Pharmacie de la Santé صيدلية الصحة,Meknès,33.8966929,-5.5456661,pharmacy
Pharmacie Place d'Armes صيدلية ساحة السلاح,Meknès,33.8932233,-5.538719,pharmacy
Pharmacie Badr صيدلية بدر,Meknès,33.9022611,-5.5210486,pharmacy
Pharmacie Kortoba صيدلية قرطبة,Meknès,33.8617708,-5.5459011,pharmacy
Pharmacie Oued Eddahab صيدلية واد الذهب,Meknès,33.8625831,-5.5369066,pharmacy
Pharmacie Moulay Hachem صيدلية مولاي هاشم,Meknès,33.8638968,-5.5343875,pharmacy
Pharmacie Faculté des Lettres صيدلية كلية الآداب,Meknès,33.8697602,-5.5386175,pharmacy
Pharmacie Israe صيدلية إسراء,Meknès,33.8925579,-5.5288401,pharmacy
Pharmacie Iraqi صيدلية العراقي,Meknès,33.8932828,-5.5211554,pharmacy
Pharmacie la Ville Ancienne صيدلية المدينة القديمة,Meknès,33.8973751,-5.5656767,pharmacy
Pharmacie El Haboul صيدلية الهابول,Meknès,33.8976684,-5.5629971,pharmacy
Pharmacie Hamria صيدلية الحمرية,Meknès,33.9000913,-5.5555244,pharmacy
Pharmacie la Belle Vue صيدلية المنظر الجميل,Meknès,33.9010346,-5.5545764,pharmacy
Pharmacie Remmal صيدلية الرمال,Meknès,33.9043623,-5.5617007,pharmacy
Pharmacie Al Khassa صيدلية الخصة,Meknès,33.8975448,-5.5516694,pharmacy
صيدلية محمد الخامس,Meknès,33.9034292,-5.5390563,pharmacy
Pharmacie Al Amane صيدلية الأمان,Meknès,33.8950345,-5.5018431,pharmacy
Pharmacie El Bassatine صيدلية البساتين,Meknès,33.8932285,-5.5038071,pharmacy
Pharmacie Al Qods صبدلية القدس,Meknès,33.8967707,-5.5064893,pharmacy
Pharmacie Yasmina صيدلية ياسمينة,Meknès,33.8969791,-5.5031373,pharmacy
Pharmacie Azzouhour صيدلية الزهور,Meknès,33.8841046,-5.4992485,pharmacy
Pharmacie Plaisance صيدلية السرور,Meknès,33.9012001,-5.5032079,pharmacy
Pharmacie Achouhadaa صيدلية الشهداء,Meknès,33.8844602,-5.5058506,pharmacy
Pharmacie Dar Achifae صيدلي دار الشفاء,Meknès,33.8831181,-5.5029383,pharmacy
Pharmacie O.L.M صيدلية الحي العسكري,Meknès,33.8898712,-5.5039345,pharmacy
Pharmacie 15 Mars صيدلية 15 مارس,Meknès,33.884792,-5.494247,pharmacy
Pharmacie Hopital Militaire صيدلية المستشفى الجامعي,Meknès,33.8895354,-5.5130278,pharmacy
Pharmacie Boughaleb صيدلية بوغالب,Meknès,33.8919295,-5.5004681,pharmacy
Pharmacie Al Mouna صيدلية المنى,Meknès,33.8902353,-5.5161167,pharmacy
Pharmacie Oum El Ghait صيدلية أم الغيث,Meknès,33.8881912,-5.4998354,pharmacy
Pharmacie Youness صيدلية يونس,Meknès,33.8868438,-5.4974886,pharmacy
Pharmacie Ibn Nafis صيدلية إبن النفيس,Meknès,33.894141,-5.507452,pharmacy
Pharmacie Essaadiyine صيدلية السعدييين,Meknès,33.8906018,-5.5251897,pharmacy
Pharmacie Chams صيدلية الشمس,Meknès,33.8932979,-5.5173656,pharmacy
Pharmacie Ain Slougui صيدلية عين السلوقي,Meknès,33.8917207,-5.5061904,pharmacy
Pharmacie Mekka صيدلية مكة,Meknès,33.891225,-5.5191875,pharmacy
Pharmacie In Yansorkom Allah صيدلية ان ينصركم الله,Meknès,33.8955407,-5.4992075,pharmacy
Pharmacie Al Ikhlasse صيدلية الإخلاص,Meknès,33.8903317,-5.4985103,pharmacy
Pharmacie Jawharat Al Bassatine صيدلية جوهرة البساتين,Meknès,33.88042,-5.4951141,pharmacy
Pharmacie Bismillah صيدلية بسم الله,Meknès,33.8923816,-5.5107958,pharmacy
Pharmacie Hayati صيدلية حياتي,Meknès,33.8892021,-5.5077668,pharmacy
Pharmacie Anass صيدلية أناس,Meknès,33.8875944,-5.503027,pharmacy
Pharmacie de l'Hôtel de Ville صيدلية القصر البلدي,Meknès,33.8976017,-5.547799,pharmacy
Pharmacie des Urgences صيدلية المستعجلات,Meknès,33.9022043,-5.5445518,pharmacy
Pharmacie Mamounia صيدلية المامونية,Meknès,33.8993354,-5.5227433,pharmacy
Pharmacie Ibn Khaldoun صيدلية بن خلدون,Meknès,33.8984297,-5.5297934,pharmacy
Pharmacie Al Masjid صيدلية المسجد,Meknès,33.8979014,-5.5355239,pharmacy
Pharmacie Assakina 5 صيدلية الساكنة,Meknès,33.9015538,-5.5968389,pharmacy
Pharmacie Addoha 2 Ouislan صيدلية الضحى 2 ويسلان,Meknès,33.9283241,-5.5045252,pharmacy
Pharmacie Dkhissa Ouislane صيدلية الدخيسة ويسلان,Meknès,33.9297257,-5.5009142,pharmacy
Pharmacie Abi Lkassem Zahraoui صيدلية أبو القاسم الزهراوي,Meknès,33.9219511,-5.496464,pharmacy
Pharmacie Ennour صيدلية النور,Meknès,33.9226826,-5.4906012,pharmacy
Pharmacie Abdelkarim El Khattabi صيدلية عبد الكريم الخطابي,Meknès,33.9239891,-5.4939572,pharmacy
Pharmacie El Wahda صيدلية الوحدة,Meknès,33.9204638,-5.4927069,pharmacy
Pharmacie Arz de l'Atlas صيدلية أرز الأطلس,Meknès,33.9207684,-5.4882957,pharmacy
Pharmacie Al Madina صيدلية المدينة,Meknès,33.91878,-5.4951946,pharmacy
Pharmacie Al Hay صيدلية الحي,Meknès,33.918675,-5.4903307,pharmacy
Pharmacie Rhazzali صيدلية الغزالي,Meknès,33.9150185,-5.4884659,pharmacy
Pharmacie Al Majd صيدلية المجد,Meknès,33.9171712,-5.4930455,pharmacy
Pharmacie Allal Ibn Abdellah صيدلية علال بن عبد الله,Meknès,33.9148627,-5.4910059,pharmacy
Pharmacie Riad Assiha صيدلية رياض الصحة,Meknès,33.9158484,-5.4833762,pharmacy
Pharmacie Wad Al Makhazin صيدلية واد المخازن,Meknès,33.9140816,-5.4797325,pharmacy
Pharmacie Espace Santé صيدلية الفضاء الصحي,Meknès,33.9133715,-5.4862529,pharmacy
Pharmacie La Farge صيدلية لافارج,Meknès,33.9093907,-5.491021,pharmacy
Pharmacie Ouislane صيدلية ويسلان,Meknès,33.9111574,-5.4896254,pharmacy
Pharmacie Al Hikma صيدلية الحكمة,Meknès,33.9125694,-5.4834932,pharmacy
Pharmacie Zerktouni صيدلية الزرقطوني,Meknès,33.9116474,-5.4805784,pharmacy
Pharmacie Hay Ennasr صيدلية حي النصر,Meknès,33.9090346,-5.4784002,pharmacy
Pharmacie Al Hamd صيدلية الحمد,Meknès,33.9098985,-5.484577,pharmacy
Pharmacie Gibraltar صيدلية جبل طارق,Meknès,33.9081557,-5.4875294,pharmacy
Pharmacie Al Izdihar صيدلية الإزدهار,Meknès,33.9062177,-5.4827118,pharmacy
Pharmacie Al Boustane صيدلية البستان,Meknès,33.9024876,-5.4874732,pharmacy
Pharmacie Solfami صيدلية سولفامي,Meknès,33.9036469,-5.4844426,pharmacy
Pharmacie Riad Ouisslane صيدلية رياض ويسلان,Meknès,33.9059594,-5.4784575,pharmacy
Pharmacie Al Moustawsaf صيدلية المستوصف,Meknès,33.9012886,-5.4822966,pharmacy
Pharmacie Ridouane صيدلية الرضوان,Meknès,33.9033836,-5.4795336,pharmacy
Pharmacie Addoha صيدلية الضحى,Meknès,33.8984168,-5.4739634,pharmacy
Pharmacie Arrahma صيدلية الرحمة,Meknès,33.8972157,-5.4708765,pharmacy
Pharmacie Ryad Al Omrane صيدلية رياض العمران,Meknès,33.9064066,-5.4709871,pharmacy
Pharmacie Asrar Assiha صيدلية أسرار الصحة,Meknès,33.9035319,-5.4701466,pharmacy
Pharmacie Al Mahaj صيدلية المحج,Meknès,33.9015365,-5.4667511,pharmacy
Pharmacie les Orangers صيدلية الليمون,Meknès,33.9037357,-5.5168436,pharmacy
Pharmacie Route de Fès صيدلية طريق فاس,Meknès,33.8995176,-5.5185191,pharmacy
Pharmacie Al Massira صيدلية المسيرة,Meknès,33.9004571,-5.5153944,pharmacy
Pharmacie Naourrase صيدلية النورس,Meknès,33.910882,-5.5264087,pharmacy
Pharmacie Chari3 Sekka صيدلي شارع السكة,Meknès,33.9123732,-5.5298407,pharmacy
Pharmacie Arrahmane صيدلية الرحمان,Meknès,33.9099506,-5.5338636,pharmacy
Pharmacie Al Ismailia صيدلية الإسماعيلية,Meknès,33.9085845,-5.5319222,pharmacy
Pharmacie Sidi Massoud صيدلية سيدي مسعود,Meknès,33.9076538,-5.5257847,pharmacy
Pharmacie Aya صيدلية اًية,Meknès,33.9073942,-5.5231895,pharmacy
Pharmacie l'Hacienda صيدلية هاسيندا,Meknès,33.905901,-5.5206236,pharmacy
Pharmacie El Bayrouni صيدلية البيروني,Meknès,33.9062711,-5.5323723,pharmacy
Pharmacie El Menzeh صيدلية المنزه,Meknès,33.9050914,-5.529578,pharmacy
Pharmacie Belair صيدلية بلير,Meknès,33.9024467,-5.5321327,pharmacy
Pharmacie Volubilis صيدلية وليلي,Meknès,33.8998387,-5.5261767,pharmacy
Pharmacie Grande Gare صيدلية المحطة الكبيرة,Meknès,33.8995553,-5.5326192,pharmacy
Pharmacie Al Hanane صيدلية الحنان,Meknès,33.9054484,-5.5420253,pharmacy
Pharmacie Hassan Premier صيدلية الحسن الأول,Meknès,33.9003938,-5.534788,pharmacy
صيدلية عين الشبيك,Meknès,33.9071824,-5.5384993,pharmacy
Pharmacie Moulay Ismail صيدلية مولاي اسماعيل,Meknès,33.9014517,-5.5386436,pharmacy
Pharmacie Al Manar صيدلية المنار,Meknès,33.9081173,-5.5427133,pharmacy
Pharmacie Ibn Baja صيدلية ابن باجة,Meknès,33.909969,-5.540247,pharmacy
Pharmacie la Référence صيدلية المرجع,Meknès,33.9086457,-5.5512971,pharmacy
Pharmacie Moderne الصيدلية العصرية,Meknès,33.8969419,-5.5425436,pharmacy
Pharmacie l'Hopital صيدلية المستشفى,Meknès,33.9003004,-5.5421911,pharmacy
Pharmacie Salima صيدلية سليمة,Meknès,33.8992929,-5.543481,pharmacy
Pharmacie Annahla صيدلية النحلة,Meknès,33.8995335,-5.5388513,pharmacy
Pharmacie L'Oum صيدلية الأم,Meknès,33.904406,-5.5561406,pharmacy
Pharmacie Al Firdaous صيدلية الفردوس,Meknès,33.907593,-5.5568519,pharmacy
Pharmacie Al Irfane صيدلية العرفان,Meknès,33.9070138,-5.5588313,pharmacy
Pharmacie Sidi Baba صيدلية سيدي بابا,Meknès,33.9116074,-5.5777386,pharmacy
Pharmacie Nassim صيدلية نسيم,Meknès,33.9112893,-5.5808006,pharmacy
Pharmacie le Conseil صيدلية النصيحة,Meknès,33.9086128,-5.5794529,pharmacy
Pharmacie Abderrahman Ben Zidane صيدلية عبد الرحمن بن زيدان,Meknès,33.9074423,-5.5753725,pharmacy
Pharmacie Rajae صيدلية رجاء,Meknès,33.9052369,-5.5766296,pharmacy
Pharmacie Annamoudajia الصيدلية النموذجية,Meknès,33.9044481,-5.5808972,pharmacy
Pharmacie Oujah Arousse صيدلية وجه عروس,Meknès,33.9035328,-5.5775678,pharmacy
Pharmacie Andalousie صيدلية الأندلس,Meknès,33.9039513,-5.5738025,pharmacy
Pharmacie Al Inaya صيدلية العناية,Meknès,33.8993417,-5.5756853,pharmacy
Pharmacie Al Ihssane صيدلية الإحسان,Meknès,33.901669,-5.5761241,pharmacy
Pharmacie du Quartier صيدلي الحي,Meknès,33.9021311,-5.5819698,pharmacy
Pharmacie Zerhounia صيدلية الزرهونية,Meknès,33.8996067,-5.5790695,pharmacy
Pharmacie Hibat Allah صيدلية هبة الله,Meknès,33.8936395,-5.587797,pharmacy
Pharmacie Al Wifak صيدلية الوفاق,Meknès,33.8966217,-5.58049,pharmacy
Pharmacie Louali صيدلية الوالي,Meknès,33.8932158,-5.5799516,pharmacy
Pharmacie Toulal صيدلية التولال,Meknès,33.8859027,-5.5976791,pharmacy
Pharmacie Assal صيدلية عسال,Meknès,33.898209,-5.5950056,pharmacy
Pharmacie Bahajji صيدلية باحجي,Meknès,33.8903573,-5.5948114,pharmacy
Pharmacie Riad Toulal صيدلية رياض تولال,Meknès,33.8960002,-5.5985156,pharmacy
Pharmacie Azzahra صيدلية الزهراء,Meknès,33.8863249,-5.5925877,pharmacy
Pharmacie Laghribi صيدلية لغريبي,Meknès,33.8821131,-5.5970979,pharmacy
Pharmacie Le Croissant صيدلية الهلال,Meknès,33.8836453,-5.5943071,pharmacy
Pharmacie Borj Machkouk صيدلية البرج المشقوق,Meknès,33.8840913,-5.5780946,pharmacy
Pharmacie Kamelia صيدلية كاميليا,Meknès,33.8763431,-5.5771213,pharmacy
Pharmacie Ibn Hazm صيدلية بن الحزم,Meknès,33.8725184,-5.5847378,pharmacy
Pharmacie l'Océan صيدلية المحيط,Meknès,33.8728265,-5.5787371,pharmacy
Pharmacie Route Sefita صيدلية طريق سيفيطا,Meknès,33.8721387,-5.5757509,pharmacy
Pharmacie les Parents صيدلية الأبوين,Meknès,33.8686417,-5.5765127,pharmacy
Pharmacie Zitouna صيدلية الزيتونة,Meknès,33.8677104,-5.5812712,pharmacy
Pharmacie Chahdia صيدلية الشهدية,Meknès,33.8687003,-5.5898639,pharmacy
Pharmacie Sbaii صيدلية السباعي,Meknès,33.8679475,-5.5848182,pharmacy
Pharmacie Saadi صيدلية السعدي,Meknès,33.8652705,-5.5901606,pharmacy
Pharmacie Al Mansouri صيدلية المنصوري,Meknès,33.86685,-5.5869983,pharmacy
Pharmacie Al Mansour Marjane صيدلية المنصور مرجان,Meknès,33.8648427,-5.5829477,pharmacy
Pharmacie Al Jawarih صيدلية الجوارح,Meknès,33.8617386,-5.5852446,pharmacy
Pharmacie Nabil صيدلية نبيل,Meknès,33.8658592,-5.5768589,pharmacy
Pharmacie Attadamoune صيدلية التضامن,Meknès,33.8640593,-5.5797487,pharmacy
Pharmacie Granada صيدلية غرناطة,Meknès,33.8619146,-5.5786473,pharmacy
Pharmacie Tazi صيدلية التازي,Meknès,33.8599582,-5.5817403,pharmacy
Pharmacie Oufquir صيدلية أوفقير,Meknès,33.8528824,-5.5850207,pharmacy
Pharmacie Dalia صيدلية الدالية,Meknès,33.8560893,-5.588122,pharmacy
Pharmacie Manazil Al Ismailia صيدلية منازل الإسماعيلية,Meknès,33.8508928,-5.591414,pharmacy
Pharmacie Ryad صيدلية الرياض,Meknès,33.8877151,-5.5701109,pharmacy
Pharmacie Bab Berdaine صيدلية باب البردعين,Meknès,33.9002698,-5.5675674,pharmacy
Pharmacie Nejjarine صيدلية النجارين,Meknès,33.895382,-5.5692,pharmacy
Pharmacie Kobbat Essouk صيدلية قبة السوق,Meknès,33.8950411,-5.5654722,pharmacy
Pharmacie Al Fath صيدلية الفتح,Meknès,33.893165,-5.5668529,pharmacy
Pharmacie du Progrès صيدلية التقدم,Meknès,33.8937831,-5.56347,pharmacy
Pharmacie Rouamzine صيدلية روامزين,Meknès,33.8943465,-5.5605202,pharmacy
Pharmacie Dar Lakbira صيدلي الدار الكبيرة,Meknès,33.8905796,-5.5619735,pharmacy
Pharmacie El Darih صيدلية الضريح,Meknès,33.8914108,-5.563479,pharmacy
Pharmacie Al Ahram صيدلية الأهرام,Meknès,33.8884155,-5.5548771,pharmacy
Pharmacie du Mechouar صيدلية المشور,Meknès,33.8848175,-5.5518128,pharmacy
Pharmacie Agdal صيدلية أكدال,Meknès,33.8805673,-5.5445898,pharmacy
Pharmacie Asmae صيدلية أسماء,Meknès,33.8781199,-5.5444711,pharmacy
Pharmacie Lahlimi صيدلية لحليمي,Meknès,33.8800133,-5.548042,pharmacy
Pharmacie Marmoucha صيدلية مرموشة,Meknès,33.8568646,-5.5323636,pharmacy
Pharmacie Al Baridiya صيدلية البريدية,Meknès,33.8563205,-5.5493557,pharmacy
Pharmacie Sidi Bouzekri صيدلية سيدي بوزكري,Meknès,33.8662952,-5.5369727,pharmacy
Pharmacie Kenza صيدلية كنزة,Meknès,33.8500029,-5.5623937,pharmacy
Pharmacie Ryad Al Ismailia صيدلية رياض الإسماعيلية,Meknès,33.8565627,-5.5681238,pharmacy
Pharmacie Prestige صيدلية بريستيج,Meknès,33.854095,-5.5633706,pharmacy
Pharmacie Anassi صيدلية آناسي,Meknès,33.8587934,-5.5643397,pharmacy
Pharmacie Nada صيدلية ندى,Meknès,33.8538109,-5.5670246,pharmacy
Pharmacie Atlas Asseha صيدلية أطلس الصحة,Meknès,33.8571202,-5.5607857,pharmacy
Pharmacie Ibtissamat Ennaim صيدلية إبتسامات النعيم,Meknès,33.8521894,-5.5606289,pharmacy
Pharmacie les Nobles صيدلية النبلاء,Meknès,33.8591021,-5.5581191,pharmacy
Pharmacie Rabha صيدلية رابحة,Meknès,33.859292,-5.5520153,pharmacy
Pharmacie Tahama صيدلية تهامة,Meknès,33.8515803,-5.5538908,pharmacy
Pharmacie Naim صيدلية نعيم,Meknès,33.8512579,-5.5573025,pharmacy
Pharmacie Narjis صيدلية النرجس,Meknès,33.8541301,-5.5563126,pharmacy
Pharmacie Hay Laaouija صيدلية حي العويجة,Meknès,33.8666631,-5.5605651,pharmacy
Pharmacie Chracher صيدلية الشراشر,Meknès,33.8636985,-5.5483332,pharmacy
Pharmacie Meziane صيدلية مزيان,Meknès,33.8691663,-5.5517328,pharmacy
Pharmacie Bab Kbich صيدلية باب كبيش,Meknès,33.8633928,-5.5516018,pharmacy
Pharmacie Palais Al Mansour صيدلية قصر المنصور,Meknès,33.8691684,-5.5589181,pharmacy
Pharmacie Chaouia صيدلية الشاوية,Meknès,33.8671598,-5.5550965,pharmacy
Pharmacie Meknès صيدلية مكناس,Meknès,33.8782026,-5.5700455,pharmacy
Pharmacie Al Farabi صيدلية الفرابي,Meknès,33.8741322,-5.5653916,pharmacy
Pharmacie Nisrine صيدلية نسرين,Meknès,33.8777865,-5.5640694,pharmacy
Pharmacie Annajat صيدلية النجاة,Meknès,33.8720197,-5.5695681,pharmacy
Pharmacie Riad Al Andalous صيدلية رياض الأندلس,Meknès,33.8749911,-5.5703325,pharmacy
Pharmacie Florance صيدلية فلورانس,Meknès,33.8642095,-5.575224,pharmacy
Pharmacie Seif Eddine صيدلية سيف الدين,Meknès,33.867221,-5.5708929,pharmacy
Pharmacie Ibn Tofail صيدلية بن طفيل,Meknès,33.8654771,-5.5645754,pharmacy
Pharmacie Ikamate Lamsalla صيدلية إقامة لمصلى,Meknès,33.8686624,-5.5651379,pharmacy
Pharmacie El Kettani صيدلية الكتاني,Meknès,33.8640055,-5.5617841,pharmacy
Pharmacie Riad Zitoune صيدلية رياض الزيتون,Meknès,33.8625575,-5.5661372,pharmacy
Pharmacie Al Yassamine صيدلية الياسمين,Meknès,33.859398,-5.5688041,pharmacy
Pharmacie Lahbib صيدلية الحبيب,Meknès,33.8632178,-5.5716703,pharmacy
Pharmacie Al Azhar صيدلية الأزهر,Meknès,33.8612459,-5.5624559,pharmacy
Pharmacie Loukmane صيدلية لقمان,Meknès,33.8557034,-5.5071928,pharmacy
Pharmacie Yassine صيدلية ياسين,Meknès,33.8536752,-5.5132003,pharmacy
Pharmacie Al Inara صيدلية الإنارة,Meknès,33.8515851,-5.5213417,pharmacy
Pharmacie Oussama صيدلية أسامة,Meknès,33.8560157,-5.5162137,pharmacy
Pharmacie Ezzahwa صيدلية الزهوة,Meknès,33.8712689,-5.5325639,pharmacy
Pharmacie Al Andalous صيدلية الأندلس,Meknès,33.8735931,-5.5348954,pharmacy
Pharmacie Al Wassila صيدلية الوسيلة,Meknès,33.8949777,-5.5471547,pharmacy
Pharmacie la Rosée صيدلية الندى,Meknès,33.8948573,-5.5435941,pharmacy
Pharmacie de Bretagne صيدلية بروطان,Meknès,33.8939887,-5.5409613,pharmacy
Pharmacie de Paris صيدلية باريس,Meknès,33.8971669,-5.5393468,pharmacy
Pharmacie Rawnak صيدلية رونق,Meknès,33.8946997,-5.5362812,pharmacy
Pharmacie Layla صيدلية ليلى,Meknès,33.882764,-5.5035539,pharmacy
Pharmacie Aladdin صيدلية علاء الدين,Meknès,33.899292,-5.4810167,pharmacy
Pharmacie Cornette صيدلية كورنيط,Meknès,33.9043338,-5.5519073,pharmacy
Pharmacie la Gare Routière صيدلية المحطة الطرقية,Meknès,33.8911847,-5.5767928,pharmacy
Pharmacie Populaire الصيدلية الشعبية,Meknès,33.8933687,-5.5701055,pharmacy
Pharmacie Itri صيدلية إثري,Meknès,33.8968052,-5.531668,pharmacy
Pharmacie Hôpital Mohamed V صيدلية مستشفى محمد,Meknès,33.9041537,-5.5420273,pharmacy
pharmacie moulay ismail,Meknès,33.9061302,-5.5464728,pharmacy
صيدلية رابحة,Meknès,33.8592796,-5.552029,pharmacy
Pharmacie El Hakkour,Meknès,33.8575581,-5.583258,pharmacy
Pharmacie Cité Universitaire صيدلية الحي الجامعي,Meknès,33.8562651,-5.5452185,pharmacy
Pharmacie Layane صيدلية ليان,Meknès,33.8540675,-5.547342,pharmacy
Pharmacie Aswar Meknès صيدلية أسوار مكناس,Meknès,33.8515527,-5.5694315,pharmacy
Pharmacy Zenith,Meknès,33.8953629,-5.5280628,pharmacy
Pharmacy Pierre Curie,Meknès,33.8930206,-5.533638,pharmacy
Pharmacie BELMADANI صيدلية بلمدني,Meknès,33.8549241,-5.5915698,pharmacy
صيدلية رياض أناسي,Meknès,33.8523546,-5.5788403,pharmacy
Para Masjid Iran,Meknès,33.9003487,-5.5340729,pharmacy
Pharmacie El Fadilia صيدلية الفاضلية,Meknès,33.8779373,-5.5787439,pharmacy
Pharmacie Kassbah صيدلية القصبة,Meknès,33.8835258,-5.5485821,pharmacy
صيدلية ميموزا,Meknès,33.8589134,-5.5431371,pharmacy
Pharmacie Tilleul Marjane,Meknès,33.854343,-5.5817932,pharmacy
Pharmacie Populaire الصيدلية الشعبية,Meknès,33.8933852,-5.5700896,pharmacy
Pharmacie de La Gare صيدلية المحطة,Oujda,34.680722,-1.9220727,pharmacy
Pharmacie Mouslim صيدلية مسلم,Oujda,34.6831136,-1.9160562,pharmacy
Pharmacie La Salle Couverte صيدلية القاعة المغطاة,Oujda,34.6740316,-1.9285056,pharmacy
Pharmacie Chrif صيدلية الشريف,Oujda,34.6772616,-1.8891874,pharmacy
Pharmacie Ain Sarrak صيدلية عين السراق,Oujda,34.6579575,-1.9218621,pharmacy
Pharmacie Assafae صيدلية الصفاء,Oujda,34.7034449,-1.9220778,pharmacy
Pharmacie Al Hilal Al Akhdar صيدلية الهلال الأخضر,Oujda,34.6762864,-1.8788408,pharmacy
Pharmacie Tarik Ibn Ziad صيدلية طارق بن زياد,Oujda,34.6943086,-1.9164627,pharmacy
Pharmacie Ennakhla صيدلي النخلة,Oujda,34.7013173,-1.9195038,pharmacy
Pharmacie Armée de la Libération صيدلية جيش التحرير,Oujda,34.671611,-1.9202958,pharmacy
Pharmacie Casablanca صيدلية الدار البيضاء,Oujda,34.6843496,-1.9123711,pharmacy
L'Orientale Pharmacie الصيدلية الشرقية,Oujda,34.6814353,-1.9177218,pharmacy
Pharmacie Yassine صيدلية ياسين,Oujda,34.6725225,-1.8891898,pharmacy
Pharmacie Al Hayat صيدلية الحياة,Oujda,34.6984786,-1.92312,pharmacy
Pharmacie Hay Toba صيدلية حي طوبا,Oujda,34.6991884,-1.9205874,pharmacy
Pharmacie Omar Riffi صيدلي عمر الريفي,Oujda,34.6912159,-1.9161524,pharmacy
Pharmacie Jellouli صيدلية جلولي,Oujda,34.6653842,-1.8765536,pharmacy
Pharmacie Afaq Al Aounia صيدلية اًفاق العونية,Oujda,34.6961617,-1.8822914,pharmacy
Pharmacie Mouloudia صيدلية المولودية,Oujda,34.6845897,-1.9424723,pharmacy
Pharmacie Belle Vue صيدلية المنظر الجميل,Oujda,34.6725219,-1.9160846,pharmacy
Pharmacie Moderne الصيدلية العصرية,Oujda,34.6817349,-1.9119481,pharmacy
Pharmacie Agdal صيدلية أكدال,Oujda,34.6753272,-1.8723262,pharmacy
Pharmacie Al Insaf صيدلية الإنصاف,Oujda,34.6668092,-1.9107118,pharmacy
Pharmacie d'Urgence Hôpital Universitaire صيدلية المستعجلات المستشفى الجامعي,Oujda,34.6576325,-1.9145475,pharmacy
Pharmacie Bouzidi صيدلية بوزيدي,Oujda,34.6692994,-1.8824773,pharmacy
Pharmacie Al Iman صيدلية الإيمان,Oujda,34.6721667,-1.8933009,pharmacy
Pharmacie Al Maqdis صيدلية المقدس,Oujda,34.6537374,-1.895795,pharmacy
Pharmacie Al Irchad صيدلية الارشاد,Oujda,34.6565776,-1.9042065,pharmacy
Pharmacie Al Jaouhara صيدلية الجوهرة,Oujda,34.6683592,-1.9317509,pharmacy
Pharmacie Al Andalous صيدلية الأندلس,Oujda,34.6697926,-1.9241752,pharmacy
Pharmacie Masjid Essaboni صيدلية مسجد الصابوني,Oujda,34.675626,-1.9006096,pharmacy
Pharmacie Lazaret El Malti صيدلية لازاري المالطي,Oujda,34.681681,-1.8876133,pharmacy
Pharmacie Berrechi صيدلية بريشي,Oujda,34.6595651,-1.9030147,pharmacy
Pharmacie Tennis صيدلية التنس,Oujda,34.698285,-1.8973238,pharmacy
Pharmacie Kadi صيدلية القاضي,Oujda,34.6936239,-1.9141854,pharmacy
Pharmacie Batal صيدلية بطل,Oujda,34.6893258,-1.9306102,pharmacy
Pharmacie Sherine صيدلية شيرين,Oujda,34.6832189,-1.9199325,pharmacy
Pharmacie El Ouali Sidi Driss صيدلية الوالي سيدي إدريس,Oujda,34.6882098,-1.8998802,pharmacy
Pharmacie Azzahrae صيدلية الزهراء,Oujda,34.6589352,-1.8921441,pharmacy
Pharmacie Hay Mir Ali صيدلية حي مير علي,Oujda,34.680243,-1.9288458,pharmacy
Pharmacie Centrale Ain Sarrak الصيدلية المركزية عين السراق,Oujda,34.6576428,-1.926108,pharmacy
Pharmacie Errahma صيدلية الرحمة,Oujda,34.6619511,-1.9198997,pharmacy
Pharmacie La Colline CHU صيدلية لاكولين,Oujda,34.6542596,-1.9098833,pharmacy
Pharmacie CHU Al Irfane العرفان CHU صيدلية,Oujda,34.6552531,-1.915612,pharmacy
Pharmacie Al Irfane صيدلية العرفان,Oujda,34.6555455,-1.9193089,pharmacy
Pharmacie Essalam Ain Serrak صيدلية السلام عين السراق,Oujda,34.6600539,-1.9236644,pharmacy
Pharmacie Nouvelle الصيدلية الجديدة,Oujda,34.6851554,-1.9172494,pharmacy
Pharmacie El Houdoud صيدلية الحدود,Oujda,34.7117722,-1.8881978,pharmacy
Pharmacie Gala صيدلية كالا,Oujda,34.720348,-1.8832977,pharmacy
Pharmacie Abdellah Guennoun صيدلية عبد الله كنون,Oujda,34.6711712,-1.8856935,pharmacy
Pharmacie Le Jasmin صيدلية الياسمين,Oujda,34.6565741,-1.8896621,pharmacy
Pharmacie Si Lakhdar صيدلية سي لخضر,Oujda,34.6812471,-1.93678,pharmacy
Pharmacie Farhane صيدلية فرحان,Oujda,34.6826368,-1.9447684,pharmacy
Pharmacie Parc Aicha صيدلية حديقة عائشة,Oujda,34.6681324,-1.9021818,pharmacy
Pharmacie Yacoub Al Mansour صيدلية يعقوب المنصور,Oujda,34.670095,-1.9048991,pharmacy
Pharmacie du Parc صيدلية الحديقة,Oujda,34.6709584,-1.9079627,pharmacy
Pharmacie Harcha صيدلية حرشة,Oujda,34.6837081,-1.9322791,pharmacy
Pharmacie El Andaloussi صيدلية الأندلسي,Oujda,34.6827355,-1.9346936,pharmacy
Pharmacie Al Yousr صيدلية اليسر,Oujda,34.6610302,-1.9403115,pharmacy
Pharmacie Hay Gtar صيدلية حي كطار,Oujda,34.6598529,-1.9459427,pharmacy
Pharmacie Al Fath صيدلية الفتح,Oujda,34.691312,-1.8736378,pharmacy
Pharmacie Dhar Lamhala Lazaret صيدلية ضهر المحلة لازاري,Oujda,34.6824325,-1.8850428,pharmacy
Pharmacie Bismillah صيدلية بسم الله,Oujda,34.6911373,-1.8939706,pharmacy
Pharmacie Al Boustane صيدلية البستان,Oujda,34.7105468,-1.8839712,pharmacy
Pharmacie Mimouni صيدلية ميموني,Oujda,34.689296,-1.9339438,pharmacy
Pharmacie Hay Al Amal صيدلية حي الأمل,Oujda,34.6906799,-1.9442347,pharmacy
Pharmacie Imam Ali صيدلية الإمام علي,Oujda,34.6763877,-1.9424202,pharmacy
Pharmacie Azhar Isly صيدلية أزهار إسلي,Oujda,34.7227111,-1.909699,pharmacy
Pharmacie Pont Lamhalla صيدلية قنطرة لمحلة,Oujda,34.6666953,-1.9262387,pharmacy
Pharmacie Idriss Al Akbar صيدلية إدريس الأكبر,Oujda,34.6622792,-1.929758,pharmacy
Pharmacie Pont Benkhirane صيدلية قنطرة بنخيران,Oujda,34.6593074,-1.9303877,pharmacy
Pharmacie Torbi صيدلية توربي,Oujda,34.6670039,-1.9364563,pharmacy
Pharmacie El Baraka صيدلية البركة,Oujda,34.6755469,-1.9381131,pharmacy
Pharmacie du Conseil صيدلية النصيحة,Oujda,34.6694055,-1.9285715,pharmacy
Pharmacie El Aouni صيدلية العوني,Oujda,34.6570624,-1.9492163,pharmacy
Pharmacie Aynaou صيدلية ايناو,Oujda,34.6703827,-1.9381422,pharmacy
Pharmacie Hanana صيدلية حنانة,Oujda,34.6730663,-1.9410108,pharmacy
Pharmacie Echouhada صيدلية الشهداء,Oujda,34.670153,-1.9414952,pharmacy
Pharmacie Bab Errayan صيدلية باب الريان,Oujda,34.6586867,-1.9407496,pharmacy
Pharmacie Hay Ezzohour صيدلية حي الزهور,Oujda,34.6634668,-1.9493428,pharmacy
Pharmacie Beni Znassen صيدلية بني زناسن,Oujda,34.6769768,-1.9351713,pharmacy
Pharmacie Hay Sammara صيدلية حي سمرا,Oujda,34.6501353,-1.9411804,pharmacy
Pharmacie Al Manar صيدلية المنار,Oujda,34.6819804,-1.9413182,pharmacy
Pharmacie Essaada صيدلية السعادة,Oujda,34.6925053,-1.9180097,pharmacy
Pharmacie El Houda صيدلية الهدى,Oujda,34.6793868,-1.9392532,pharmacy
Pharmacie Sabahi صيدلية صباحي,Oujda,34.6663756,-1.8724745,pharmacy
Pharmacie du Progrès صيدلية التقدم,Oujda,34.6785243,-1.9113108,pharmacy
Pharmacie Ibn Nafis صيدلية بن النفيس,Oujda,34.6812338,-1.8758671,pharmacy
Pharmacie El Azzaoui صيدلية العزاوي,Oujda,34.6577629,-1.8958942,pharmacy
Pharmacie de l'Université صيدلية الجامعة,Oujda,34.6571437,-1.9007118,pharmacy
Pharmacie Siham صيدلية سهام,Oujda,34.6677437,-1.8893995,pharmacy
Pharmacie de La Mosquée صيدلية المسجد,Oujda,34.66404,-1.8988793,pharmacy
Pharmacie Al Haramain صيدلية الحرمين,Oujda,34.6609122,-1.8809687,pharmacy
Pharmacie Al Inara صيدلية الإنارة,Oujda,34.6637395,-1.9054894,pharmacy
Pharmacie Allal El Fassi صيدلية علال الفاسي,Oujda,34.6717779,-1.8995943,pharmacy
Pharmacie Al Machfa Al Jamii صيدلية المشفى الجامعي,Oujda,34.6591571,-1.9092973,pharmacy
Pharmacie Al Mouna صيدلية المنى,Oujda,34.6638137,-1.8885474,pharmacy
Pharmacie Ahmed صيدلية أحمد,Oujda,34.6580606,-1.8928908,pharmacy
Pharmacie Boudlal صيدلية بودلال,Oujda,34.6642944,-1.8815527,pharmacy
Pharmacie Manal صيدلية منال,Oujda,34.6655599,-1.88606,pharmacy
Pharmacie Sefraoui صيدلية صفراوي,Oujda,34.6650933,-1.8911065,pharmacy
Pharmacie Al Maghreb Al Arabi صيدلية المغرب العربي,Oujda,34.6642882,-1.8954525,pharmacy
Pharmacie Al Qods صيدلية القدس,Oujda,34.6613707,-1.9050206,pharmacy
Pharmacie Hay Al Andalous صيدلية حي الأندلس,Oujda,34.6590105,-1.8853598,pharmacy
Pharmacie Rahmouni Lazaret صيدلية الرحموني,Oujda,34.6711676,-1.8907847,pharmacy
Pharmacie Rachdi صيدلية راشدي,Oujda,34.658111,-1.9178587,pharmacy
Pharmacie Les Iris صيدلية القزحية,Oujda,34.6595618,-1.9197117,pharmacy
Pharmacie Al Hidaya صيدلية الهداية,Oujda,34.6614479,-1.8922499,pharmacy
Pharmacie Al Michkate صيدلية المشكاة,Oujda,34.6582554,-1.8829488,pharmacy
Pharmacie Hay Lamharchi صيدلية حي لمحرشي,Oujda,34.6912349,-1.9394225,pharmacy
Pharmacie La Grande الصيدلية الكبرى,Oujda,34.6542092,-1.9352301,pharmacy
Pharmacie et Laboratoire Route de Taza صيدلية و مختبر طريق تازة,Oujda,34.6792409,-1.9312867,pharmacy
Pharmacie La Foire صيدلية المعرض,Oujda,34.6827788,-1.9271759,pharmacy
Pharmacie Stade d'Honneur صيدلية الملعب الشرفي,Oujda,34.664806,-1.9328012,pharmacy
Pharmacie Hay Ngadi صيدلية حي نكادي,Oujda,34.6862086,-1.9328008,pharmacy
Pharmacie de L’Espoir صيدلية الأمل,Oujda,34.6714056,-1.9323835,pharmacy
Pharmacie Al Wiam صيدلية الوئام,Oujda,34.6790813,-1.936653,pharmacy
Pharmacie Tarik Al Gharb صيدلية طريق الغرب,Oujda,34.6841747,-1.9382428,pharmacy
Pharmacie Haddam صيدلية هدام,Oujda,34.6742164,-1.9319485,pharmacy
Pharmacie Al Amana صيدلية الأمانة,Oujda,34.6865545,-1.9368441,pharmacy
Pharmacie Route Saidia صيدلية طريق السعيدية,Oujda,34.6936736,-1.945281,pharmacy
Pharmacie El Ansari صيدلية الأنصاري,Oujda,34.7087526,-1.9093411,pharmacy
Pharmacie Al Majd صيدلية المجد,Oujda,34.7062069,-1.9151532,pharmacy
Pharmacie Koulouch Takkadoum صيدلية كولوش التقدم,Oujda,34.6997489,-1.9141928,pharmacy
Pharmacie Ejjarda صيدلية الجردة,Oujda,34.7029677,-1.9103923,pharmacy
Pharmacie Mellouk صيدلية ملوك,Oujda,34.7080865,-1.919838,pharmacy
Pharmacie Al Jisr صيدلية الجسر,Oujda,34.6971736,-1.9193274,pharmacy
Pharmacie Wafaa صيدلية وفاء,Oujda,34.7144735,-1.9062027,pharmacy
Pharmacie El Bay صيدلية الباي,Oujda,34.7044659,-1.907484,pharmacy
Pharmacie Metro صيدلية مترو,Oujda,34.7053399,-1.9349609,pharmacy
Pharmacie Faculté de Médecine صيدلية كلية الطب,Oujda,34.661957,-1.9111849,pharmacy
Pharmacie Palais De Justice صيدلية قصر العدالة,Oujda,34.6603332,-1.9141078,pharmacy
Pharmacie Alae صيدلية اًلاء,Oujda,34.6646949,-1.918868,pharmacy
Pharmacie Nil صيدلية النيل,Oujda,34.6624334,-1.873285,pharmacy
Pharmacie Kissi صيدلية قيسي,Oujda,34.6653562,-1.8694001,pharmacy
Pharmacie Al Manzah صيدلية المنزه,Oujda,34.6674741,-1.8738543,pharmacy
Pharmacie Nasrallah صيدلية نصر الله,Oujda,34.6651247,-1.8796507,pharmacy
Pharmacie Ayoub صيدلية أيوب,Oujda,34.6602641,-1.8773787,pharmacy
Pharmacie Al Kawtar صيدلية الكوثر,Oujda,34.6756858,-1.8589051,pharmacy
Pharmacie Sfakas صيدلية صفاقص,Oujda,34.6580693,-1.8736261,pharmacy
Pharmacie Souidi صيدلية السويدي,Oujda,34.6675606,-1.8704904,pharmacy
Pharmacie Hay Nasr صيدلية حي النصر,Oujda,34.7107256,-1.8931156,pharmacy
Pharmacie Souk Mellilia صيدلية سوق مليلية,Oujda,34.6784462,-1.9065907,pharmacy
Pharmacie Annour صيدلية النور,Oujda,34.7176701,-1.8967017,pharmacy
Pharmacie Tayret صيدلية تايريت,Oujda,34.6742298,-1.9022463,pharmacy
Pharmacie Essaoura صيدلية الصويرة,Oujda,34.6660373,-1.9066263,pharmacy
Pharmacie Salama صيدلية السلامة,Oujda,34.6978994,-1.9027052,pharmacy
Pharmacie Moulay Youssef صيدلية مولاي يوسف,Oujda,34.6727209,-1.9220683,pharmacy
Pharmacie La Medina صيدلية المدينة,Oujda,34.680241,-1.9084824,pharmacy
Pharmacie des Urgences صيدلية المستعجلات,Oujda,34.6765935,-1.9131969,pharmacy
Pharmacie Oujda صيدلية وجدة,Oujda,34.6838515,-1.9098647,pharmacy
Pharmacie de la Polyclinique صيدلية بوليكلينك,Oujda,34.6695351,-1.9122532,pharmacy
Pharmacie Santé et Beauté صيدلية الصحة و الجمال,Oujda,34.6995414,-1.8993027,pharmacy
Pharmacie Riad صيدلية الرياض,Oujda,34.680038,-1.9035539,pharmacy
Pharmacie Es-Safae Boudir صيدلية الصفاء بودير,Oujda,34.6915404,-1.9029042,pharmacy
Pharmacie Syagha صيدلية صياغة,Oujda,34.6810128,-1.9145871,pharmacy
Pharmacie Oued Ennachef صيدلية الواد الناشف,Oujda,34.6754059,-1.9259166,pharmacy
Pharmacie Benmansour صيدلية بن منصور,Oujda,34.6829521,-1.9054924,pharmacy
Pharmacie Pasteur صيدلية باستور,Oujda,34.6891522,-1.9174853,pharmacy
Pharmacie Al Hijaz صيدلية الحجاز,Oujda,34.6741316,-1.9176192,pharmacy
Pharmacie Al Farabi صيدلية الفرابي,Oujda,34.6762843,-1.9110768,pharmacy
Pharmacie Diwana صيدلية الديوانة,Oujda,34.6894619,-1.9098898,pharmacy
Pharmacie Asfour صيدلية عصفور,Oujda,34.6774059,-1.9082252,pharmacy
Pharmacie Le Paris صيدلية باريس,Oujda,34.679805,-1.9194793,pharmacy
Pharmacie Omar Ibn El Khatab صيدلية عمر بن الخطاب,Oujda,34.6720607,-1.9128245,pharmacy
Pharmacie Aswak Essalam صيدلية أسواق السلام,Oujda,34.6993538,-1.8908538,pharmacy
Pharmacie Chifae صيدلية الشفاء,Oujda,34.6917366,-1.9106842,pharmacy
Pharmacie Figuig صيدلية فكيك,Oujda,34.6870193,-1.9106433,pharmacy
Pharmacie El Mouhammadia صيدلية المحمدية,Oujda,34.688647,-1.9040836,pharmacy
Pharmacie Al Jahid صيدلية الجاهد,Oujda,34.697536,-1.9096194,pharmacy
Pharmacie Errazi صيدلية الرازي,Oujda,34.6703882,-1.917333,pharmacy
Pharmacie Centre Culturel صيدلية المركز الثقافي,Oujda,34.6881429,-1.9199624,pharmacy
Pharmacie du Stade Municipal صيدلية الملعب البلدي,Oujda,34.6858757,-1.9069287,pharmacy
Pharmacie l’Avenir صيدلية المستقبل,Oujda,34.6943211,-1.9030273,pharmacy
Pharmacie El Aounia صيدلية العونية,Oujda,34.6854296,-1.9011379,pharmacy
Pharmacie Abdelmoumen صيدلية عبد المومن,Oujda,34.6746769,-1.9093982,pharmacy
Pharmacie Al Faraj صيدلية الفرج,Oujda,34.7156774,-1.8929609,pharmacy
Pharmacie Al Bakri صيدلية البكري,Oujda,34.6887738,-1.9147854,pharmacy
Pharmacie Rajaa Fi Allah صيدلية الرجاء في الله,Oujda,34.7080319,-1.8972593,pharmacy
Pharmacie Al Acadimia صيدلية الأكاديمية,Oujda,34.657764,-1.9019637,pharmacy
Pharmacie Cinema Rif Kabbaj صيدلية سينما الريف قباج,Oujda,34.6832326,-1.8905733,pharmacy
Pharmacie Habiba صيدلية حبيبة,Oujda,34.6593164,-1.9319961,pharmacy
Pharmacie Oumnih صيدلية أومنيح,Oujda,34.6682969,-1.943806,pharmacy
Pharmacie Al Azhar صيدلية الأزهار,Oujda,34.6831135,-1.8810008,pharmacy
Pharmacie Abi Inane صيدلية أبي عنان,Oujda,34.6880271,-1.8788424,pharmacy
Pharmacie Al Aqsa صيدلية الأقصى,Oujda,34.6947262,-1.8759598,pharmacy
Pharmacie Afilal صيدلية أفيلال,Oujda,34.6845953,-1.8693326,pharmacy
Pharmacie Benqachour صيدلية بنقاشور,Oujda,34.6674249,-1.9168638,pharmacy
Pharmacie Boubou صيدلية بوبو,Oujda,34.694798,-1.9114735,pharmacy
Pharmacie Boutkhil صيدلية بوتخيل,Oujda,34.655676,-1.867243,pharmacy
Pharmacie Centrale الصيدلية المركزية,Oujda,34.676632,-1.9193606,pharmacy
Pharmacie La Clinique صيدلية المصحة,Oujda,34.6744684,-1.9205167,pharmacy
Pharmacie CMI Lazaret CMI صيدلية,Oujda,34.6846121,-1.8774034,pharmacy
Pharmacie Al Firdaous صيدلية الفردوس,Oujda,34.692926,-1.8850105,pharmacy
Pharmacie Al Haram صيدلية الهرم,Oujda,34.6843757,-1.8738308,pharmacy
Pharmacie Hay El Hassani صيدلية الحي الحسني,Oujda,34.7068395,-1.911412,pharmacy
Pharmacie Hicham صيدلية هشام,Oujda,34.6809584,-1.8932579,pharmacy
Pharmacie Al Hikma صيدلية الحكمة,Oujda,34.6753972,-1.8921637,pharmacy
Pharmacie Ibn Rochd صيدلية ابن رشد,Oujda,34.6918026,-1.906858,pharmacy
Pharmacie Ibn Tofail صيدلية بن طفيل,Oujda,34.6769178,-1.9056738,pharmacy
Pharmacie Inarat Salam صيدلية إنارة السلام,Oujda,34.6641278,-1.9234216,pharmacy
Pharmacie Al Israe صيدلية الإسراء,Oujda,34.6922444,-1.8808548,pharmacy
Pharmacie Karzazi صيدلية كرزازي,Oujda,34.6775354,-1.8937654,pharmacy
Pharmacie El Jai صيدلية الجاي,Oujda,34.6726804,-1.9257466,pharmacy
Pharmacie Al Jazira صيدلية الجزيرة,Oujda,34.6871338,-1.8970041,pharmacy
Pharmacie Macha Allah صيدلية مشاء الله,Oujda,34.6777494,-1.8628802,pharmacy
Pharmacie Wilaya Pharma صيدلية ولاية فارما,Oujda,34.6654986,-1.9126887,pharmacy
Pharmacie Masjid Najd صيدلية مسجد نجد,Oujda,34.6554097,-1.8745873,pharmacy
Pharmacie Melhaoui صيدلية ملحاوي,Oujda,34.6784767,-1.9236176,pharmacy
Pharmacie Merjane صيدلية مرجان,Oujda,34.6924603,-1.8990871,pharmacy
Pharmacie Moulay Miloud صيدلية مولاي ميلود,Oujda,34.6875063,-1.8870042,pharmacy
Pharmacie El Mrabet صيدلية المرابط,Oujda,34.69685,-1.8895505,pharmacy
Pharmacie Othman Ibn Affan صيدلية عثمان بن عفان,Oujda,34.6892731,-1.881958,pharmacy
Pharmacie El Ouafi صيدلية الوافي,Oujda,34.711233,-1.8964367,pharmacy
Pharmacie Ouiam Al Fath صيدلية وئام الفتح,Oujda,34.6941915,-1.872121,pharmacy
Pharmacie Essalam صيدلية السلام,Oujda,34.6770937,-1.8855723,pharmacy
Pharmacie Populaire الصيدلية الشعبية,Oujda,34.6863032,-1.8818353,pharmacy
Pharmacie Route Bouchtat صيدلية طريق بوشطاط,Oujda,34.6985167,-1.8778761,pharmacy
Pharmacie Takouine صيدلية التكوين,Oujda,34.6799561,-1.8705213,pharmacy
Pharmacie 3 Fontaines صيدلية تلت سقاقي,Oujda,34.6792032,-1.9135081,pharmacy
Pharmacie Hay Al Wifak صيدلية حي الوفاق,Oujda,34.7126981,-1.8994696,pharmacy
Pharmacie Yahyaoui صيدلية يحياوي,Oujda,34.6801607,-1.8825933,pharmacy
Pharmacie Anas صيدلية أنس,Oujda,34.6773038,-1.882398,pharmacy
Pharmacie Badr Al Amal صيدلية بدر الأمل,Oujda,34.6950731,-1.9404238,pharmacy
Pharmacie La Victoire صيدلية النصر,Oujda,34.6575067,-1.9375204,pharmacy
Pharmacie Benkhirane صيدلية بنخيران,Oujda,34.656715,-1.9337498,pharmacy
Pharmacie Jade صيدلية جاد,Oujda,34.691151,-1.9491594,pharmacy
Pharmacie Al Osra صيدلية الأسرة,Oujda,34.6885064,-1.8849546,pharmacy
Pharmacie Azizi صيدلية عزيزي,Oujda,34.6589821,-1.898713,pharmacy
Pharmacie du Complexe Sportif صيدلية المركب الرياضي,Oujda,34.6705423,-1.9337304,pharmacy
Pharmacie du Grand Stade صيدلية الملعب الكبير,Oujda,34.6600849,-1.9364993,pharmacy
Pharmacie Lamsalla صيدلية لمصلى,Oujda,34.675159,-1.8632622,pharmacy
صيدلية الرضوان,Oujda,34.6642445,-1.9359211,pharmacy
Pharmacie Ibn Khaldoun صيدلية ابن خلدون,Oujda,34.6625001,-1.9423227,pharmacy
Pharmacie Le Remède صيدلية الدواء,Oujda,34.666183,-1.9359447,pharmacy
Pharmacie Al Oum صيدلية الأم,Oujda,34.6566993,-1.9436503,pharmacy
Pharmacie Al Maksam صيدلية المقسم,Oujda,34.6675893,-1.8980169,pharmacy
Pharmacie Moulay Idriss صيدلية مولاي ادريس,Oujda,34.6739044,-1.9132984,pharmacy
Pharmacie Ibn Baja صيدلية ابن باجة,Oujda,34.653376,-1.8792618,pharmacy
Pharmacie Bouknadel صيدلية بوقنادل,Oujda,34.6752763,-1.8971876,pharmacy
Pharmacie Sabahi صيدلية صباحي,Oujda,34.6794583,-1.8813811,pharmacy
Pharmacie Al Bayane صيدلية البيان,Oujda,34.6655002,-1.9426367,pharmacy
Pharmacie Hay Annour صيدلية حي النور,Oujda,34.6693257,-1.9470976,pharmacy
Pharmacie Masjid Al Ghofrane صيدلية مسجد الغفران,Oujda,34.6760556,-1.9404897,pharmacy
Pharmacie Annahar صيدلية النهار,Oujda,34.7201303,-1.9372318,pharmacy
Pharmacie Al Kasr صيدلية القصر,Oujda,34.7164253,-1.9257974,pharmacy
Pharmacie Ibn Badis صيدلية ابن باديس,Oujda,34.6942392,-1.9202802,pharmacy
Pharmacie Souika Si Lakhdar صيدلية سويكا سي لخضر,Oujda,34.689706,-1.9281726,pharmacy
Pharmacie Al Ouafae صيدلية الوفاء,Oujda,34.6872998,-1.9438018,pharmacy
Pharmacie Marjane صيدلية مرجان,Oujda,34.7362904,-1.9263599,pharmacy
Pharmacie la Station صيدلية محطة الوقود,Oujda,34.739617,-1.9287928,pharmacy
Pharmacie Arrayane صيدلية الريان,Oujda,34.7189389,-1.8934496,pharmacy
Pharmacie Moussaoui صيدلية موساوي,Oujda,34.7181658,-1.8976851,pharmacy
Pharmacie Haj Aid صيدلية حاج عيد,Oujda,34.7083818,-1.8942652,pharmacy
Pharmacie Zone Industrielle صيدلية الحي الصناعي,Oujda,34.7046329,-1.8956623,pharmacy
Pharmacie Azarkan صيدلية أزرقان,Oujda,34.7120816,-1.9087679,pharmacy
Pharmacie Mansour Eddahbi صيدلية منصور الذهبي,Oujda,34.700631,-1.9120243,pharmacy
Pharmacie Baghdad صيدلية بغداد,Oujda,34.654128,-1.8820932,pharmacy
Pharmacie Afriquia صيدلية افريقيا,Oujda,34.6517639,-1.8748099,pharmacy
Pharmacie Al Irfane Assanawbar صيدلية العرفان الصنوبر,Oujda,34.6532177,-1.9218297,pharmacy
Pharmacie Olenka صيدلية أولينكا,Oujda,34.6632183,-1.8788935,pharmacy
Pharmacie Taha صيدلية طه,Oujda,34.6558256,-1.9297251,pharmacy
Pharmacie Hay Essalam صيدلية حي السلام,Oujda,34.6616134,-1.9248687,pharmacy
Pharmacie Principale الصيدلية الرئيسية,Oujda,34.6762608,-1.9223881,pharmacy
Pharmacie Village Jdid صيدلية الفيلاج الجديد,Oujda,34.662311,-1.8849839,pharmacy
Pharmacie Jakarta صيدلية جاكرتا,Oujda,34.6755778,-1.9040525,pharmacy
Pharmacie Khouna صيدلية خونا,Oujda,34.6785853,-1.8964222,pharmacy
Pharmacie Espace Agdal صيدلية فضاء أكدال,Oujda,34.6724424,-1.8592062,pharmacy
Pharmacie Zenati صيدلية زناتي,Oujda,34.6780523,-1.8752538,pharmacy
Pharmacie Amzil صيدلية أمزيل,Oujda,34.6792872,-1.8626011,pharmacy
Pharmacie Les Jardins de Lazaret صيدلية حدائق لازاري,Oujda,34.6986141,-1.872389,pharmacy
Pharmacie Jouadra صيدلية جوادرة,Oujda,34.7077695,-1.8599875,pharmacy
Pharmacie Oued Eddahab صيدلية وادي الذهب,Oujda,34.6838944,-1.8821829,pharmacy
Pharmacie Ouasrhir صيدلية واسرير,Oujda,34.6906356,-1.8894934,pharmacy
Pharmacie El Meskyny صيدلية المسكيني,Oujda,34.6953597,-1.8930773,pharmacy
Pharmacie Bennis صيدلية بنيس,Oujda,34.6994468,-1.8943105,pharmacy
Pharmacie Avicenne صيدلية ابن سينا,Oujda,34.6976255,-1.8982034,pharmacy
Pharmacie Rif Douzi صيدلية الريف الدوزي,Oujda,34.6878695,-1.8914512,pharmacy
Pharmacie Mehdi صيدلية مهدي,Oujda,34.6856035,-1.9195578,pharmacy
Pharmacie Zohir صيدلية زهير,Oujda,34.6858497,-1.9143154,pharmacy
Pharmacie Nadia صيدلية نادية,Oujda,34.6790061,-1.900171,pharmacy
Pharmacie Maarouf صيدلية معروف,Oujda,34.6878309,-1.9122208,pharmacy
Pharmacie El Mekki Naciri صيدلية المكي الناصري,Oujda,34.6880472,-1.9394322,pharmacy
Pharmacie Okba Ibn Nafi صيدلية عقبة بن نافع,Oujda,34.7007032,-1.9073289,pharmacy
Etoile Médicale,Oujda,34.719449,-1.9260325,pharmacy
Dispensaire Moulay Idriss,Oujda,34.6742675,-1.9128791,pharmacy
Pharmacie Essoufi صيدلية الصوفي,Kenitra,34.2645965,-6.6012125,pharmacy
Pharmacie de Mimosas صيدلية ميموزا,Kenitra,34.2566861,-6.5924263,pharmacy
Pharmacie SAOUMAÂ صيدلية الصومعة,Kenitra,34.2509512,-6.6089371,pharmacy
Pharmacie Al Hikma صيدلية الحكمة,Kenitra,34.254206,-6.6131693,pharmacy
Pharmacie Al Manal صيدلية المنال,Kenitra,34.2600085,-6.6121461,pharmacy
Pharmacie Chifae صيدلية الشفاء,Kenitra,34.2565708,-6.6192137,pharmacy
Pharmacie Farazdaq صيدلية الفرزدق,Kenitra,34.256768,-6.6221521,pharmacy
Para Pharmacie Ouled Oujih,Kenitra,34.2580727,-6.6216612,pharmacy
Pharmacie Korchi صيدلية القرشي,Kenitra,34.2589163,-6.5987424,pharmacy
Pharmacie Espace Santé صيدلية فضاء الصحة,Kenitra,34.2506306,-6.59521,pharmacy
Pharmacie Amine صيدلية أمين,Kenitra,34.2433456,-6.6132819,pharmacy
Pharmacie de l'école صيدلية المدرسة,Kenitra,34.2627422,-6.6209624,pharmacy
Pharmacie Du Rif صيدلية الريف,Kenitra,34.2481677,-6.5953142,pharmacy
Pharmacie Azharoune صيدلية أزهارون,Kenitra,34.2678735,-6.6019298,pharmacy
Pharmacie Grande Pharmacie الصيدلية الكبرى,Kenitra,34.2606311,-6.5853317,pharmacy
Pharmacie Centre Ville صيدلية وسط المدينة,Kenitra,34.2576566,-6.5832276,pharmacy
Pharmacie Siham صيدلية سهام,Kenitra,34.2558248,-6.6139945,pharmacy
Pharmacie Kénitra صيدلية القنيطرة,Kenitra,34.248593,-6.5992208,pharmacy
Pharmacie Ghani صيدلية غاني,Kenitra,34.2522018,-6.6013654,pharmacy
Pharmacie Tahiri صيدلية الطاهري,Kenitra,34.2562404,-6.6026798,pharmacy
Pharmacie Sidi Al Boukhari صيدلية البخاري,Kenitra,34.2544891,-6.6070936,pharmacy
Pharmacie Bab Fés صيدلية باب فاس,Kenitra,34.2677625,-6.5623436,pharmacy
Pharmacie Riad صيدلية الرياض,Kenitra,34.2664687,-6.5614928,pharmacy
Pharmacie Al Khabazat Al Chabia صيدلية الخبازات الشعبية,Kenitra,34.2646071,-6.565231,pharmacy
Pharmacie Arrayhana صيدلية الريحانة,Kenitra,34.2607888,-6.6456614,pharmacy
Pharmacie Atlas صيدلية أطلس,Kenitra,34.2681918,-6.6189189,pharmacy
Pharmacie Al Azhar صيدلية الأزهر,Kenitra,34.2488484,-6.6046955,pharmacy
Pharmacie La Foret صيدلية الغابة,Kenitra,34.2517798,-6.574801,pharmacy
Pharmacie Mostashfa Idrissi صيدلية مستشفى الادريسي,Kenitra,34.2495639,-6.5794883,pharmacy
Pharmacie Bir Rami صيدلية بئر الرامي,Kenitra,34.25349,-6.5954681,pharmacy
Parapharmacie Belle Attitude,Kenitra,34.2475272,-6.6082761,pharmacy
Parapharmacie Parafine,Kenitra,34.255116,-6.5987975,pharmacy
Pharmacie Ait El Cadi صيدلية ايت القاضي,Kenitra,34.2532438,-6.6147881,pharmacy
Para Mall,Kenitra,34.2566047,-6.587222,pharmacy
Pharmacie Al Bahaa صيدلية البهاء,Kenitra,34.246031,-6.6099352,pharmacy
Pharmacie Al Qods صيدلية القدس,Kenitra,34.2625986,-6.6173971,pharmacy
Pharmacie Granada صيدلية غرناطة,Kenitra,34.2508661,-6.6123195,pharmacy
Pharmacie Ibn Baja,Kenitra,34.2589675,-6.6274069,pharmacy
Pharmacie Laila صيدلية ليلى,Kenitra,34.2506258,-6.6231385,pharmacy
Pharmacie Masjid Palestine صيدلية مسجد فلسطين,Kenitra,34.2429074,-6.6051373,pharmacy
Pharmacie Mohssine صيدلية محسن,Kenitra,34.2548252,-6.6172854,pharmacy
Pharmacie Zakat صيدلية الزكاة,Kenitra,34.2459335,-6.6119316,pharmacy
Pharmacie Kasbah صيدلية قصبة,Kenitra,34.2630275,-6.6496355,pharmacy
Pharmacie Al Ossra صيدلية الأسرة,Kenitra,34.2580885,-6.6030945,pharmacy
Pharmacie Regragui صيدلية الركراكي,Kenitra,34.2583583,-6.5950901,pharmacy
Pharmacie La Santé صيدلية الصحة,Kenitra,34.2574841,-6.61619,pharmacy
Pharmacie Route Mehdia صيدلية طريق مهدية,Kenitra,34.2703875,-6.6014248,pharmacy
Pharmacie Karam صيدلية كرم,Kenitra,34.2629525,-6.6052548,pharmacy
Pharmacie Avicenne صيدلية ابن سينا,Kenitra,34.2557944,-6.5971595,pharmacy
Pharmacie Sebou صيدلية سبو,Kenitra,34.2640774,-6.5869281,pharmacy
Pharmacie Al Hamd صيدلية الحمد,Kenitra,34.249231,-6.6144744,pharmacy
Pharmacie Bella,Kenitra,34.2410953,-6.5702243,pharmacy
Pharmacie Bismillah صيدلية بسم الله,Kenitra,34.2645998,-6.5563706,pharmacy
Pharmacie La Fontaine صيدلية النافورة,Kenitra,34.2598633,-6.5835675,pharmacy
Pharmacie Al Wahda صيدلية الوحدة,Kenitra,34.2469815,-6.5531825,pharmacy
Pharmacie El Maghrib صيدلية المغرب,Kenitra,34.250224,-6.5532777,pharmacy
Pharmacie El Massira صيدلية المسيرة,Kenitra,34.2518481,-6.5502481,pharmacy
Pharmacie El Manzeh صيدلية المنزه,Kenitra,34.2538223,-6.5559103,pharmacy
Pharmacie Le Moulin صيدلية المطحنة,Kenitra,34.2576909,-6.5606135,pharmacy
Pharmacie Hay Tbib صيدلية حي الطبيب,Kenitra,34.2557466,-6.552245,pharmacy
Pharmacie El Fath صيدلية الفتح,Kenitra,34.2564925,-6.5575002,pharmacy
Pharmacie Lourak صيدلية الوراق,Kenitra,34.2600008,-6.5572822,pharmacy
Pharmacie Ibn Baytar صيدلية ابن البيطار,Kenitra,34.2642725,-6.6250107,pharmacy
Pharmacie Yassine صيدلية ياسين,Kenitra,34.2592626,-6.6483083,pharmacy
Pharmacie Benhaddou,Kenitra,34.2714743,-6.6291614,pharmacy
Pharmacie des Nations صيدلية الأمم,Kenitra,34.2598268,-6.6203309,pharmacy
Pharmacie Saadaoui صيدلية سعداوي,Kenitra,34.2579819,-6.6553538,pharmacy
Pharmacie Eddebbagh صيدلية الدباغ,Kenitra,34.2438271,-6.6602871,pharmacy
Pharmacie Nouha صيدلية نوها,Kenitra,34.2434651,-6.6564397,pharmacy
Pharmacie Sirinine صيدلية سيرين,Kenitra,34.2318542,-6.6092357,pharmacy
Pharmacie Jabrane صيدلية جبران,Kenitra,34.2696547,-6.6144666,pharmacy
Pharmacie Kasr Ismail صيدلية قصر اسماعيل,Kenitra,34.2621877,-6.6532579,pharmacy
Pharmacie Familiale صيدلية العائلية,Kenitra,34.243427,-6.6525018,pharmacy
Pharmacie Aya صيدلية اية,Kenitra,34.2681525,-6.6262105,pharmacy
Pharmacie Chateau صيدلية الشاطو,Kenitra,34.2554394,-6.6270006,pharmacy
Pharmacie Arrissala صيدلية الرسالة,Kenitra,34.2715777,-6.6098893,pharmacy
Pharmacie Azzahrae صيدلية الزهراء,Kenitra,34.2502741,-6.6202147,pharmacy
Pharmacie El Mowatin صيدلية المواطن,Kenitra,34.2535164,-6.63008,pharmacy
Pharmacie capitale du gharb صيدلية عاصمة الغرب,Kenitra,34.2669001,-6.6138045,pharmacy
Para Kenitra,Kenitra,34.2547718,-6.6040536,pharmacy
Big Para,Kenitra,34.2646299,-6.5896305,pharmacy
Paraval Parapharmacie,Kenitra,34.2674667,-6.5928788,pharmacy
Pharmacie Al Haouzia صيدلية الحوزية,Kenitra,34.2688265,-6.6118274,pharmacy
Pharmacie Ghiouz صيدلية غيوز,Kenitra,34.2656299,-6.6437401,pharmacy
Pharmacie Venezia صيدلية البندقية,Kenitra,34.2753962,-6.6041316,pharmacy
Pharmacie Ibn Toufail صيدلية ابن طفيل,Kenitra,34.2325953,-6.6149378,pharmacy
Pharmacie Liya صيدلية لييا,Kenitra,34.2712358,-6.6257689,pharmacy
Pharmacie du Golf صيدلية الكولف,Kenitra,34.2624151,-6.6430409,pharmacy
Pharmacie Eucalyptus صيدلية الكاليبتوس,Kenitra,34.2713063,-6.6201259,pharmacy
Pharmacie LHaddada صيدلية الحدادة,Kenitra,34.2698463,-6.6226883,pharmacy
Pharmacie Jalale صيدلية جلال,Kenitra,34.27202,-6.6170124,pharmacy
Pharmacie Omnia صيدلية أمنية,Kenitra,34.2281088,-6.5500843,pharmacy
Pharmacie Alwahab صيدلية الوهاب,Kenitra,34.2303034,-6.5510738,pharmacy
Pharmacie Smiri صيدلية سميري,Kenitra,34.2383241,-6.5534031,pharmacy
Pharmacie Alkouweiti صيدلية الكويتي,Kenitra,34.2367514,-6.5508356,pharmacy
Pharmacie Cherkaoui صيدلية الشرقاوي,Kenitra,34.2415755,-6.5510467,pharmacy
Pharmacie Assafar صيدلية السفر,Kenitra,34.2533853,-6.5523257,pharmacy
Pharmacie Kénitra صيدلية القنيطرة,Kenitra,34.251613,-6.5556937,pharmacy
Pharmacie Enasser صيدلية النصر,Kenitra,34.256645,-6.554779,pharmacy
Pharmacie Larma صيدلية لارما,Kenitra,34.2572665,-6.5554749,pharmacy
Pharmacie Hay Mariem صيدلية حي مريم,Kenitra,34.2575148,-6.550312,pharmacy
Pharmacie La Cigogne صيدلية اللقلاق,Kenitra,34.2589371,-6.5689805,pharmacy
Pharmacie Ibn Rochd صيدلية ابن رشد,Kenitra,34.2606171,-6.5677373,pharmacy
Pharmacie Touijar صيدلية تويجر,Kenitra,34.2628606,-6.5624,pharmacy
Pharmacie El Andalous صيدلية الاندلس,Kenitra,34.261301,-6.5597712,pharmacy
Pharmacie La Province صيدلية العمالة,Kenitra,34.2595715,-6.5806913,pharmacy
Pharmacie Du Passage صيدلية الممر,Kenitra,34.2695,-6.565086,pharmacy
Pharmacie Al Forkan صيدلية الفرقان,Kenitra,34.2706537,-6.5627286,pharmacy
Pharmacie Arssat Al Qadi صيدلية عرصة القاضي,Kenitra,34.2703533,-6.5597708,pharmacy
Pharmacie Takaddoum صيدلية التقدم,Kenitra,34.2656005,-6.5738629,pharmacy
Pharmacie Firdaous صيدلية فردوس,Kenitra,34.2619653,-6.5789191,pharmacy
Pharmacie Bismi Allah Assalama صيدلية باسم الله السلامة,Kenitra,34.262846,-6.5756022,pharmacy
Pharmacie Universelle صيدلية الكونية,Kenitra,34.2595762,-6.5774926,pharmacy
Pharmacie de la Gare صيدلية المحطة,Kenitra,34.2547194,-6.5819361,pharmacy
Pharmacie Al Manar صيدلية المنار,Kenitra,34.244316,-6.6168327,pharmacy
Pharmacie L'Horizon صيدلية الأفق,Kenitra,34.2573692,-6.5899621,pharmacy
Pharmacie Mohammed صيدلية محمد,Kenitra,34.2541012,-6.5840229,pharmacy
Pharmacie La Domicienne صيدلية لادوميسيان,Kenitra,34.253996,-6.5919561,pharmacy
Pharmacie Dalia صيدلية داليا,Kenitra,34.2434506,-6.6102872,pharmacy
Pharmacie Al Hayat صيدلية الحياة,Kenitra,34.2382635,-6.6170309,pharmacy
Pharmacie Amicale صيدلية أميكال,Kenitra,34.246018,-6.6037947,pharmacy
Pharmacie Amri صيدلية عمري,Kenitra,34.2215178,-6.628677,pharmacy
Pharmacie Al Boustane صيدلية البستان,Kenitra,34.2231366,-6.617499,pharmacy
Pharmacie Mabrouka صيدلية مبروكة,Kenitra,34.2407851,-6.6152841,pharmacy
Pharmacie Lafouissi صيدلية لفويسي,Kenitra,34.2290584,-6.610728,pharmacy
Pharmacie Bakkli صيدلية بقلي,Kenitra,34.2407008,-6.6190541,pharmacy
Pharmacie Grande Avenue صيدلية الشارع الكبير,Kenitra,34.2345098,-6.6116834,pharmacy
Pharmacie Badyine صيدلية باديين,Kenitra,34.2315296,-6.6174279,pharmacy
Pharmacie Falh صيدلية فالح,Kenitra,34.2232704,-6.627373,pharmacy
Pharmacie Bir Rami Sud صيدلية بئر الرامي جنوب,Kenitra,34.2343347,-6.6066858,pharmacy
Pharmacie Al Felline صيدلية الفلين,Kenitra,34.2288236,-6.6164372,pharmacy
Pharmacie Al Houda صيدلية الهدى,Kenitra,34.2270478,-6.6199491,pharmacy
Pharmacie Jenane Lkbal صيدلية جنان لكبال,Kenitra,34.2214611,-6.6141491,pharmacy
Pharmacie Moderne صيدلية الحديثة,Kenitra,34.26548,-6.5922718,pharmacy
Pharmacie Hay Essalam صيدلية حي السلام,Kenitra,34.2680734,-6.5964743,pharmacy
Pharmacie Abderrahman Annassir صيدلية عبد الرحمان الناصر,Kenitra,34.2606084,-6.5964792,pharmacy
Pharmacie Saad Kenitra صيدلية سعد قنيطرة,Kenitra,34.2624974,-6.594308,pharmacy
Pharmacie Sarah صيدلية صارة,Kenitra,34.2667871,-6.5905584,pharmacy
Pharmacie Cité d'Urgence صيدلية حي الطوارئ,Kenitra,34.2708283,-6.5938993,pharmacy
Pharmacie Taibia صيدلية طيبية,Kenitra,34.275246,-6.5974252,pharmacy
Pharmacie Omar صيدلية عمر,Kenitra,34.2728275,-6.5996219,pharmacy
Pharmacie Haddioui صيدلية الحديوي,Kenitra,34.2769971,-6.594221,pharmacy
Pharmacie Al Widad صيدلية الوداد,Kenitra,34.2757041,-6.6009803,pharmacy
Pharmacie Al Wiam صيدلية الوئام,Kenitra,34.2753168,-6.6071656,pharmacy
Pharmacie Romanova صيدلية رومانوفا,Kenitra,34.2659552,-6.6085139,pharmacy
Pharmacie Corsica صيدلية كورسيكا,Kenitra,34.269117,-6.6049903,pharmacy
Pharmacie Rayane صيدلية ريان,Kenitra,34.2706575,-6.6065653,pharmacy
Pharmacie Echam صيدلية الشام,Kenitra,34.2684734,-6.6099719,pharmacy
Pharmacie L'Avenir صيدلية المستقبل,Kenitra,34.2655707,-6.6165661,pharmacy
Pharmacie Al Majd صيدلية المجد,Kenitra,34.2689867,-6.6151433,pharmacy
Pharmacie Tourabi صيدلية الترابي,Kenitra,34.2621832,-6.6020412,pharmacy
Pharmacie Shem's صيدلية شمس,Kenitra,34.2530477,-6.6194913,pharmacy
Pharmacie Tariq صيدلية طارق,Kenitra,34.2553913,-6.6094654,pharmacy
Pharmacie Ismailia صيدلية اسماعيلية,Kenitra,34.2541046,-6.6264593,pharmacy
Pharmacie des Résidences صيدلية الاقامات,Kenitra,34.2541187,-6.6238089,pharmacy
Pharmacie Rim صيدلية ريم,Kenitra,34.2520283,-6.6273797,pharmacy
Pharmacie Masjid Arrahma صيدلية مسجد الرحمة,Kenitra,34.2583475,-6.6200266,pharmacy
Pharmacie Al Masbah صيدلية المسبح,Kenitra,34.260667,-6.6077236,pharmacy
Pharmacie Sanae صيدلية سناء,Kenitra,34.2666669,-6.6210188,pharmacy
Pharmacie Les Iris صيدلية ليزيريس,Kenitra,34.2724177,-6.6137096,pharmacy
Pharmacie Chourafa صيدلية شرفاء,Kenitra,34.2626159,-6.6463499,pharmacy
Pharmacie Mehdia صيدلية مهدية,Kenitra,34.2648909,-6.6520185,pharmacy
Pharmacie Ocean صيدلية المحيط,Kenitra,34.2573586,-6.6521473,pharmacy
Pharmacie Rahma صيدلية رحمة,Kenitra,34.255793,-6.6473001,pharmacy
Pharmacie Doha صيدلية ضحى,Kenitra,34.2580832,-6.6443154,pharmacy
Pharmacie Alati Allah صيدلية العاطي الله,Kenitra,34.2542184,-6.6537228,pharmacy
Pharmacie Alliance صيدلية أليونس,Kenitra,34.2538916,-6.650492,pharmacy
Pharmacie Des Jardins صيدلية الحدائق,Kenitra,34.2521505,-6.6479219,pharmacy
Pharmacie Sarah Santé صيدلية صارة صحة,Kenitra,34.2465871,-6.6509386,pharmacy
Pharmacie Al Kaoutar صيدلية الكوثر,Kenitra,34.248495,-6.6546796,pharmacy
Pharmacie Ala صيدلية ألاء,Kenitra,34.2415416,-6.6547595,pharmacy
Pharmacie Ahlane صيدلية أهلا,Kenitra,34.24722,-6.6585804,pharmacy
Pharmacie Ain Sbâa صيدلية عين السبع,Kenitra,34.2430179,-6.550215,pharmacy
Pharmacie Youssef صيدلية يوسف,Kenitra,34.2726264,-6.6042945,pharmacy
Pharmacie Al Anouar صيدلية الأنوار,Kenitra,34.2754216,-6.6110097,pharmacy
Pharmacie Imane صيدلية ايمان,Kenitra,34.2353631,-6.5530575,pharmacy
Pharmacie Al Omouma صيدلية الأمومة,Kenitra,34.2403323,-6.5568636,pharmacy
Pharmacie Arrohama صيدلية الرحماء,Kenitra,34.233904,-6.5501607,pharmacy
Pharmacie Hotel De Ville صيدلية فندق المدينة,Kenitra,34.258304,-6.5882253,pharmacy
Pharmacie Basma صيدلية بسمة,Kenitra,34.2597862,-6.6171076,pharmacy
Pharmacie Maamoura صيدلية معمورة,Kenitra,34.2564908,-6.5861366,pharmacy
Pharmacie Benlahcen صيدلية بنلحسن,Kenitra,34.2612257,-6.5919217,pharmacy
Pharmacie Badr صيدلية بدر,Kenitra,34.2486721,-6.5551669,pharmacy
Pharmacie Ouled Oujih صيدلية أولاد أوجيه,Kenitra,34.2641177,-6.6133719,pharmacy
Pharmacie Dar Doua صيدلية دار الدواء,Kenitra,34.254084,-6.5861316,pharmacy
Pharmacie Hamza صيدلية حمزة,Kenitra,34.2446275,-6.5538795,pharmacy
Pharmacie Du Port صيدلية الميناء,Kenitra,34.2640181,-6.580874,pharmacy
Pharmacie Hind صيدلية هند,Kenitra,34.2563828,-6.5764181,pharmacy
Pharmacie Ittihad صيدلية الاتحاد,Kenitra,34.263619,-6.5710079,pharmacy
Pharmacie Iskan Chaabi صيدلية اسكان شعبي,Kenitra,34.273153,-6.5951511,pharmacy
Pharmacie Ibn Khaldoun صيدلية ابن خلدون,Kenitra,34.2421729,-6.5534572,pharmacy
Pharmacie L'Hopital صيدلية المستشفى,Kenitra,34.2537806,-6.5590956,pharmacy
Pharmacie Sidi Larbi Boujemaâ صيدلية سيدي العربي بوجمعة,Kenitra,34.2631994,-6.5741981,pharmacy
Pharmacie Saknia صيدلية الساكنية,Kenitra,34.246333,-6.5505542,pharmacy
Pharmacie de la Ville Haute صيدلية لافيلوط,Kenitra,34.2622662,-6.5889061,pharmacy
Pharmacie Train Medina صيدلية قطار المدينة,Kenitra,34.2669585,-6.5651395,pharmacy
Pharmacie des F.a.r. صيدلية الجيش الملكي,Kenitra,34.2541472,-6.5792543,pharmacy
Pharmacie du Marché صيدلية السوق,Kenitra,34.2634309,-6.5842031,pharmacy
Pharmacie Maaoui صيدلية المعاوي,Kenitra,34.25584,-6.6761597,pharmacy
Pharmacie Annahda صيدلية النهضة,Kenitra,34.266856,-6.5591266,pharmacy
Pharmacie El Houria صيدلية الحرية,Kenitra,34.2599876,-6.5646278,pharmacy
Pharmacie Souissi,Kenitra,34.250615,-6.641976,pharmacy
Pharmacie Espace Golf,Kenitra,34.2494186,-6.6373138,pharmacy
Pharmacie Florida,Kenitra,34.2681247,-6.6413079,pharmacy
Pharmacie La Plage,Kenitra,34.2548806,-6.6771113,pharmacy
pharmacie al bahae,Kenitra,34.2351843,-6.6190221,pharmacy
Pharmacie le jardin,Kenitra,34.2375564,-6.6379923,pharmacy
Pharmacie Rochdi,Kenitra,34.2517251,-6.5821413,pharmacy
Pharmacie Jaber Ibn Hayyan صيدلي جابر بن حيان,Tétouan,35.5691826,-5.3844481,pharmacy
Pharmacie Al Qods صيدلية القدس,Tétouan,35.5729334,-5.3794477,pharmacy
Pharmacie Moussa Ibn Noussair صيدلية موسى ابن نصير,Tétouan,35.5722979,-5.3862755,pharmacy
Pharmacie de La Mosquée Hassan II صيدلية المسجد الحسن,Tétouan,35.5698721,-5.3779851,pharmacy
Pharmacie Masrah Al Wilaya صيدلية مسرح الولاية,Tétouan,35.5896038,-5.3350966,pharmacy
Pharmacie Bab El Okla صيدلية باب العقلة,Tétouan,35.5706719,-5.3633031,pharmacy
Pharmacie Rommana صيدلية الرمانة,Tétouan,35.5672985,-5.3930377,pharmacy
Pharmacie Akbat El Hallouf صيدلية عقبة الحلوف,Tétouan,35.5628046,-5.3672714,pharmacy
Pharmacie Ghorghiz صيدلية غرغيز,Tétouan,35.5632407,-5.3752968,pharmacy
Pharmacie du Nord صيدلية الشمال الكبرى,Tétouan,35.5699643,-5.3714953,pharmacy
Pharmacie Al Amal صيدلية الأمل,Tétouan,35.5844952,-5.3583077,pharmacy
Pharmacie Afassi صيدلية عفاسي,Tétouan,35.5789462,-5.3493814,pharmacy
Pharmacie El Feddane صيدلية الفدان,Tétouan,35.5702079,-5.369564,pharmacy
Pharmacie Semsa صيدلية سمسة,Tétouan,35.575827,-5.396399,pharmacy
Pharmacie Riad Sofia صيدلية رياض صوفيا,Tétouan,35.6234887,-5.3005801,pharmacy
Pharmacie Oum Keltoum صيدلية أم كلثوم,Tétouan,35.6110466,-5.3006947,pharmacy
Pharmacie Assalam صيدلية السلام,Tétouan,35.5676084,-5.421996,pharmacy
Pharmacie Laouzienne صيدلية لاوزيين,Tétouan,35.5634207,-5.4277271,pharmacy
Pharmacie Laamrani صيدلية العمراني,Tétouan,35.5658451,-5.4137288,pharmacy
Pharmacie Alexandrie صيدلية الإسكندرية,Tétouan,35.5676432,-5.4099398,pharmacy
Pharmacie Khandak Zerbouh صيدلية خندق الزربوح,Tétouan,35.5665779,-5.3957966,pharmacy
Pharmacie Touebla صيدلية طويبلة,Tétouan,35.5647365,-5.3988156,pharmacy
Pharmacie Zekri صيدلية زكري,Tétouan,35.5693517,-5.3949214,pharmacy
Pharmacie Destin صيدلية القدر,Tétouan,35.5717763,-5.3914322,pharmacy
Pharmacie Ain Khabbaz صيدلية عين خباز,Tétouan,35.568301,-5.3812684,pharmacy
Pharmacie Al Hamama صيدلية الحمامة,Tétouan,35.5701463,-5.3869169,pharmacy
Pharmacie Barrio Malaga صيدلية باريو مالغا,Tétouan,35.5744748,-5.3877955,pharmacy
Pharmacie Achaab صيدلية الشعب,Tétouan,35.5745952,-5.3822488,pharmacy
Pharmacie Nakhil صيدلية النخيل,Tétouan,35.5684079,-5.3763003,pharmacy
Pharmacie Bentaouit صيدلية بن تاويت,Tétouan,35.5666651,-5.3809852,pharmacy
Pharmacie Chellal صيدلية الشلال,Tétouan,35.5696995,-5.3789558,pharmacy
Pharmacie Bab Tout صيدلية باب التوت,Tétouan,35.5707694,-5.3714621,pharmacy
Pharmacie Centrale الصيدلية المركزية,Tétouan,35.56963,-5.3699987,pharmacy
Pharmacie Baghdad صيدلية بغداد,Tétouan,35.5773689,-5.4000504,pharmacy
Pharmacie Riad Taboula صيدلية رياض طابولة,Tétouan,35.5749299,-5.4050648,pharmacy
Pharmacie Zoubairi صيدلية الزبيري,Tétouan,35.5765839,-5.3897867,pharmacy
Pharmacie Haoumat Issaoua صيدلية حومة عيساوة,Tétouan,35.5790332,-5.3880374,pharmacy
Pharmacie Dior El Makhzen صيدلية ديور المخزن,Tétouan,35.5765758,-5.3862566,pharmacy
Pharmacie Sidi Talha صيدلية سيدي طلحة,Tétouan,35.576508,-5.3796721,pharmacy
Pharmacie Abou Bakr Essedik صيدلية أبو بكر الصديق,Tétouan,35.5756565,-5.3767188,pharmacy
Pharmacie Dersa Principale صيدلية ضرسة الرئيسية,Tétouan,35.5783285,-5.3776272,pharmacy
Pharmacie Jaber صيدلية جابر,Tétouan,35.5769053,-5.3732221,pharmacy
Pharmacie Touelah صيدلية طويلع,Tétouan,35.5807063,-5.3634399,pharmacy
Pharmacie Polvorin Dersa صيدلية بولفوران ضرسة,Tétouan,35.5803137,-5.372421,pharmacy
Pharmacie Omar Ibn Abdelaziz صيدلية عمر بن عبد العزيز,Tétouan,35.5811205,-5.3603846,pharmacy
Pharmacie Hamza صيدلية حمزة,Tétouan,35.5885771,-5.3613359,pharmacy
Pharmacie Azahra صيدلية الزهرة,Tétouan,35.5829827,-5.3592988,pharmacy
Pharmacie Al Abawaine صيدلية الأبوين,Tétouan,35.5837641,-5.3630517,pharmacy
Pharmacie El Azami صيدلية الأزمي,Tétouan,35.5866184,-5.3597369,pharmacy
Pharmacie Dar Dmana صيدلية دار الضمانة,Tétouan,35.5885238,-5.3551069,pharmacy
Pharmacie Jamaa Afailal صيدلية جامع أفيلال,Tétouan,35.5791129,-5.3597901,pharmacy
Pharmacie Palestine صيدلية فلسطين,Tétouan,35.5787285,-5.3560486,pharmacy
Pharmacie Lina صيدلية لينة,Tétouan,35.5835518,-5.354867,pharmacy
Pharmacie Rif صيدلية الريف,Tétouan,35.5870117,-5.3468294,pharmacy
Pharmacie Ziana صيدلية زيانة,Tétouan,35.5754131,-5.3633923,pharmacy
Pharmacie Safir صيدلية سفير,Tétouan,35.5849598,-5.3493672,pharmacy
Pharmacie Ben El Haddad صيدلية بن الحداد,Tétouan,35.596363,-5.3399282,pharmacy
Pharmacie Souani صيدلية الصواني,Tétouan,35.6002659,-5.3275407,pharmacy
Pharmacie Chaachoo صيدلية الشعشوع,Tétouan,35.5996541,-5.3255591,pharmacy
Pharmacie Almou صيدلية ألمو,Tétouan,35.611775,-5.3355004,pharmacy
Pharmacie Samadi صيدلية الصمادي,Tétouan,35.6133605,-5.3325744,pharmacy
Pharmacie Ismailia صيدلية إسماعيلية,Tétouan,35.5958836,-5.3457045,pharmacy
Pharmacie Boujarrah صيدلية بوجرة,Tétouan,35.5918702,-5.3527852,pharmacy
Pharmacie Boussafou صيدلية بوصافو,Tétouan,35.5942929,-5.3484436,pharmacy
Pharmacie Ouiriaghli صيدلية وريغلي,Tétouan,35.5747358,-5.3460473,pharmacy
Pharmacie Sidi El Mandri صيدلية سيدي المنظري,Tétouan,35.5758068,-5.3427604,pharmacy
Pharmacie Atlas صيدلية أطلس,Tétouan,35.569561,-5.3516918,pharmacy
Pharmacie Ichara Dersa صيدلية إشارة درسة,Tétouan,35.5788166,-5.3813902,pharmacy
Pharmacie Ingenieros صيدلية أنجنيروس,Tétouan,35.5662844,-5.3722064,pharmacy
Pharmacie Sidi Abdellah El Fakhar صيدلية سيدي عبد الله الفخار,Tétouan,35.5648138,-5.3604913,pharmacy
Pharmacie Msalah Kdima صيدلية مصلى القديمة,Tétouan,35.5679254,-5.3675572,pharmacy
Pharmacie Derdabi صيدلية الدردابي,Tétouan,35.5707056,-5.3663066,pharmacy
Pharmacie Souk El Fouki صيدلية سوق الفوقي,Tétouan,35.5724045,-5.3684128,pharmacy
Pharmacie Marjane صيدلية مرجان,Tétouan,35.6025277,-5.334983,pharmacy
Pharmacie Dar Mourssia صيدلية دار مورسيا,Tétouan,35.5854307,-5.3714798,pharmacy
Pharmacie Dream صيدلية دريم,Tétouan,35.5839687,-5.3369789,pharmacy
Pharmacie Inara صيدلية الإنارة,Tétouan,35.5790837,-5.3344173,pharmacy
Pharmacie Hopital des Spécialités صيدلية مستشفى التخصصات,Tétouan,35.5817841,-5.3335773,pharmacy
Pharmacie Sabri صيدلية صبري,Tétouan,35.5797932,-5.3448622,pharmacy
Pharmacie Ain Melloul صيدلية عين ملول,Tétouan,35.5841913,-5.341259,pharmacy
Pharmacie Ibn Zaydoun صيدلية بن زيدون,Tétouan,35.5815716,-5.3492592,pharmacy
Pharmacie Taboula صيدلية طابولة,Tétouan,35.567812,-5.3998864,pharmacy
Pharmacie Bakkali صيدلية البقالي,Tétouan,35.571221,-5.412002,pharmacy
Pharmacie Achahbar صيدلية أشاهبار,Tétouan,35.5784818,-5.346328,pharmacy
Pharmacie 2000 صيدلية,Tétouan,35.5703154,-5.4017874,pharmacy
Grande Pharmacie Nouvelle الصيدلية الجديدة الكبرى,Tétouan,35.5711799,-5.3756053,pharmacy
Pharmacie Touabel صيدلية طوابل,Tétouan,35.5813198,-5.3569801,pharmacy
Pharmacie El Oued Kouilma صيدلية الواد كويلمة,Tétouan,35.5623742,-5.3495173,pharmacy
Pharmacie Thami Ouazzani صيدلية التهامي الوزاني,Tétouan,35.5690938,-5.3610396,pharmacy
Pharmacie Al Aqsa صيدلية الأقصى,Tétouan,35.5652984,-5.3555672,pharmacy
Pharmacie Wilaya Centre صيدلية مركز الولاية,Tétouan,35.5873045,-5.34264,pharmacy
Pharmacie Mestassi صيدلية مستاسي,Tétouan,35.5628882,-5.3623767,pharmacy
Pharmacie Mosquée Al Oumma صيدلية مسجد الأمة,Tétouan,35.5735413,-5.35232,pharmacy
Pharmacie Mall Tétouan صيدلية مول تطوان,Tétouan,35.5865423,-5.3354714,pharmacy
Pharmacie Azhar صيدلية الأزهر,Tétouan,35.5749692,-5.3570674,pharmacy
Pharmacie Bab Saida صيدلية باب سعيدة,Tétouan,35.5730051,-5.3640767,pharmacy
Pharmacie l'Hopital صيدلية المستشفى,Tétouan,35.5709575,-5.3541365,pharmacy
Pharmacie Ibn Rochd صيدلية بن رشد,Tétouan,35.587425,-5.3392942,pharmacy
Pharmacie Teknia صيدلية التقنية,Tétouan,35.5754825,-5.3497347,pharmacy
Pharmacie Bouatyaoui صيدلية بوعطياوي,Tétouan,35.5835486,-5.3441298,pharmacy
Pharmacie Faculté des Sciences صيدلية كلية العلوم,Tétouan,35.5646185,-5.3646802,pharmacy
Pharmacie Fadil صيدلية فاضل,Tétouan,35.6048499,-5.3356337,pharmacy
Pharmacie Jamaa Mezouak صيدلية جامع المزواق,Tétouan,35.5746509,-5.3921935,pharmacy
Pharmacie Houmat Tanjaoua صيدلية حومة طنجاوة,Tétouan,35.5884551,-5.3517349,pharmacy
Pharmacie Lawada صيدلية لوادعة,Tétouan,35.5723952,-5.3829565,pharmacy
Pharmacie Zamzam صيدلية زمزم,Tétouan,35.5661286,-5.3586992,pharmacy
Pharmacie Touta صيدلية التوتة,Tétouan,35.568216,-5.3560963,pharmacy
Pharmacie Riad صيدلية رياض,Tétouan,35.5941163,-5.3575481,pharmacy
صيدلية,Tétouan,35.5730265,-5.3749463,pharmacy
Pharmacie Al Majd صيدلية المجد,Safi,32.3090718,-9.232781,pharmacy
Pharmacie Ibn Khoda صيدلية ابن خدة,Safi,32.3061928,-9.230238,pharmacy
Pharmacie Benmira صيدلية بن ميرا,Safi,32.3072822,-9.2349116,pharmacy
Pharmacie Ibn Tofail صيدلية ابن طفيل,Safi,32.2826011,-9.2278187,pharmacy
Pharmacie Nabil صيدلية نبيل,Safi,32.2853034,-9.2277756,pharmacy
Pharmacie Guerraoui صيدلية الكراوي,Safi,32.2909111,-9.2219882,pharmacy
Pharmacie Nassiha صيدلية النصيحة,Safi,32.2530295,-9.249509,pharmacy
Pharmacie Sarah صيدلية سارة,Safi,32.25408,-9.2466322,pharmacy
Pharmacie Al Hidaya صيدلية الهداية,Safi,32.2564867,-9.2487633,pharmacy
Pharmacie Ezzohour صيدلية الزهور,Safi,32.2585585,-9.2495276,pharmacy
Pharmacie Ibn Rochd صيدلية ابن رشد,Safi,32.2609823,-9.2487493,pharmacy
Pharmacie Lamine,Safi,32.2612822,-9.2448455,pharmacy
Pharmacie Sidi Ouassel صيدلية سيدي واصل,Safi,32.2634469,-9.2470602,pharmacy
Pharmacie Tazi صيدلية تازي,Safi,32.2649474,-9.2493945,pharmacy
Pharmacie Al Hassania صيدلية الحسنية,Safi,32.2643124,-9.2444163,pharmacy
Pharmacie Laarissa صيدلية العريصة,Safi,32.2644097,-9.239898,pharmacy
Pharmacie Al Yousr صيدلية اليسر,Safi,32.2654373,-9.2370349,pharmacy
Pharmacie Plateau صيدلية بلاطو,Safi,32.2938486,-9.2294047,pharmacy
Pharmacie Ouazzani,Safi,32.3221617,-9.2258443,pharmacy
Pharmacie Lourini صيدلية لوريني,Safi,32.3181196,-9.2270144,pharmacy
Pharmacie Al Qods صيدلية القدس,Safi,32.3016496,-9.23735,pharmacy
Pharmacie Idrissi صيدلية الادريسي,Safi,32.2589075,-9.2463613,pharmacy
Pharmacie Al Moatassim صيدلية المعتصم,Safi,32.256603,-9.2428529,pharmacy
Pharmacie El Corse صيدلية الكورس,Safi,32.2719143,-9.2458486,pharmacy
Pharmacie Corse صيدلية كورسكا,Safi,32.2735626,-9.2422474,pharmacy
Pharmacie Ezzaouia صيدلية الزاوية,Safi,32.2664321,-9.246431,pharmacy
Pharmacie El Bayar صيدلية البيار,Safi,32.2700616,-9.2484611,pharmacy
Pharmacie Taib Abdellah صيدلية طيب عبد الله,Safi,32.2752872,-9.2432424,pharmacy
Pharmacie Arrahma صيدلية الرحمة,Safi,32.2692932,-9.2357681,pharmacy
Pharmacie Bazi صيدلية البازي,Safi,32.2722475,-9.2344709,pharmacy
Pharmacie Populaire الصيدلية الشعبية,Safi,32.2742652,-9.2453894,pharmacy
Pharmacie Ourida صيدلية وريدة,Safi,32.2778462,-9.2422196,pharmacy
Pharmacie El Matar صيدلية المطار,Safi,32.2686197,-9.2401931,pharmacy
Pharmacie Zamzam صيدلية زمزم,Safi,32.2718326,-9.2306067,pharmacy
Pharmacie Abid صيدلية عابد,Safi,32.2690933,-9.2435663,pharmacy
Pharmacie Housni صيدلية حسني,Safi,32.2696336,-9.2329584,pharmacy
Pharmacie Galinos صيدلية كالينوس,Safi,32.2705762,-9.2390679,pharmacy
Pharmacie Hay Mohammadi صيدلية حي المحمدي,Safi,32.2760237,-9.2282417,pharmacy
Pharmacie Les Orchidées صيدلية ليزوركيدي,Safi,32.2782992,-9.2386882,pharmacy
Pharmacie Skalli صيدلية الصقلي,Safi,32.278078,-9.2319193,pharmacy
Pharmacie Balamissa صيدلية بلميسا,Safi,32.2798412,-9.2290859,pharmacy
Pharmacie Sania Zine El Abidine صيدلية سانيا زين العابدين,Safi,32.2812675,-9.2309742,pharmacy
Pharmacie Al Osra صيدلية الأسرة,Safi,32.2766515,-9.2236312,pharmacy
Pharmacie Khalil صيدلية خليل,Safi,32.2804632,-9.2348266,pharmacy
Pharmacie Jrifat صيدلية جريفات,Safi,32.2853216,-9.2220562,pharmacy
Pharmacie Rayhane صيدلية ريحان,Safi,32.2851221,-9.2187696,pharmacy
Pharmacie Oumnia صيدلية أومنية,Safi,32.2881997,-9.2231405,pharmacy
Pharmacie Al Oum صيدلية الأم,Safi,32.286989,-9.2201971,pharmacy
Pharmacie Al Wiam صيدلية الوئام,Safi,32.286894,-9.2159779,pharmacy
Pharmacie Hanan صيدلية حنان,Safi,32.2873798,-9.2294538,pharmacy
Pharmacie Hansali صيدلية حنصالي,Safi,32.2901154,-9.2261953,pharmacy
Pharmacie Annabi صيدلية النبي,Safi,32.2837891,-9.2315774,pharmacy
Pharmacie La Médina صيدلية المدينة,Safi,32.2860642,-9.2296841,pharmacy
Pharmacie Attadamoun صيدلية التضامن,Safi,32.2827168,-9.2426893,pharmacy
Pharmacie Wafa صيدلية وفاء,Safi,32.2874178,-9.225684,pharmacy
Pharmacie Imam Malik صيدلية امام مالك,Safi,32.2846075,-9.2371768,pharmacy
Pharmacie Familiale الصيدلية العائلية,Safi,32.2834914,-9.2394466,pharmacy
Pharmacie Fatima صيدلية فاطمة,Safi,32.2791829,-9.2450826,pharmacy
Pharmacie Centrale الصيدلية المركزية,Safi,32.2857231,-9.2422753,pharmacy
Pharmacie Socrate صيدلية سقراط,Safi,32.2876506,-9.2125595,pharmacy
Pharmacie Mirabelle صيدلية ميرابل,Safi,32.2861648,-9.2392415,pharmacy
Pharmacie La Santé صيدلية الصحة,Safi,32.2914422,-9.2368711,pharmacy
Pharmacie Abda صيدلية عبدة,Safi,32.2903439,-9.2403158,pharmacy
Pharmacie Pasteur صيدلية باستور,Safi,32.2893008,-9.2343718,pharmacy
Pharmacie Les Jasmins صيدلية الياسمين,Safi,32.2925924,-9.2395131,pharmacy
Pharmacie La Liberté صيدلية الحرية,Safi,32.2909552,-9.2314797,pharmacy
Pharmacie Mouslih صيدلية مصلح,Safi,32.2855676,-9.2090895,pharmacy
Pharmacie Sentir صيدلية سنتير,Safi,32.2987336,-9.2227092,pharmacy
Pharmacie Al Hanae صيدلية الهناء,Safi,32.2930314,-9.2015948,pharmacy
Pharmacie Kariat Chems صيدلية قرية شمس,Safi,32.2866482,-9.2026014,pharmacy
Pharmacie Nouvelle الصيدلية الجديدة,Safi,32.2961205,-9.2433793,pharmacy
Pharmacie Al Hayat صيدلية الحياة,Safi,32.2913713,-9.2104439,pharmacy
Pharmacie Al Imane صيدلية الايمان,Safi,32.2981257,-9.219299,pharmacy
Pharmacie Mimosa صيدلية ميموزا,Safi,32.2939826,-9.2220604,pharmacy
Pharmacie Sandali صيدلية صاندالي,Safi,32.2971712,-9.2213552,pharmacy
Pharmacie Chems صيدلية شمس,Safi,32.290663,-9.2176604,pharmacy
Pharmacie Nidale صيدلية نضال,Safi,32.2880593,-9.207114,pharmacy
Pharmacie Ejjennane صيدلية إجنان,Safi,32.3074684,-9.2376579,pharmacy
Pharmacie Naim صيدلية نعيم,Safi,32.2946573,-9.2212938,pharmacy
Pharmacie Moulay صيدلية مولاي,Safi,32.3000205,-9.2252991,pharmacy
Pharmacie Al Nasr صيدلية النصر,Safi,32.2933905,-9.2187619,pharmacy
Pharmacie El Wifak صيدلية الوفاق,Safi,32.2952337,-9.2276527,pharmacy
Pharmacie Route Marrakech صيدلية طريق مراكش,Safi,32.2980027,-9.2070673,pharmacy
Pharmacie El Houda صيدلية الهدى,Safi,32.2870188,-9.235742,pharmacy
Pharmacie Arrazi صيدلية الرازي,Safi,32.293218,-9.2336688,pharmacy
Pharmacie Karim صيدلية كريم,Safi,32.3115489,-9.228892,pharmacy
Pharmacie La Marine صيدلية لامارين,Safi,32.307277,-9.2377579,pharmacy
Grande Pharmacie Française الصيدلية الفرنسية الكبرى,Safi,32.2965194,-9.2438119,pharmacy
Pharmacie Amal Safi صيدلية أمل اسفي,Safi,32.2934569,-9.2433388,pharmacy
Pharmacie Ghalia صيدلية الغالية,Safi,32.2944046,-9.2412116,pharmacy
Pharmacie Hadri صيدلية هضمي,Safi,32.2952761,-9.2320162,pharmacy
Pharmacie Sidi Abdelkrim صيدلية سيدي عبد الكريم,Safi,32.3125055,-9.2214608,pharmacy
Pharmacie Biada صيدلية بياضة,Safi,32.3052015,-9.2338043,pharmacy
Pharmacie Ibn Nafis صيدلية ابن النفيس,Safi,32.3078817,-9.2276982,pharmacy
Pharmacie Achbar صيدلية أشبال,Safi,32.3044261,-9.2366333,pharmacy
Pharmacie Ibn El Kaym صيدلية ابن القيم,Safi,32.313187,-9.2321842,pharmacy
Pharmacie Miftah Lkhair صيدلية مفتاح الخير,Safi,32.3140939,-9.2294819,pharmacy
Pharmacie Safia صيدلية صافية,Safi,32.3234785,-9.2296081,pharmacy
Pharmacie Grand Atlas صيدلية الأطلس الكبير,Safi,32.3139104,-9.2266978,pharmacy
Pharmacie Tensift صيدلية تنسيفت,Safi,32.3172489,-9.2241464,pharmacy
Pharmacie Ijennane صيدلية اجنان,Safi,32.3233218,-9.2324902,pharmacy
Pharmacie Charif Lioui صيدلية شريف ليوي,Safi,32.3096192,-9.2251939,pharmacy
Pharmacie El Amrani صيدلية العمراني,Safi,32.3237114,-9.2364924,pharmacy
Pharmacie Cheguit صيدلية شنكيط,Safi,32.3129328,-9.2240395,pharmacy
Pharmacie Temry صيدلية تمري,Safi,32.3205976,-9.2372294,pharmacy
Pharmacie Attae صيدلية عطاء,Safi,32.3182398,-9.2296965,pharmacy
Pharmacie Lafraidi صيدلية لفرايدي,Safi,32.3206339,-9.2283245,pharmacy
Pharmacie Khawarizmi صيدلية خوارزمي,Safi,32.3095474,-9.2142792,pharmacy
Pharmacie Meftah Arraha صيدلية مفتاح الراحة,Safi,32.304544,-9.2101129,pharmacy
Pharmacie Lemkhoudem صيدلية لمخودم,Safi,32.3267386,-9.223819,pharmacy
Pharmacie Al Hamd صيدلية الحمد,Safi,32.3067743,-9.2127286,pharmacy
Pharmacie Sakhraoui صيدلية السخراوي,Safi,32.3039471,-9.213744,pharmacy
Pharmacie Ridari صيدلية رضاري,Safi,32.3258408,-9.2340296,pharmacy
Pharmacie Al Farabi صيدلية الفرابي,Safi,32.2869186,-9.2325394,pharmacy
Pharmacie Anas صيدلية أنس,Safi,32.2806898,-9.2390287,pharmacy
Pharmacie Avicenne صيدلية ابن سينا,Safi,32.2895026,-9.2425816,pharmacy
Pharmacie Farah صيدلية فرح,Safi,32.2891181,-9.2197803,pharmacy
Pharmacie de l'Hôpital صيدلية المستشفى,Safi,32.2892361,-9.2374423,pharmacy
Pharmacie La Faculté صيدلية الكلية,El Jadida,33.2296505,-8.4885608,pharmacy
Pharmacie Al Firdaous صيدلية الفردوس,El Jadida,33.2266225,-8.4906328,pharmacy
Pharmacie Ibn Toumart صيدلية ابن تومرت,El Jadida,33.2454154,-8.5112067,pharmacy
Pharmacie Ibn Sina صيدلية ابن سينا,El Jadida,33.2589923,-8.5113928,pharmacy
Pharmacie Sidi Daoui صيدلية سيدي داوي,El Jadida,33.2593186,-8.5062584,pharmacy
Pharmacie Cité Portugaise,El Jadida,33.2565475,-8.5018735,pharmacy
Pharmacie Nouvelle,El Jadida,33.250506,-8.506017,pharmacy
Pharmacie Bouaddi صيدلية بوعدي,El Jadida,33.2394996,-8.5085826,pharmacy
Pharamcie El Mohit صيدلية المحيط,El Jadida,33.2460994,-8.4963799,pharmacy
Pharmacie Imam Malek صيدلية الامام مالك,El Jadida,33.2492981,-8.525392,pharmacy
Pharmacie Hajji,El Jadida,33.2476359,-8.5265621,pharmacy
Para Pharmacie,El Jadida,33.2508705,-8.5019723,pharmacy
Pharmacie Moulha,El Jadida,33.2526806,-8.5184544,pharmacy
Pharmacie Rabi صيدلية ربيع,El Jadida,33.2583183,-8.5142232,pharmacy
Pharmacie Lissasfa صيدلية ليساسفة,El Jadida,33.2031072,-8.4930913,pharmacy
Pharmacie Espace Al Amal صيدلية فضاء الأمل,El Jadida,33.2100867,-8.4938533,pharmacy
Pharmacie Al Yacout صيدلية الياقوت,El Jadida,33.2128784,-8.494894,pharmacy
Pharmacie Malika صيدلية مليكة,El Jadida,33.2196501,-8.4953668,pharmacy
Pharmacie Atlas صيدلية أطلس,El Jadida,33.218918,-8.4920413,pharmacy
Pharmacie Jebli صيدلية جبلي,El Jadida,33.2230377,-8.4958124,pharmacy
Pharmacie Hay Salam صيدلية حي السلام,El Jadida,33.225935,-8.496973,pharmacy
Pharmacie Route De Marrakech صيدلية طريق مراكش,El Jadida,33.2219292,-8.491993,pharmacy
Pharmacie Al Balssam صيدلية البلسم,El Jadida,33.224309,-8.4930444,pharmacy
Pharmacie Al Mahabba صيدلية المحبة,El Jadida,33.2237501,-8.5006604,pharmacy
Pharmacie Khalil Jabrane صيدلية خليل جبران,El Jadida,33.228664,-8.5198234,pharmacy
Pharmacie Islam صيدلية اسلام,El Jadida,33.2213762,-8.5031173,pharmacy
Pharmacie Sherif صيدلية شريف,El Jadida,33.2260032,-8.5020405,pharmacy
Pharmacie Najd 2 صيدلية نجد,El Jadida,33.2268176,-8.5050351,pharmacy
Pharmacie Jnane El Matar صيدلية جنان المطار,El Jadida,33.2274883,-8.5165511,pharmacy
Pharmacie Commerciale صيدلية التجارية,El Jadida,33.2285084,-8.5074016,pharmacy
Pharmacie Belfadla صيدلية بلفاضلا,El Jadida,33.2305078,-8.5050155,pharmacy
Pharmacie L'Afrique صيدلية أفريقيا,El Jadida,33.2281448,-8.4816342,pharmacy
Pharmacie Azzaytouna صيدلية الزيتونة,El Jadida,33.2278895,-8.4997064,pharmacy
Pharmacie Cité Universitaire صيدلية الحي الجامعي,El Jadida,33.2244685,-8.4828123,pharmacy
Pharmacie Al Ghazwa صيدلية الغزوة,El Jadida,33.2332186,-8.5050348,pharmacy
Pharmacie Grande Al Hawzia الصيدلية الكبرى للحوزية,El Jadida,33.2298637,-8.4704769,pharmacy
Pharmacie Al Boustane الصيدلية البستان,El Jadida,33.2320673,-8.4866693,pharmacy
Pharmacie Al Hamrae الصيدلية الحمراء,El Jadida,33.2366571,-8.4819324,pharmacy
Pharmacie Al Masjid صيدلية المسجد,El Jadida,33.2353919,-8.4871536,pharmacy
Pharmacie El Kawassim صيدلية القواسم,El Jadida,33.2355304,-8.477676,pharmacy
Pharmacie Al Wahat الصيدلية الواحات,El Jadida,33.2326482,-8.4818477,pharmacy
Pharmacie Le Grand Parc صيدلية البارك الكبير,El Jadida,33.2377999,-8.5111008,pharmacy
Pharmacie Sid Moussa صيدلية سيدي موسى,El Jadida,33.2333471,-8.492578,pharmacy
Pharmacie Marjana صيدلية مرجانة,El Jadida,33.2274216,-8.5276798,pharmacy
Pharmacie Liban صيدلية لبنان,El Jadida,33.2438546,-8.487045,pharmacy
Pharmacie Hakima صيدلية حكيمة,El Jadida,33.2376599,-8.4914393,pharmacy
Pharmacie La Famille صيدلية الأسرة,El Jadida,33.2354286,-8.4903909,pharmacy
Pharmacie Jawhara صيدلية جوهرة,El Jadida,33.2269657,-8.4935786,pharmacy
Pharmacie Achour صيدلية اشور,El Jadida,33.2373077,-8.5034253,pharmacy
Pharmacie Al Jahidi صيدلية الجاهدي,El Jadida,33.229685,-8.493702,pharmacy
Pharmacie La Pleiade صيدلية الديوان,El Jadida,33.2313479,-8.5190773,pharmacy
Pharmacie Belhaj صيدلية بلحاج,El Jadida,33.2305618,-8.5325049,pharmacy
Pharmacie Al Qods صيدلية القدس,El Jadida,33.2411322,-8.4974862,pharmacy
Pharmacie Moulay Driss صيدلية مولاي ادريس,El Jadida,33.2322965,-8.4952411,pharmacy
Pharmacie Ouassat El Jadida صيدلية وسط الجديدة,El Jadida,33.2357009,-8.5193437,pharmacy
Pharmacie Oasis صيدلية الواحة,El Jadida,33.2285544,-8.5247937,pharmacy
Pharmacie Izdihar صيدلية ازدهار,El Jadida,33.2292485,-8.5125414,pharmacy
Pharmacie Fadwa صيدلية فدوى,El Jadida,33.2263896,-8.5219398,pharmacy
Pharmacie Saqr صيدلية صقر,El Jadida,33.2400215,-8.5336317,pharmacy
Pharmacie Natale صيدلية ناتال,El Jadida,33.2328583,-8.5354618,pharmacy
Pharmacie Ibrahim Al Khalil صيدلية ابراهيم الخليل,El Jadida,33.2353346,-8.5329315,pharmacy
Pharmacie Hacienda صيدلية هاسياندا,El Jadida,33.2296809,-8.549818,pharmacy
Pharmacie Acharif Al Idrissi صيدلية الشريف الادريسي,El Jadida,33.2305274,-8.5275179,pharmacy
Pharmacie Melk Cheikh صيدلية ملك الشيخ,El Jadida,33.2342323,-8.5273791,pharmacy
Pharmacie Diamant Vert صيدلية الماسة الزرقاء,El Jadida,33.2272265,-8.5461774,pharmacy
Pharmacie Iness صيدلية اناس,El Jadida,33.2325687,-8.549439,pharmacy
Pharmacie Lawina صيدلية لعوينة,El Jadida,33.2549857,-8.5174514,pharmacy
Pharmacie Pierre De Corail صيدلية حجر المرجان,El Jadida,33.2239565,-8.5280094,pharmacy
Pharmacie Sanaa صيدلية سناء,El Jadida,33.2477286,-8.5319524,pharmacy
Pharmacie Hajji صيدلية حاجي,El Jadida,33.2470734,-8.5279156,pharmacy
Pharmacie Cotière صيدلية الساحل,El Jadida,33.24834,-8.5220595,pharmacy
Pharmacie Narjiss صيدلية نرجس,El Jadida,33.2510941,-8.524019,pharmacy
Pharmacie El Araki صيدلية العراقي,El Jadida,33.2462122,-8.53353,pharmacy
Pharmacie Azur صيدلية أزور,El Jadida,33.2382287,-8.5468333,pharmacy
Pharmacie Les Fleurs صيدلية الورود,El Jadida,33.2396834,-8.5368492,pharmacy
Pharmacie Mazagan صيدلية مازاكان,El Jadida,33.2507218,-8.5267656,pharmacy
Pharmacie Al Moujahid Al Ayachi صيدلية المجاهد العياشي,El Jadida,33.2453685,-8.5254802,pharmacy
Pharmacie Essaada صيدلية السعادة,El Jadida,33.2428516,-8.5252388,pharmacy
Pharmacie Najih صيدلية نجيح,El Jadida,33.243207,-8.5312016,pharmacy
Pharmacie et Laboratoire Imane صيدلية و مختبر ايمان,El Jadida,33.2441971,-8.4953457,pharmacy
Pharmacie Ennakhil صيدلية النخيل,El Jadida,33.2430644,-8.4921565,pharmacy
Pharmacie Amoury صيدلية عموري,El Jadida,33.2538389,-8.5190577,pharmacy
Pharmacie Omar Ben Khattab صيدلية عمر بن الخطاب,El Jadida,33.2337008,-8.5267311,pharmacy
Pharmacie La Province صيدلية العمالة,El Jadida,33.2455387,-8.5072729,pharmacy
Pharmacie Al Nasr صيدلية النصر,El Jadida,33.2535995,-8.5213942,pharmacy
Pharmacie Polyclinique صيدلية بوليكلينيك,El Jadida,33.245858,-8.5191703,pharmacy
Pharmacie Lina صيدلية لينا,El Jadida,33.2423192,-8.517643,pharmacy
Pharmacie Al Moukawana صيدلية المقاومة,El Jadida,33.2432892,-8.501845,pharmacy
Pharmacie Oscar صيدلية أوسكار,El Jadida,33.2497932,-8.499538,pharmacy
Pharmacie Moderne الصيدلية الحديثة,El Jadida,33.2559889,-8.5147903,pharmacy
Pharmacie Populaire الصيدلية الشعبية,El Jadida,33.254729,-8.506892,pharmacy
Pharmacie Derb El Hajjaj صيدلية درب الحجاج,El Jadida,33.2562816,-8.5049762,pharmacy
Pharmacie Du Soleil صيدلية الشمس,El Jadida,33.2529009,-8.5102349,pharmacy
Pharmacie De France صيدلية فرنسا,El Jadida,33.2575825,-8.5095417,pharmacy
Pharmacie El Manar صيدلية المنار,El Jadida,33.2516084,-8.5126459,pharmacy
Pharmacie Semlali صيدلية سملالي,El Jadida,33.2501616,-8.5105769,pharmacy
Pharmacie La Paix صيدلية السلام,El Jadida,33.2533024,-8.5121384,pharmacy
Pharmacie Al Fath صيدلية الفتح,El Jadida,33.248296,-8.5061224,pharmacy
Pharmacie El Breija صيدلية البريجة,El Jadida,33.2573063,-8.5060371,pharmacy
Pharmacie Belbachir صيدلية بلبشير,El Jadida,33.2603491,-8.5099483,pharmacy
Pharmacie Des Doukkala صيدلية دكالة,El Jadida,33.2500258,-8.5040119,pharmacy
Pharmacie Lalla Zahra صيدلية لالة زهرة,El Jadida,33.2536882,-8.5146733,pharmacy
Pharmacie Dikra صيدلية ذكرى,El Jadida,33.2477695,-8.499859,pharmacy
Pharmacie Bouchtia صيدلية بوشتية,El Jadida,33.2527036,-8.503733,pharmacy
Pharmacie El Ghorba صيدلية الغربة,El Jadida,33.2216212,-8.4765585,pharmacy
Pharmacie Khansae صيدلية الخنساء,El Jadida,33.2523503,-8.5245989,pharmacy
Pharmacie El Massira صيدلية المسيرة,El Jadida,33.2473793,-8.5007258,pharmacy
Pharmacie Annour صيدلية النور,El Jadida,33.2422827,-8.5273172,pharmacy
Pharmacie Gasmy صيدلية كاسمي,El Jadida,33.252184,-8.5039525,pharmacy
Pharmacie Jorf صيدلية جرف,El Jadida,33.252153,-8.5088372,pharmacy
Pharmacie Des Unions صيدلية الاتحاد,El Jadida,33.2465224,-8.5001893,pharmacy
Pharmacie La Victoire صيدلية النصر,El Jadida,33.2499096,-8.5206546,pharmacy
Pharmacie Dolphine صيدلية الدلفين,El Jadida,33.2490392,-8.5295434,pharmacy
Pharmacie Hay Lmatar صيدلية حي المطار,El Jadida,33.2316791,-8.5243105,pharmacy
Pharmacie Varenne صيدلية فارين,El Jadida,33.2371773,-8.5170182,pharmacy
Pharmacie Al Kheir صيدلية الخير,El Jadida,33.2508749,-8.5211566,pharmacy
Pharmacie Attissir صيدلية التيسير,El Jadida,33.2387467,-8.496767,pharmacy
Pharmacie Timouyasse صيدلية تيموياس,El Jadida,33.2359803,-8.4943638,pharmacy
Pharmacie Espace Al Massira صيدلية فضاء المسيرة,El Jadida,33.2398457,-8.4926873,pharmacy
Pharmacie Shahme صيدلية شهم,El Jadida,33.2261546,-8.5103572,pharmacy
Pharmacie Al Kawtar صيدلية الكوثر,El Jadida,33.2386379,-8.5264582,pharmacy
Pharmacie Chergui صيدلية الشرقي,El Jadida,33.2177739,-8.4708828,pharmacy
Pharmacie La Santé صيدلية الصحة,El Jadida,33.2377031,-8.5310191,pharmacy
Pharmacie l'Océan صيدلية المحيط,El Jadida,33.2436343,-8.522587,pharmacy
Pharmacie Karim صيدلية كريم,El Jadida,33.2403059,-8.5244509,pharmacy
Pharmacie Les Parents صيدلية الأبوين,El Jadida,33.2435201,-8.51347,pharmacy
Pharmacie Al Adarissa صيدلية الأدارسة,El Jadida,33.2280036,-8.5026924,pharmacy
Achour,El Jadida,33.2370971,-8.5035767,pharmacy
Luxia,El Jadida,33.2396924,-8.481749,pharmacy
Pharmacie Essaada,El Jadida,33.2429162,-8.525176,pharmacy
Shérif,El Jadida,33.2259756,-8.501966,pharmacy
Lojain,El Jadida,33.2408972,-8.5112961,pharmacy
Principale,El Jadida,33.2514624,-8.5025804,pharmacy
Al Fath,El Jadida,33.2482725,-8.5061135,pharmacy
Pharmacie Jaouher,El Jadida,33.2426384,-8.4786911,pharmacy
Pharmacie Lope De Vega صيدلية لوبي دي فيكا,Nador,35.1501911,-2.9228535,pharmacy
Pharmacie Mediterranée صيدلية البحر الأبيض المتوسط,Nador,35.1717653,-2.928422,pharmacy
Pharmacie Al Hilal صيدلية الهلال,Nador,35.1686405,-2.9287883,pharmacy
Pharmacie Nador El Jadid صيدلية الناظور الجديد,Nador,35.1515667,-2.9274949,pharmacy
Pharmacie Talbi صيدلية الطالبي,Nador,35.1471079,-2.922199,pharmacy
Pharmacie Zakaria صيدلية زكرياء,Nador,35.1687276,-2.9157612,pharmacy
Pharmacie Al Matar صيدلية المطار,Nador,35.1563657,-2.9298985,pharmacy
Pharmacie Granada صيدلية غرناطة,Nador,35.1622872,-2.9310054,pharmacy
Pharmacie Naanaa صيدلية نعناعة,Nador,35.1591197,-2.9301578,pharmacy
Pharmacie Du Rif صيدلية الريف,Nador,35.1766124,-2.9277854,pharmacy
Pharmacie Al Fid,Nador,35.1592535,-2.9348101,pharmacy
Pharmacie Oulad Lahcen صيدلية أولاد لحسن,Nador,35.1629045,-2.9403341,pharmacy
Pharmacie Ahkim صيدلية أحكيم,Nador,35.1865817,-2.9282427,pharmacy
Pharmacie La Fontaine صيدلية النافورة,Nador,35.1751249,-2.9325114,pharmacy
Pharmacie Ajouaou صيدلية أجواو,Nador,35.1578588,-2.9375218,pharmacy
Pharmacie Ichoumay صيدلية اشوماي,Nador,35.1737316,-2.9358548,pharmacy
Pharmacie Berraka,Nador,35.167684,-2.941763,pharmacy
Pharmacie Noor صيدلية نور,Nador,35.174146,-2.9284707,pharmacy
Pharmacie El Wafa صيدلية الوفاء,Nador,35.17622,-2.9243583,pharmacy
Pharmacie Charif Amezian صيدلية شريف أمزيان,Nador,35.1813663,-2.9269275,pharmacy
Pharmacie Al Farabi صيدلية الفرابي,Nador,35.1806101,-2.923577,pharmacy
Pharmacie Al Masjid صيدلية المسجد,Nador,35.1772592,-2.9253011,pharmacy
Pharmacie España صيدلية إسبانيا,Nador,35.1796313,-2.9256517,pharmacy
Pharmacie Nouvelle صيدلية الجديدة,Nador,35.1737667,-2.9204401,pharmacy
Pharmacie Al Assil صيدلية الأصيل,Nador,35.1716443,-2.9220334,pharmacy
Pharmacie Laarassi صيدلية لعراسي,Nador,35.1655401,-2.9256544,pharmacy
Pharmacie Babel صيدلية بابل,Nador,35.1690034,-2.9229359,pharmacy
Pharmacie El Morabit صيدلية المرابط,Nador,35.1690911,-2.9198004,pharmacy
Pharmacie Nador,Nador,35.162871,-2.9230325,pharmacy
Pharmacie Arrahma صيدلية الرحمة,Nador,35.1611853,-2.9277867,pharmacy
Pharmacie Tarik صيدلية طارق,Nador,35.1684169,-2.9258488,pharmacy
Pharmacie Errazi صيدلية الرازي,Nador,35.1702214,-2.9326496,pharmacy
Pharmacie Ouled Brahim صيدلية أولاد ابراهيم,Nador,35.1664786,-2.9310188,pharmacy
Pharmacie El Kendy صيدلية الكندي,Nador,35.1702604,-2.9297402,pharmacy
Pharmacie Lamalmi صيدلية لامالمي,Nador,35.1642969,-2.9286665,pharmacy
Pharmacie Ibn Rochd صيدلية ابن رشد,Nador,35.1737402,-2.9240335,pharmacy
Pharmacie La Santé صيدلية الصحة,Nador,35.1726353,-2.9264,pharmacy
Pharmacie Al Fatouaki,Nador,35.1653242,-2.9171611,pharmacy
Pharmacie Al Qods صيدلية القدس,Nador,35.1784959,-2.9241301,pharmacy
Pharmacie Oulad Boutayeb صيدلية أولاد بوطيب,Nador,35.1676605,-2.946016,pharmacy
Pharmacie Al Montazah صيدلية المنتزه,Nador,35.1836393,-2.9363312,pharmacy
Pharmacie Makkah صيدلية مكة,Nador,35.1721083,-2.9486287,pharmacy
Pharmacie Blanco صيدلية بلانكو,Nador,35.1638278,-2.947465,pharmacy
Pharmacie Maghreb Arabie صيدلية المغرب العربي,Nador,35.1703348,-2.9410116,pharmacy
Pharmacie Tirkaa صيدلية ترقاع,Nador,35.1957368,-2.9312089,pharmacy
Pharmacie Al Mostakbal صيدلية المستقبل,Nador,35.1636753,-2.9439473,pharmacy
Pharmacie Boukasri صيدلية بوقسري,Nador,35.126636,-2.928412,pharmacy
Pharmacie Hay Chouhada صيدلية حي الشهداء,Nador,35.1296763,-2.9293859,pharmacy
Pharmacie Taouima صيدلية تاويمة,Nador,35.1331685,-2.9283763,pharmacy
Pharmacie Dar Al Oloum صيدلية دار العلوم,Nador,35.1495398,-2.9098138,pharmacy
Pharmacie Chaabi صيدلية الشعبي,Nador,35.1445259,-2.9121382,pharmacy
Pharmacie Adam صيدلية ادم,Nador,35.1561098,-2.9233391,pharmacy
Pharmacie Assakina صيدلية السكينة,Nador,35.1578729,-2.9159094,pharmacy
Pharmacie Bouarourou Al Jadid صيدلية بوعرورو الجديد,Nador,35.1582589,-2.9112638,pharmacy
Pharmacie Sekkat صيدلية سقاط,Nador,35.1545792,-2.911237,pharmacy
Pharmacie Ibn Hazm صيدلية ابن حزم,Nador,35.1658108,-2.922218,pharmacy
Pharmacie Attariq Sahili صيدلية الطريق الساحلي,Nador,35.1611929,-2.9307206,pharmacy
Pharmacie Lotissement Sara صيدلية تجزئة صارة,Nador,35.154635,-2.9343193,pharmacy
Pharmacie Aviation صيدلية الطيران,Nador,35.1666528,-2.9265202,pharmacy
Pharmacie Bentahar صيدلية بنطاهر,Nador,35.1714721,-2.926834,pharmacy
Pharmacie Ismailia صيدلية الاسماعيلية,Nador,35.1748178,-2.9266758,pharmacy
Pharmacie El Amal صيدلية الأمل,Nador,35.1756171,-2.9264316,pharmacy
Pharmacie Andalouss صيدلية أندلس,Nador,35.1784046,-2.9288591,pharmacy
Grande Pharmacie الصيدلية الكبرى,Nador,35.1778784,-2.9267885,pharmacy
Pharmacie Centrale الصيدلية المركزية,Nador,35.179554,-2.9271085,pharmacy
Pharmacie La Corniche صيدلية المورنيش,Nador,35.1832736,-2.9249029,pharmacy
Pharmacie Afra صيدلية عفراء,Nador,35.1783432,-2.9248347,pharmacy
Pharmacie El Fatouaki صيدلية الفطواكي,Nador,35.1940235,-2.9321663,pharmacy
Pharmacie Tanouti صيدلية تانوتي,Nador,35.1461582,-2.9264817,pharmacy
Pharmacie Al Inbiat صيدلية الانبعات,Nador,35.1461451,-2.9341367,pharmacy
Pharmacie L'Institut صيدلية المعهد,Nador,35.1520665,-2.9350647,pharmacy
Pharmacie Annajah صيدلية النجاح,Nador,35.1491613,-2.9382222,pharmacy
Pharmacie Ouaaliti صيدلية واعلاتي,Nador,35.164487,-2.935687,pharmacy
Pharmacie Azhar صيدلية أزهر,Nador,35.1748359,-2.9447851,pharmacy
Pharmacie Ouled Mimoun صيدلية أولاد ميمون,Nador,35.1727969,-2.9347161,pharmacy
Pharmacie Hassani صيدلية حساني,Nador,35.174415,-2.9384872,pharmacy
Pharmacie Igounaf صيدلية اكوناف,Nador,35.178142,-2.9373661,pharmacy
Pharmacie El Outhmani صيدلية العثماني,Nador,35.1768792,-2.9319266,pharmacy
Pharmacie َAl Wahda صيدلية الوحدة,Nador,35.1692192,-2.9445513,pharmacy
Pharmacie Benchellal صيدلية بنشلال,Nador,35.1729098,-2.9307534,pharmacy
Pharmacie Le Monde صيدلية العالم,Nador,35.171119,-2.9350865,pharmacy
Pharmacie Chams صيدلية الشمس,Nador,35.1668897,-2.9493911,pharmacy
Pharmacie Al Mahatta صيدلية المحطة,Nador,35.1752168,-2.9227316,pharmacy
Pharmacie de L'hopital صيدلية المستشفى,Nador,35.1756169,-2.9342297,pharmacy
Pharmacie Ibn Sina صيدلية ابن سينا,Nador,35.1768281,-2.930624,pharmacy
Pharmacie et Laboratoire Pasteur صيدلية و مختبر باستور,Nador,35.1685111,-2.932632,pharmacy
Pharmacie Tanouti صيدلية التانوتي,Nador,35.1683598,-2.9364766,pharmacy
صيدلية عمراوي,Nador,35.165051,-2.931925,pharmacy
Pharmacy Riad       صيدلية  رياض,Nador,35.1367888,-2.928687,pharmacy
Borj,Essaouira,31.5029762,-9.7592422,pharmacy
Pharmacie Plage صيدلية الشاطئ,Essaouira,31.5054776,-9.76265,pharmacy
Pharmacie La Mosquée صيدلية المسجد,Essaouira,31.5019629,-9.7571233,pharmacy
Pharmacie Lalla Amina صيدلية للا أمينة,Essaouira,31.5134242,-9.761614,pharmacy
Pharmacie Hamad صيدلية حمد,Essaouira,31.5122164,-9.7709752,pharmacy
Pharmacie La Kasbah صيدلية القصبة,Essaouira,31.5129836,-9.7710801,pharmacy
Pharmacie Al Yamama صيدلية اليمامة,Essaouira,31.5199895,-9.7512349,pharmacy
Pharmacie Bouhaira صيدلية البحيرة,Essaouira,31.5161079,-9.7569267,pharmacy
Pharmacie Bab Doukkala صيدلية باب دكالة,Essaouira,31.5159071,-9.7652952,pharmacy
El Massira,Essaouira,31.5159833,-9.7648725,pharmacy
Pharmacie Principale الصيدلية الرئيسية,Essaouira,31.5151071,-9.7672153,pharmacy
Pharmacie La Sakala صيدلية السقالة,Essaouira,31.5219615,-9.7543919,pharmacy
Pharmacie Azlef صيدلية أزلف,Essaouira,31.505743,-9.7583099,pharmacy
Pharmacie Essaouira,Essaouira,31.5032293,-9.757175,pharmacy
Pharmacie Al Borj,Essaouira,31.5030414,-9.7588374,pharmacy
Pharmacie Hizam Al Akhdar صيدلية الحزام الأخضر,Essaouira,31.5040498,-9.7543868,pharmacy
Pharmacie Sidi Magdoul صيدلية سيدي مكدول,Essaouira,31.5089598,-9.7578162,pharmacy
Pharmacie Populaire الصيدلية الشعبية,Essaouira,31.5074891,-9.7609797,pharmacy
Pharmacie Chifa صيدلية الشفاء,Essaouira,31.5133596,-9.7550656,pharmacy
Pharmacie Al Afaq صيدلية الأفاق,Essaouira,31.5086457,-9.7571031,pharmacy
Pharmacie Tafoukt Al Koubra صيدلية تافوكت الكبرى,Essaouira,31.5163387,-9.7528888,pharmacy
Pharmacie Najib صيدلية نجيب,Essaouira,31.5113287,-9.759934,pharmacy
Pharmacie Koutoubia صيدلية كتبية,Essaouira,31.5118156,-9.7575245,pharmacy
Pharmacie La Gare صيدلية المحطة,Essaouira,31.5161531,-9.7601048,pharmacy
Pharmacie Smimou صيدلية سميمو,Essaouira,31.5150638,-9.764448,pharmacy
Pharmacie Mogador صيدلية موكادور,Essaouira,31.5166647,-9.7624538,pharmacy
Pharmacie El Massira صيدلية المسيرة,Essaouira,31.5142935,-9.7637187,pharmacy
Pharmacie Mallah Kdim صيدلية ملاح قديم,Essaouira,31.5145768,-9.7694615,pharmacy
Pharmacie Les Dunes صيدلية التلال,Essaouira,31.5141168,-9.7586436,pharmacy
Pharmacie Ibn Sina صيدلية ابن سينا,Essaouira,31.5195945,-9.75607,pharmacy
Pharmacie Al Haddadah صيدلية الحدادة,Essaouira,31.5135619,-9.7690238,pharmacy
Pharmacie Al Fadilia صيدلية الفاضلية,Ouarzazate,30.9271763,-6.8896044,pharmacy
Pharmacie Centrale الصيدلية المركزية,Ouarzazate,30.9201487,-6.9164236,pharmacy
Pharmacie Principale الصيدلية الرئيسية,Ouarzazate,30.9228712,-6.9191107,pharmacy
Pharmacie La Renaissance صيدلية النهضة,Ouarzazate,30.9217847,-6.9239616,pharmacy
Pharmacie la Gare Routière صيدلية المحطة الطرقية,Ouarzazate,30.9251932,-6.9274807,pharmacy
Pharmacie Tassoumaate صيدلية تاصومعت,Ouarzazate,30.9239006,-6.9300105,pharmacy
Pharmacie Chifa صيدلية الشفاء,Ouarzazate,30.9231033,-6.9119124,pharmacy
Pharmacie la Résistance صيدلية المقاومة,Ouarzazate,30.9236406,-6.9233742,pharmacy
Pharmacie La Kasbah صيدلية القصبة,Ouarzazate,30.9192043,-6.9054837,pharmacy
Pharmacie Tarmigt صيدلية تارميكت,Ouarzazate,30.9027208,-6.9115673,pharmacy
Pharmacie Sidi Daoud صيدلية سيدي داود,Ouarzazate,30.9230924,-6.8973362,pharmacy
Pharmacie La Santé صيدلية الصحة,Ouarzazate,30.9224447,-6.9267583,pharmacy
Pharmacie Ait Kdif صيدلية أيت كضيف,Ouarzazate,30.9254492,-6.8842953,pharmacy
Pharmacie La Palmeraie صيدلية بستان النخيل,Ouarzazate,30.9222956,-6.8940313,pharmacy
Pharmacie Annour صيدلية النور,Ouarzazate,30.920319,-6.9121125,pharmacy
Pharmacie Laboratoire du Sud صيدلية مختبر الجنوب,Ouarzazate,30.921605,-6.9158769,pharmacy
Pharmacie l'hôpital صيدلية المستشفى,Ouarzazate,30.9248886,-6.9142318,pharmacy
Pharmacie Sidi Hsein صيدلية سيدي حساين,Ouarzazate,30.9261772,-6.9169441,pharmacy
Pharmacie Al Hizame صيدلية الحزام,Ouarzazate,30.9276764,-6.927051,pharmacy
Pharmacie Al Matar صيدلية المطار,Ouarzazate,30.9301939,-6.9085252,pharmacy
Pharmacie Ibn Al Atik صيدلية ابن العتيق,Ouarzazate,30.9289584,-6.9236083,pharmacy
Pharmacie Al Moussala صيدلية المصلى,Ouarzazate,30.9291997,-6.9056763,pharmacy
Pharmacie Al Wahda صيدلية الوحدة,Ouarzazate,30.9269364,-6.9047722,pharmacy
Pharmacie Al Maghreb Al Arabi صيدلية المغرب العربي,Ouarzazate,30.9283813,-6.8994142,pharmacy
Pharmacie Al Qods صيدلية القدس,Ouarzazate,30.9265625,-6.8933141,pharmacy
Pharmacie El Filaha صيدلية الفلاحة,Ouarzazate,30.9246437,-6.8798132,pharmacy
Pharmacie Ibn Sina صيدلية ابن سينا,Ouarzazate,30.9263875,-6.8794226,pharmacy
Pharmacie Ouarzazate صيدلية ورزازات,Ouarzazate,30.9270247,-6.9399603,pharmacy
Pharmacie Dadouch صيدلية دادوش,Ouarzazate,30.9339167,-6.9235483,pharmacy
Pharmacie Hay El Mohammadi صيدلية الحي المحمدي,Ouarzazate,30.9397095,-6.9382365,pharmacy
Pharmacie Al Masjid صيدلية المسجد,Ouarzazate,30.925965,-6.9227039,pharmacy
Pharmacie Itrane صيدلية إثران,Ouarzazate,30.9258423,-6.9095214,pharmacy
Pharmacie Atlas صيدلية أطلس,Ouarzazate,30.9270673,-6.8963151,pharmacy
El Wahda,Ouarzazate,30.9269125,-6.9047647,pharmacy
Pharmacie Bachiri صيدلية بشيري,Berkane,34.9204071,-2.3255189,pharmacy
Grande Pharmacie Centrale الصيدلية المركزية الكبرى,Berkane,34.926103,-2.3318917,pharmacy
Pharmacie Ibn Sina صيدلية ابن سينا,Berkane,34.9225448,-2.3274267,pharmacy
Pharmacie Boushaba صيدلية بوسحابة,Berkane,34.9234694,-2.3097061,pharmacy
Pharmacie Chifae صيدلية الشفاء,Berkane,34.924682,-2.3179215,pharmacy
Pharmacie la Victoire صيدلية النصر,Berkane,34.9285109,-2.3189673,pharmacy
Pharmacie Ouarch صيدلية ورش,Berkane,34.917861,-2.3216638,pharmacy
Pharmacie Bounlete صيدلية بونيت,Berkane,34.941023,-2.3313332,pharmacy
Pharmacie Khaibar صيدلية خيبر,Berkane,34.9089233,-2.3069212,pharmacy
Pharmacie Ouartass صيدلية ورطاس,Berkane,34.9129704,-2.3194686,pharmacy
Pharmacie Zouhair صيدلية زهير,Berkane,34.9106785,-2.3159549,pharmacy
Pharmacie Ismaili صيدلية اسماعيلي,Berkane,34.9120994,-2.3114166,pharmacy
Pharmacie Foufa صيدلية فوفا,Berkane,34.90924,-2.3140344,pharmacy
Pharmacie Sukhar صيدلية سوخار,Berkane,34.913617,-2.3153755,pharmacy
Pharmacie Pasteur صيدلية باستور,Berkane,34.9160408,-2.3152629,pharmacy
Pharmacie Plestine صيدلية فلسطين,Berkane,34.9150687,-2.3218128,pharmacy
Pharmacie Filali صيدلية فيلالي,Berkane,34.9216095,-2.3136938,pharmacy
Pharmacie Moulay Youssef صيدلية مولاي يوسف,Berkane,34.9226017,-2.3324687,pharmacy
Pharmacie Khalid Ibn El Walid صيدلية خالد ابن الوليد,Berkane,34.9189923,-2.3118136,pharmacy
Pharmacie El Harti صيدلية الحارثي,Berkane,34.9191023,-2.3175803,pharmacy
Pharmacie Al Widadia صيدلية الودادية,Berkane,34.9178751,-2.3193399,pharmacy
Pharmacie El Mekteb صيدلية المكتب,Berkane,34.9217062,-2.3172397,pharmacy
Pharmacie Fethi صيدلية فتحي,Berkane,34.9205186,-2.3219979,pharmacy
Pharmacie Bouyakchar صيدلية بوياكشار,Berkane,34.9178267,-2.3317987,pharmacy
Pharmacie El Madina صيدلية المدينة,Berkane,34.9194894,-2.3305864,pharmacy
Pharmacie Andalous صيدلية الأندلس,Berkane,34.9195641,-2.3238004,pharmacy
Pharmacie Principale الصيدلية الرئيسية,Berkane,34.9236723,-2.3141659,pharmacy
Pharmacie Laayoune صيدلية العيون,Berkane,34.9220273,-2.3205012,pharmacy
Pharmacie Ibn Al Baytar صيدلية ابن البيطار,Berkane,34.923901,-2.305218,pharmacy
Pharmacie Abdellaoui صيدلية عبدلاوي,Berkane,34.9263905,-2.3106414,pharmacy
Pharmacie Sidi Ahmed Aberkane صيدلية سيدي محمد أبركان,Berkane,34.9219218,-2.3308438,pharmacy
Pharmacie Bouarfa صيدلية بوعرفة,Berkane,34.9229642,-2.3248089,pharmacy
Pharmacie El Mossalla صيدلية المصلى,Berkane,34.9244904,-2.3233605,pharmacy
Pharmacie Complexe Sportif صيدلية المركب الرياضي,Berkane,34.9340034,-2.3204744,pharmacy
Pharmacie Al Majd صيدلية المجد,Berkane,34.9357713,-2.3233444,pharmacy
Pharmacie Al Moumen صيدلية المومن,Berkane,34.920479,-2.3358113,pharmacy
Pharmacie Boulevard Mohamed V صيدلية شارع محمد,Berkane,34.9236415,-2.3357416,pharmacy
Pharmacie Grance Place صيدلية الساحة الكبيرة,Berkane,34.9231225,-2.3371953,pharmacy
Pharmacie Hay Al Amal صيدلية حي الأمل,Berkane,34.928484,-2.312857,pharmacy
Pharmacie Marbouha صيدلية مربوحة,Berkane,34.9301465,-2.325238,pharmacy
Pharmacie 19 Mai صيدلية 19 ماي,Berkane,34.9390608,-2.3249001,pharmacy
Pharmacie Laymoun صيدلية الليمون,Berkane,34.929047,-2.3223681,pharmacy
Pharmacie Beni Attig صيدلية بني عتيق,Berkane,34.9328336,-2.3398775,pharmacy
Pharmacie Al Khalil صيدلية الخليل,Berkane,34.93527,-2.3259676,pharmacy
Pharmacie Karakchou صيدلية كراكشو,Berkane,34.939716,-2.3282046,pharmacy
Pharmacie Al Massira صيدلية المسيرة,Berkane,34.9279166,-2.3339123,pharmacy
Pharmacie Sebbani صيدلية صباني,Berkane,34.9101941,-2.3447627,pharmacy
Pharmacie Al Hambra صيدلية العنبرة,Berkane,34.9346983,-2.3310745,pharmacy
Pharmacie Abdellah صيدلية عبد الله,Berkane,34.926452,-2.3364389,pharmacy
Pharmacie Al Ahram صيدلية الأهرام,Berkane,34.9313603,-2.3313964,pharmacy
Pharmacie Moulouya صيدلية ملوية,Berkane,34.9286203,-2.3391265,pharmacy
Pharmacie Al Istiklal صيدلية الاستقلال,Berkane,34.9307622,-2.3470873,pharmacy
Pharmacie Smimou صيدلية سميمو,Berkane,34.9143033,-2.3493725,pharmacy
Pharmacie La Paix صيدلية السلام,Berkane,34.9128912,-2.3467252,pharmacy
Pharmacie Marché Couvert صيدلية السوق المغطى,Berkane,34.9115848,-2.3492455,pharmacy
Pharmacie Boujir صيدلية بوجير,Berkane,34.9060792,-2.3575586,pharmacy
Pharmacie Tizghin صيدلية تيزغين,Berkane,34.9074639,-2.3421053,pharmacy
Pharmacie Al Farah صيدلية الفرح,Berkane,34.9036639,-2.361008,pharmacy
Pharmacie Maalou صيدلية معلو,Berkane,34.9010022,-2.3641703,pharmacy
Pharmacie la Santé صيدلية الصحة,Berkane,34.9071785,-2.3726832,pharmacy
Pharmacie El Ghazouani صيدلية الغزواني,Berkane,34.916126,-2.3484887,pharmacy
Pharmacie Belfilali صيدلية بلفيلالي,Berkane,34.9204942,-2.3139309,pharmacy
Pharmacie Lemhal صيدلية لمهل,Berkane,34.9147263,-2.3129029,pharmacy
Pharmacie Bouhdila صيدلية بوهديلة,Berkane,34.9303037,-2.3409872,pharmacy
Pharmacie Eddarrak صيدلية الدراق,Berkane,34.9263034,-2.3262314,pharmacy
Pharmacie El Ahmadi صيدلية الأحمدي,Berkane,34.9332831,-2.3437755,pharmacy
Pharmacie Béni-Snassen صيدلية بني سناسن,Berkane,34.924305,-2.330091,pharmacy
Pharmacie et Laboratoire Ibn Rochd صيدلية و مختبر ابن رشد,Berkane,34.9221019,-2.3248825,pharmacy
Pharmacie Populaire الصيدلية الشعبية,Berkane,34.9207468,-2.3278291,pharmacy
Pharmacie El Hansali صيدلية الحنصالي,Beni Mellal,32.3369152,-6.3507989,pharmacy
Pharmacie Quartier Administratif صيدلية الحي الإداري,Beni Mellal,32.3300905,-6.3637257,pharmacy
Pharmacie Bourra صيدلية بورا,Beni Mellal,32.3318733,-6.3642402,pharmacy
MyPARA,Beni Mellal,32.3332314,-6.3596207,pharmacy
Pharmacie Zanane صيدلية زنان,Beni Mellal,32.3331857,-6.3607303,pharmacy
Pharmacie Errazi صيدلية الرازي,Beni Mellal,32.3318965,-6.3619824,pharmacy
Pharmacie Tamagnounte صيدلية تمكنونت,Beni Mellal,32.3325504,-6.3558387,pharmacy
Pharmacie Salama,Beni Mellal,32.3335868,-6.3638181,pharmacy
Pharmacie Al Fath صيدلية الفتح,Beni Mellal,32.3354996,-6.3654671,pharmacy
Pharmacie Day صيدلية داي,Beni Mellal,32.3377594,-6.3665052,pharmacy
CoPharmet,Beni Mellal,32.3330033,-6.3571794,pharmacy
Para Pharmacie Ain Asserdoune,Beni Mellal,32.3344429,-6.3632166,pharmacy
Pharmacie des Cliniques صيدلية المصحات,Beni Mellal,32.3308004,-6.3592024,pharmacy
Pharmacie Ibn Rochd صيدلية ابن رشد,Beni Mellal,32.3441312,-6.3620797,pharmacy
Pharmacie Bin Louidan صيدلية بين الويدان,Beni Mellal,32.3546338,-6.3632345,pharmacy
Pharmacie Oumnia صيدلية أمنية,Beni Mellal,32.3247763,-6.3772576,pharmacy
Pharmacie Riyad Salam صيدلية رياض السلام,Beni Mellal,32.3168973,-6.3823196,pharmacy
Pharmacie Myriam صيدلية مريم,Beni Mellal,32.3219247,-6.3821512,pharmacy
Pharmacie Achorouk صيدلية الشروق,Beni Mellal,32.3192366,-6.3707215,pharmacy
Pharmacie Tahri صيدلية طاهري,Beni Mellal,32.3232082,-6.3713076,pharmacy
Pharmacie Raed صيدلية الرائد,Beni Mellal,32.3234642,-6.3674361,pharmacy
Pharmacie Ourbia صيدلية أوربية,Beni Mellal,32.3169641,-6.3587898,pharmacy
Pharmacie Aiyad صيدلية عياد,Beni Mellal,32.3246032,-6.3485419,pharmacy
Pharmacie Jnane Taher صيدلية جنان الطاهر,Beni Mellal,32.324974,-6.3642228,pharmacy
Pharmacie Zohour Atlas صيدلية زهور أطلس,Beni Mellal,32.3223438,-6.3587841,pharmacy
Pharmacie D'chira صيدلية الدشيرة,Beni Mellal,32.3287043,-6.3540923,pharmacy
Pharmacie Belle Vue صيدلية المنظر الجميل,Beni Mellal,32.3276189,-6.360697,pharmacy
Pharmacie Ram صيدلية رام,Beni Mellal,32.3264034,-6.3568071,pharmacy
Pharmacie Zitoune صيدلية الزيتون,Beni Mellal,32.327009,-6.3695917,pharmacy
Pharmacie Bouachouch صيدلية بوعشوش,Beni Mellal,32.3322295,-6.3552175,pharmacy
Pharmacie Chifa صيدلية الشفاء,Beni Mellal,32.3308561,-6.3527242,pharmacy
Pharmacie Sidi Abdelhalim صيدلية سيدي عبد الحليم,Beni Mellal,32.3346998,-6.3475913,pharmacy
Pharmacie Beni Mellal صيدلية بني ملال,Beni Mellal,32.3336981,-6.3535899,pharmacy
Pharmacie Ait Tisslit صيدلية أيت تسليت,Beni Mellal,32.3342741,-6.3501821,pharmacy
Pharmacie de la Gare صيدلية المحطة,Beni Mellal,32.3368636,-6.3529048,pharmacy
Pharmacie Du Maroc صيدلية المغرب,Beni Mellal,32.3381502,-6.3495253,pharmacy
Pharmacie Lycée Technique صيدلية الثانوية التقنية,Beni Mellal,32.3477734,-6.3402455,pharmacy
Pharmacie Rmila صيدلي الرميلة,Beni Mellal,32.3360644,-6.3447692,pharmacy
Pharmacie Addaouha صيدلية الدوحة,Beni Mellal,32.336337,-6.3379146,pharmacy
Pharmacie Essoumaa صيدلية الصومعة,Beni Mellal,32.3336603,-6.3353532,pharmacy
Pharmacie Ennaciria صيدلية الناصيرية,Beni Mellal,32.3439987,-6.3360687,pharmacy
Pharmacie Dar Dbagh صيدلية دار الدباغ,Beni Mellal,32.3323781,-6.343164,pharmacy
Pharmacie Al Massira 1 صيدلية المسيرة,Beni Mellal,32.3406834,-6.3359067,pharmacy
Pharmacie Balsam صيدلية البلسم,Beni Mellal,32.341811,-6.3434107,pharmacy
Pharmacie Populaire الصيدلية الشعبية,Beni Mellal,32.340144,-6.35236,pharmacy
Pharmacie Ibn Sina صيدلية ابن سينا,Beni Mellal,32.3382679,-6.3455074,pharmacy
Pharmacie El Houda,Beni Mellal,32.3426959,-6.3501091,pharmacy
Pharmacie El Amryate صيدلية العامريات,Beni Mellal,32.3402582,-6.3604204,pharmacy
Pharmacie El Amal صيدلية الأمل,Beni Mellal,32.3386935,-6.3623713,pharmacy
Pharmacie la Faculté صيدلية الكلية,Beni Mellal,32.3365241,-6.3710131,pharmacy
Pharmacie Al Bouchra صيدلية البشرى,Beni Mellal,32.3508578,-6.3593174,pharmacy
Pharmacie Mellalya صيدلية ملالية,Beni Mellal,32.3406718,-6.3748805,pharmacy
Pharmacie Dahbi صيدلية الذهبي,Beni Mellal,32.3470775,-6.3586898,pharmacy
Pharmacie Miral صيدلية ميرال,Beni Mellal,32.3440631,-6.3688497,pharmacy
Pharmacie Laila Santé صيدلية ليلى,Beni Mellal,32.3517771,-6.3556121,pharmacy
Pharmacie Rachdaoui,Beni Mellal,32.3501497,-6.3458547,pharmacy
Pharmacie les Martyrs صيدلية الشهداء,Beni Mellal,32.3506476,-6.3512681,pharmacy
Pharmacie Al Massira 2 صيدلية المسيرة,Beni Mellal,32.3562964,-6.355546,pharmacy
Pharmacie Bismi Allah صيدلية بسم الله,Beni Mellal,32.354899,-6.36069,pharmacy
Pharmacie Aït Falha صيدلية آيت فالحة,Beni Mellal,32.3521188,-6.3640472,pharmacy
Pharmacie Chaimae صيدلية شيماء,Beni Mellal,32.3248477,-6.3985837,pharmacy
Pharmacie Ouled Ayad صيدلية أولاد عياد,Beni Mellal,32.3305243,-6.377284,pharmacy
Pharmacie Ezzahraa صيدلية الزهراء,Beni Mellal,32.3339047,-6.3717701,pharmacy
Pharmacie Cherkaoui صيدلية الشرقاوي,Beni Mellal,32.3266905,-6.3950126,pharmacy
Pharmacie Zakaria صيدلية زكرياء,Beni Mellal,32.3295168,-6.3851694,pharmacy
Pharmacie Shihab صيدلية شهاب,Beni Mellal,32.3323168,-6.3743557,pharmacy
Pharmacie Adalia صيدلية الدالية,Beni Mellal,32.3487098,-6.3627301,pharmacy
Pharmacie La Santé صيدلية الصحة,Beni Mellal,32.3359649,-6.3613073,pharmacy
Pharmacie Rabat,Beni Mellal,32.3445945,-6.3490022,pharmacy
Pharmacie Dar Talib صيدلية دار الطالب,Beni Mellal,32.3452837,-6.3418008,pharmacy
Pharmacie Les Orangers صيدلية الليمون,Beni Mellal,32.3271053,-6.3665727,pharmacy
Pharmacie du Marché صيدلية المارشي,Beni Mellal,32.3346269,-6.3550396,pharmacy
Pharmacie Al Adarissa صيدلية الأدارسة,Beni Mellal,32.3335099,-6.3672697,pharmacy
Pharmacie Chakib صيدلية شكيب,Beni Mellal,32.3410221,-6.3572812,pharmacy
Pharmacie Nour صيدلية نور,Beni Mellal,32.3408769,-6.3684902,pharmacy
Pharmacie Ouled Hamdane N'Zala صيدلية اولاد حمدان النزالة,Beni Mellal,32.3392465,-6.3718512,pharmacy
Pharmacie des FAR صيدلية الجيش الملكي,Beni Mellal,32.3439137,-6.3575982,pharmacy
Pharmacie Centrale الصيدلية المركزية,Beni Mellal,32.3347334,-6.3573031,pharmacy
Pharmacie Hay Redouane صيدلية حي الرضوان,Beni Mellal,32.3415579,-6.3635529,pharmacy
Pharmacie Al Mahkama صيدلية المحكمة,Larache,35.1898385,-6.1496856,pharmacy
Pharmacie Chaabane صيدلية شعبان,Larache,35.1666725,-6.1481436,pharmacy
Pharmacie Des Cliniques صيدلية المصحات,Larache,35.1644605,-6.1446698,pharmacy
Pharmacie Al Maghreb Al Jadid صيدلية المغرب الجديد,Larache,35.1646887,-6.1386127,pharmacy
Pharmacie Al Ghofrane صيدلية الغفران,Larache,35.1668194,-6.1365784,pharmacy
Pharmacie Al Yakout صيدلية الياقوت,Larache,35.1725834,-6.1407206,pharmacy
Pharmacie Ben Ali صيدلية بن علي,Larache,35.1722889,-6.144902,pharmacy
Pharmacie Al Amal صيدلية الأمل,Larache,35.1710405,-6.1481464,pharmacy
Pharmacie du Stade Municipal صيدلية الملعب البلدي,Larache,35.1804749,-6.1478848,pharmacy
Pharmacie Al Kaoutar صيدلي الكوثر,Larache,35.1854803,-6.1449401,pharmacy
Pharmacie Jnane Bacha صيدلية جنان باشا,Larache,35.1861581,-6.1494024,pharmacy
Pharmacie Azouagh صيدلية أزواغ,Larache,35.1861205,-6.1468454,pharmacy
Pharmacie Assalam صيدلية السلام,Larache,35.1817619,-6.1439677,pharmacy
Pharmacie Cherkaoui صيدلية الشرقاوي,Larache,35.179258,-6.1418953,pharmacy
Pharmacie du Nord صيدلية الشمال,Larache,35.1780237,-6.1449747,pharmacy
Pharmacie Larache صيدلي العرائش,Larache,35.1892942,-6.1480772,pharmacy
Pharmacie Al Marssa صيدلية المرسة,Larache,35.1979366,-6.1481178,pharmacy
Pharmacie Jaoui صيدلية الجاوي,Larache,35.1919075,-6.1476864,pharmacy
Pharmacie Lalla Mennana صيدلية لالة منانة,Larache,35.1933595,-6.1499852,pharmacy
Pharmacie PAM صيدلية بام,Settat,33.0031208,-7.6112898,pharmacy
Pharmacie El Wafaa صيدلية الوفاء,Settat,33.0058564,-7.6176881,pharmacy
Pharmacie Al Manar,Settat,33.0044486,-7.6004658,pharmacy
Pharmacie Al Azhar صيدلية الأزهر,Settat,33.004709,-7.6278894,pharmacy
Pharmacie Al Massira صيدلية المسيرة,Settat,33.0049371,-7.6199137,pharmacy
Pharmacie Tantaoui صيدلية طنطاوي,Settat,33.0004385,-7.6206115,pharmacy
Pharmacie Rayad,Settat,33.0033663,-7.613699,pharmacy
Pharmacie Bouhadda صيدلية بوحادة,Settat,33.0019924,-7.6092699,pharmacy
Pharmacie Sidki صيدلية صدقي,Settat,33.0043073,-7.6094689,pharmacy
Pharmacie Er-razi,Settat,33.0042318,-7.616074,pharmacy
Pharmacie Ibn Abad صيدلية ابن عباد,Settat,33.002751,-7.6157954,pharmacy
Pharmacie Al Batoul صيدلية الباتول,Settat,33.0005094,-7.6154184,pharmacy
Pharmacie Derb Omar صيدلية درب عمر,Settat,33.0016873,-7.6125296,pharmacy
Pharmacie Al Wilaya,Settat,33.0087133,-7.6188795,pharmacy
Pharmacie Al Barid,Settat,33.002085,-7.6213019,pharmacy
Pharmacie Bismi Allah,Settat,33.0109823,-7.6056717,pharmacy
Pharmacie Nazih صيدلية نزيه,Settat,33.0051377,-7.6213965,pharmacy
Pharmacie Sidi Abdelkrim صيدلية سيدي عبد الكريم,Settat,33.0005456,-7.6104802,pharmacy
Pharmacie Hanine,Settat,33.002998,-7.6183344,pharmacy
Pharmacie Al Qods,Settat,33.0007181,-7.6185788,pharmacy
Pharmacie Route Ben Hmed,Settat,33.0029236,-7.6046437,pharmacy
Pharmacie Al Manar صيدلية المنار,Settat,33.0018979,-7.6012036,pharmacy
Pharmacie Maghreb Unis صيدلية الاتحاد المغاربي,Settat,33.001481,-7.6178107,pharmacy
Pharmacie Al Amal صيدلية الأمل,Settat,33.0074254,-7.6225727,pharmacy
Pharmacie Macro صيدلية ماكرو,Settat,33.0091808,-7.6230902,pharmacy
Pharmacie Al Qods صيدلية القدس,Settat,33.0008874,-7.6185402,pharmacy
Pharmacie Rayad صيدلية رياض,Settat,33.0001045,-7.6165159,pharmacy
Pharmacie Kotaa Cheikh صيدلية قطع الشيخ,Settat,33.0012764,-7.6387929,pharmacy
Pharmacie Changuit صيدلية شنكيط,Settat,33.0008551,-7.6251506,pharmacy
Pharmacie Al Wifak صيدلية الوفاق,Settat,33.0036548,-7.6391048,pharmacy
Pharmacie Siberia صيدلية سيبيريا,Settat,33.0037042,-7.6437471,pharmacy
Pharmacie Kamal صيدلية كمال,Settat,33.0029147,-7.6365041,pharmacy
Pharmacie El Azhar صيدلية الأزهر,Settat,33.0049154,-7.6276376,pharmacy
Pharmacie Général Kettani صيدلية جنرال الكتاني,Settat,33.0027863,-7.6297028,pharmacy
Pharmacie Rohi صيدلية روحي,Settat,33.0043043,-7.6229854,pharmacy
Pharmacie Annasr صيدلية النصر,Settat,33.0003954,-7.6216346,pharmacy
Pharmacie Nahda صيدلية النهضة,Settat,33.0024021,-7.6241886,pharmacy
Pharmacie Palestine صيدلية فلسطين,Settat,33.0043949,-7.6299293,pharmacy
Pharmacie El Kassam صيدلية القسام,Settat,33.0043579,-7.6318827,pharmacy
Pharmacie Dimachk صيدلية دمشق,Settat,33.0044738,-7.6336391,pharmacy
Pharmacie Redouane صيدلية رضوان,Settat,33.0034944,-7.6261725,pharmacy
Pharmacie Oued Eddahab صيدلية واد الدهب,Settat,33.0064828,-7.6327179,pharmacy
Pharmacie Nadi صيدلية نادي,Settat,33.0053013,-7.6357659,pharmacy
Pharmacie Chaouia صيدلية شاوية,Settat,33.0078448,-7.6254946,pharmacy
Pharmacie Belmahi صيدلية بالماحي,Settat,33.005422,-7.6385558,pharmacy
Pharmacie El Hajja Fatna صيدلية الحاجة فاطنة,Settat,33.0084047,-7.6305167,pharmacy
Pharmacie Attawhid صيدلية التوحيد,Settat,33.0058193,-7.6249331,pharmacy
Pharmacie Rachidi صيدلية راشيدي,Settat,33.0067495,-7.6287601,pharmacy
Pharmacie Les Abattoires صيدلية المجازر,Settat,33.0106493,-7.6244868,pharmacy
Pharmacie Rayhana صيدلية ريحانة,Settat,33.007684,-7.6355572,pharmacy
Pharmacie Errazi صيدلية الرازي,Settat,33.0037243,-7.6123676,pharmacy
Pharmacie Legunanet صيدلية لكنانط,Settat,33.0079374,-7.6142417,pharmacy
Marjane,Casablanca,33.5446703,-7.639958,supermarket
Acima,Casablanca,33.5945384,-7.595292,supermarket
Marjane,Casablanca,33.5746919,-7.7081046,supermarket
Supermarché Mamoun,Casablanca,33.5879309,-7.6393934,supermarket
Marjane Market,Casablanca,33.594818,-7.6515874,supermarket
Carrefour Gourmet,Casablanca,33.5908121,-7.6462218,supermarket
Hachmi,Casablanca,33.6022232,-7.5788395,supermarket
Carrefour,Casablanca,33.5981369,-7.6644676,supermarket
BIM,Casablanca,33.5640326,-7.555968,supermarket
Carrefour Market,Casablanca,33.5802189,-7.6409084,supermarket
BİM,Casablanca,33.5972247,-7.6346254,supermarket
Libre Service Zaki,Casablanca,33.5917672,-7.6383605,supermarket
BİM,Casablanca,33.6014315,-7.6346726,supermarket
Marjane,Casablanca,33.595682,-7.531687,supermarket
Supermarché,Casablanca,33.601049,-7.632989,supermarket
Carrefour Market,Casablanca,33.5730326,-7.6198771,supermarket
BİM,Casablanca,33.5729969,-7.6201882,supermarket
O'self,Casablanca,33.5733212,-7.6564955,supermarket
Tropy,Casablanca,33.5737413,-7.6556158,supermarket
BİM,Casablanca,33.5708852,-7.6517909,supermarket
BİM,Casablanca,33.557744,-7.559864,supermarket
Protectron Maroc,Casablanca,33.5835673,-7.596623,supermarket
Supermarche Bim,Casablanca,33.5841994,-7.5826163,supermarket
BİM,Casablanca,33.5939838,-7.6244925,supermarket
Bim,Casablanca,33.5530459,-7.5897091,supermarket
BİM,Casablanca,33.5957829,-7.628286,supermarket
Carrefour Market,Casablanca,33.597148,-7.6294045,supermarket
Acima Mers Sultan,Casablanca,33.5761212,-7.6156344,supermarket
Aswak Assalam,Casablanca,33.5808385,-7.5928561,supermarket
Epicerie El Aarbi,Casablanca,33.6008471,-7.5796349,supermarket
Centre Artisanal,Casablanca,33.5997833,-7.6371617,supermarket
BİM,Casablanca,33.5891579,-7.6310019,supermarket
Marché Salmia 2,Casablanca,33.5386572,-7.5532235,supermarket
Moumni Snack,Casablanca,33.5832949,-7.6187043,supermarket
BMI,Casablanca,33.5972407,-7.6152396,supermarket
Chez Abed,Casablanca,33.5858232,-7.611757,supermarket
BIM,Casablanca,33.5925748,-7.4882884,supermarket
BIM,Casablanca,33.5935945,-7.49564,supermarket
BIM,Casablanca,33.6039372,-7.4892783,supermarket
BIM بيم,Casablanca,33.6205532,-7.4870931,supermarket
Economat du professeur,Casablanca,33.5882331,-7.6310778,supermarket
Carrefour,Casablanca,33.5844973,-7.6080134,supermarket
سوق الخليل,Casablanca,33.5479552,-7.5974437,supermarket
الكل ب 5 دراهم سيدي مومن,Casablanca,33.580233,-7.5415993,supermarket
BIM,Casablanca,33.5395666,-7.5833828,supermarket
Acima آسيما,Casablanca,33.540036,-7.6003544,supermarket
Marjane Market,Casablanca,33.5743416,-7.65024,supermarket
BİM,Casablanca,33.5982648,-7.5223526,supermarket
Bim,Casablanca,33.568153,-7.5316741,supermarket
Tachfine center,Casablanca,33.5866306,-7.5924065,supermarket
Coquillage Market,Casablanca,33.5904924,-7.6280568,supermarket
BIM,Casablanca,33.6020163,-7.6438822,supermarket
Bim,Casablanca,33.5759943,-7.5179027,supermarket
Bim,Casablanca,33.5725129,-7.5318442,supermarket
BİM,Casablanca,33.6002411,-7.6178059,supermarket
Carrefour,Casablanca,33.5739187,-7.6445744,supermarket
BİM,Casablanca,33.600148,-7.6178386,supermarket
BIM بيم,Casablanca,33.5614104,-7.5337165,supermarket
Carrefour Market,Casablanca,33.5841408,-7.599484,supermarket
Shell Select,Casablanca,33.5733051,-7.6149409,supermarket
Plus,Casablanca,33.5930481,-7.5174715,supermarket
Snack Canizares,Casablanca,33.5872307,-7.6111475,supermarket
Asia Supermarché,Casablanca,33.588586,-7.6110077,supermarket
Snack City,Casablanca,33.5850687,-7.621232,supermarket
Snack Abdou,Casablanca,33.5770497,-7.6330103,supermarket
Snack Amine,Casablanca,33.5769276,-7.6332021,supermarket
Snack Aloum,Casablanca,33.569411,-7.6285833,supermarket
Snack Fixi,Casablanca,33.5754778,-7.6263933,supermarket
Snack Essaada,Casablanca,33.577312,-7.6329808,supermarket
Maro Snack,Casablanca,33.575046,-7.6260258,supermarket
Para Vida,Casablanca,33.5651892,-7.6079075,supermarket
Marjane Market,Casablanca,33.5879069,-7.6125249,supermarket
Marjane,Casablanca,33.59444,-7.6086746,supermarket
Tiago Shop,Casablanca,33.5513514,-7.6842593,supermarket
Alimentation Générale,Casablanca,33.5420408,-7.6773714,supermarket
BİM,Casablanca,33.5840702,-7.6376258,supermarket
Bim,Casablanca,33.5553862,-7.6997912,supermarket
fruits et légumes خضر و فواكه,Casablanca,33.6094995,-7.5332786,supermarket
Carrefour Market,Casablanca,33.5926838,-7.6011795,supermarket
Bim,Casablanca,33.586847,-7.6033536,supermarket
BIM,Casablanca,33.5998615,-7.6374127,supermarket
BIM,Casablanca,33.6019964,-7.6380539,supermarket
Otob,Casablanca,33.6008678,-7.6355528,supermarket
BIM,Casablanca,33.5343791,-7.7254623,supermarket
BİM,Casablanca,33.5944393,-7.6061698,supermarket
BİM,Casablanca,33.5189452,-7.6444846,supermarket
Epicier Oujdi,Casablanca,33.5217794,-7.6455492,supermarket
BİM,Casablanca,33.5147228,-7.6453389,supermarket
BİM,Casablanca,33.5275404,-7.6496876,supermarket
سوق السلام,Casablanca,33.5849068,-7.5540871,supermarket
BİM,Casablanca,33.612414,-7.499001,supermarket
BİM,Casablanca,33.6180007,-7.4804327,supermarket
Bim,Casablanca,33.6028221,-7.51024,supermarket
BİM,Casablanca,33.6085701,-7.5204759,supermarket
alimentation général ZAHRI,Casablanca,33.5337483,-7.5561429,supermarket
BİM,Casablanca,33.5833045,-7.6221079,supermarket
Carrefour Market,Casablanca,33.5740376,-7.6361871,supermarket
BİM,Casablanca,33.5765392,-7.6464177,supermarket
BİM,Casablanca,33.5937022,-7.5987385,supermarket
Tropy,Casablanca,33.5761384,-7.6601328,supermarket
Marjane Market مرجان ماركت,Casablanca,33.566764,-7.6559254,supermarket
مقتصدية التعليم سيدي البرنوصي,Casablanca,33.6083504,-7.4998647,supermarket
بيم,Casablanca,33.5865086,-7.5030457,supermarket
BİM,Casablanca,33.5789441,-7.6221903,supermarket
مواد الغذائية صلاح,Casablanca,33.5744876,-7.5544471,supermarket
Bureaux Tabac,Casablanca,33.574463,-7.5544244,supermarket
BİM,Casablanca,33.5739454,-7.5588138,supermarket
souq baladia,Casablanca,33.5624485,-7.5748432,supermarket
Carrefour,Casablanca,33.607527,-7.5368732,supermarket
CARRE PRIMEUR,Casablanca,33.5992312,-7.6373297,supermarket
Carrefour Market,Casablanca,33.6021269,-7.5265618,supermarket
Carrefour Market,Casablanca,33.5897236,-7.6297373,supermarket
BİM,Casablanca,33.5630833,-7.6476427,supermarket
Bim,Casablanca,33.5710869,-7.6094122,supermarket
Bim,Casablanca,33.5894279,-7.6137309,supermarket
Carrefour,Casablanca,33.5987457,-7.5751282,supermarket
BİM,Casablanca,33.5847171,-7.6114149,supermarket
Carrefour Market,Casablanca,33.5379265,-7.680443,supermarket
BIM batinia,Casablanca,33.5746394,-7.6299306,supermarket
Marjane,Casablanca,33.5859021,-7.5930568,supermarket
Celia Store,Casablanca,33.5886492,-7.6384436,supermarket
Marjane,Casablanca,33.5632914,-7.6637711,supermarket
Marjane,Casablanca,33.58076,-7.6415292,supermarket
Mondial Market,Casablanca,33.5808266,-7.6427583,supermarket
Coin Vert,Casablanca,33.5796449,-7.6405726,supermarket
BİM,Casablanca,33.5801724,-7.6382087,supermarket
Carrefour Market,Casablanca,33.531131,-7.6226294,supermarket
Carrefour Express,Casablanca,33.5911972,-7.6388189,supermarket
Fruits secs Ali,Casablanca,33.5877474,-7.6186834,supermarket
Carrefour Market,Casablanca,33.5667786,-7.6514343,supermarket
Marjane,Casablanca,33.5785138,-7.6243943,supermarket
Abouab Oum Rabiaa,Casablanca,33.5622339,-7.6689328,supermarket
Kazyon,Casablanca,33.589598,-7.63254,supermarket
Amanda Store,Casablanca,33.5865294,-7.6365008,supermarket
Carrefour,Casablanca,33.5354196,-7.6419162,supermarket
Carrefour Market,Casablanca,33.5772121,-7.6741959,supermarket
شطيبة,Casablanca,33.5673343,-7.5710121,supermarket
Marjane City,Casablanca,33.5864409,-7.6401334,supermarket
Supeco - LaBelVie,Casablanca,33.58503,-7.6130142,supermarket
Kazyon,Casablanca,33.5859488,-7.6127021,supermarket
Carrefour Express,Casablanca,33.5944867,-7.610487,supermarket
Mini Market Ait Maten,Casablanca,33.5545173,-7.6289708,supermarket
Marjane,Casablanca,33.5616025,-7.5935293,supermarket
Marjane,Casablanca,33.5602836,-7.5614755,supermarket
Atacadão,Casablanca,33.5960324,-7.5225868,supermarket
Marjane,Casablanca,33.5662976,-7.6760715,supermarket
BİM,Casablanca,33.6001813,-7.616268,supermarket
Acima آسيما,Casablanca,33.5395458,-7.6016523,supermarket
Vidange,Casablanca,33.5897877,-7.6041349,supermarket
Carrefour,Casablanca,33.5290416,-7.5930685,supermarket
Marjane,Rabat,33.9540447,-6.8534265,supermarket
Label'Vie Souissi,Rabat,33.9821138,-6.8287801,supermarket
Asswak Assalam,Rabat,33.9482419,-6.8695243,supermarket
Supermarché de la Tour Hassan,Rabat,34.0188393,-6.8299462,supermarket
Rachida's store,Rabat,33.9621729,-6.8100205,supermarket
BIM,Rabat,34.0193452,-6.8231962,supermarket
Carrefour Market,Rabat,34.0023902,-6.8519558,supermarket
Carrefour Market,Rabat,33.9621808,-6.8771284,supermarket
Mihad Market,Rabat,33.9968266,-6.8457006,supermarket
Carrefour Market,Rabat,34.0211534,-6.8270419,supermarket
Locamed,Rabat,33.982564,-6.8288437,supermarket
BİM,Rabat,34.0147107,-6.8284878,supermarket
Ahlen,Rabat,34.0202727,-6.8298601,supermarket
BIM,Rabat,34.0001283,-6.8493428,supermarket
Chez Said,Rabat,34.0021365,-6.8520587,supermarket
La Bonne Maison,Rabat,34.0202505,-6.8281349,supermarket
Sens du goût,Rabat,34.0192771,-6.8256076,supermarket
BİM,Rabat,34.0214688,-6.8261893,supermarket
BİM,Rabat,34.024685,-6.8450175,supermarket
Acima آسيما,Rabat,34.0178059,-6.8516447,supermarket
Les Domaines,Rabat,33.9757027,-6.8599642,supermarket
trst,Rabat,34.0100562,-6.8397277,supermarket
Bim,Rabat,33.9990888,-6.8642534,supermarket
MOKARI شركة موكاري,Rabat,34.0303913,-6.7771206,supermarket
Bim,Rabat,33.9935572,-6.8506858,supermarket
Bim,Rabat,34.0336155,-6.8052487,supermarket
Marjane,Rabat,34.0188825,-6.8159498,supermarket
قسارية وادي الذهب,Rabat,33.9979884,-6.8703795,supermarket
Super Marché Aissa,Rabat,34.0161532,-6.8497629,supermarket
Super Marche Addoha,Rabat,34.0000197,-6.8447064,supermarket
Bim,Rabat,34.0199852,-6.8503793,supermarket
Afdal,Rabat,34.0157931,-6.8306668,supermarket
constructeurs automobiles,Rabat,33.9481698,-6.8708996,supermarket
épicerie,Rabat,34.0073898,-6.8497156,supermarket
épicerie,Rabat,34.0075298,-6.8514697,supermarket
marjane,Rabat,33.9887089,-6.82737,supermarket
marjane market,Rabat,33.9696521,-6.8645104,supermarket
Carrefour Market,Rabat,34.0055501,-6.8473634,supermarket
Marjane,Rabat,34.0033837,-6.8444038,supermarket
electro fikri,Rabat,34.0496167,-6.8168297,supermarket
épicerie jnane souissi,Rabat,33.9483571,-6.8433886,supermarket
Green Village Rabat,Rabat,33.9883456,-6.8278641,supermarket
Bim,Rabat,34.0410363,-6.806028,supermarket
أسواق السلام,Rabat,33.9673749,-6.8962738,supermarket
بيم,Rabat,34.0167238,-6.7706659,supermarket
الحوس,Rabat,33.9697048,-6.8997435,supermarket
BIM Hay Moulay Ismail,Rabat,34.0265899,-6.7804085,supermarket
Épicerie,Rabat,33.9918553,-6.8495222,supermarket
BIM,Rabat,34.0060606,-6.8504204,supermarket
BİM,Rabat,33.9910154,-6.8696498,supermarket
Super U Express,Rabat,33.9544627,-6.8494316,supermarket
Carrefour Market,Rabat,34.0232465,-6.8501651,supermarket
STORE TAHAR,Rabat,34.0432052,-6.7783521,supermarket
BİM,Rabat,34.0176488,-6.8334566,supermarket
BİM,Rabat,34.0195515,-6.8446384,supermarket
BİM,Rabat,34.0185065,-6.8247,supermarket
BİM,Rabat,34.024395,-6.82826,supermarket
AROMASHOP,Rabat,33.9993127,-6.8470809,supermarket
Carrefour,Rabat,34.0152177,-6.8461064,supermarket
Achibest,Rabat,34.0026339,-6.8576795,supermarket
proxi,Rabat,33.9553464,-6.8658003,supermarket
U Express,Rabat,34.0316964,-6.8230108,supermarket
Epicerié,Rabat,33.9277942,-6.8913765,supermarket
U Express MegaMall,Rabat,33.9675926,-6.8308492,supermarket
Marjane Market,Rabat,33.9648773,-6.8517837,supermarket
Carrefour Market,Rabat,33.9739333,-6.8289221,supermarket
Supermarché Kazyon,Rabat,33.990605,-6.8512552,supermarket
Épicerie,Rabat,33.9407626,-6.8200158,supermarket
Marjane Market مرجان ماركت,Rabat,34.0171682,-6.8313048,supermarket
Mini Market Razane,Rabat,33.9946105,-6.8780533,supermarket
Moul Hanout,Rabat,33.9800492,-6.8128841,supermarket
Hanout,Rabat,33.9932186,-6.8481021,supermarket
HANOUT,Rabat,34.0177749,-6.8465273,supermarket
Divers commerces,Rabat,33.9579351,-6.8794553,supermarket
Carrefour Market,Rabat,33.9622158,-6.877019,supermarket
Centre commercial,Rabat,33.9693269,-6.864395,supermarket
Atacadão,Rabat,34.0280547,-6.7615646,supermarket
Hypermarché Asswak Assalam,Rabat,33.948328,-6.8690247,supermarket
Carrefour Market,Rabat,33.9873172,-6.8495328,supermarket
Himoud Market,Rabat,33.991782,-6.8232465,supermarket
Commerce,Rabat,34.0007982,-6.8567155,supermarket
Kazyon,Rabat,34.0132936,-6.8516677,supermarket
H24,Rabat,33.9593581,-6.8707292,supermarket
Super U Ennakhil,Rabat,33.9539976,-6.8655332,supermarket
Yochkad Supermarché,Marrakech,31.6327017,-8.0123764,supermarket
Acima,Marrakech,31.6371714,-8.0179297,supermarket
Carrefour,Marrakech,31.592773,-7.9863483,supermarket
El Marini,Marrakech,31.6308302,-8.0072135,supermarket
Carrefour Market,Marrakech,31.6285279,-8.0025701,supermarket
Aswak Assalam أسواق السلام,Marrakech,31.6365052,-8.0003722,supermarket
Marjane Supermarche مرجان سوق ممتاز,Marrakech,31.6677964,-8.013255,supermarket
Alimentation Générale,Marrakech,31.6564063,-8.0130733,supermarket
Acimatrite,Marrakech,31.6388456,-8.0202439,supermarket
Ailmentation Generale,Marrakech,31.6543978,-8.0195534,supermarket
Fran Trab,Marrakech,31.620043,-8.0585352,supermarket
Marjane,Marrakech,31.629295,-8.0796306,supermarket
Bim,Marrakech,31.6377663,-8.0189674,supermarket
Marché,Marrakech,31.5967789,-8.0469687,supermarket
Bim,Marrakech,31.5805536,-8.0541094,supermarket
Bim,Marrakech,31.5874457,-8.0419842,supermarket
Carrefour Market,Marrakech,31.640579,-7.9994473,supermarket
Carrefour,Marrakech,31.6501915,-8.0590801,supermarket
Markthalle,Marrakech,31.620205,-7.9868837,supermarket
Carrefour,Marrakech,31.6290769,-8.0029904,supermarket
Carrefour market,Marrakech,31.6488652,-8.0096125,supermarket
Sitis,Marrakech,31.6388873,-8.005,supermarket
Chez RABIYR,Marrakech,31.6331653,-7.9979676,supermarket
Supérette Salma,Marrakech,31.6703557,-8.0633188,supermarket
hanut,Marrakech,31.6358962,-8.0234519,supermarket
Hanut,Marrakech,31.6369074,-8.0236764,supermarket
Tabati,Marrakech,31.6375584,-8.0242932,supermarket
Le petit Marche,Marrakech,31.6317085,-8.0029925,supermarket
Marjorel Market,Marrakech,31.6395258,-7.9996468,supermarket
Azhar La Grande Epicerie,Marrakech,31.612452,-7.9970869,supermarket
Carrefour Market,Marrakech,31.6180668,-8.0092373,supermarket
BİM,Marrakech,31.6455077,-7.9791224,supermarket
BİM,Marrakech,31.6419076,-8.0096064,supermarket
Carrefour,Marrakech,31.6048303,-8.0001812,supermarket
Carrefour,Marrakech,31.6407548,-8.0107518,supermarket
Bim,Marrakech,31.6591794,-8.0032107,supermarket
Marjane Menara,Marrakech,31.6679944,-8.0132112,supermarket
Atacadão,Marrakech,31.6469178,-7.9452704,supermarket
Marjane,Marrakech,31.6292116,-8.079721,supermarket
Asswak Assalam,Marrakech,31.6274795,-8.0241882,supermarket
Acima Massira,Marrakech,31.6392525,-8.0599241,supermarket
Marjane,Marrakech,31.6293089,-8.0797225,supermarket
BIM Stores,Marrakech,31.6280302,-7.9939146,supermarket
BİM,Marrakech,31.6188117,-7.9890444,supermarket
Carrefour Market,Marrakech,31.6353046,-8.0112659,supermarket
Supermarché Ait El Kadi Said,Fès,34.0449051,-5.0046161,supermarket
Carrefour Market Label'Vie,Fès,34.0221396,-4.9976204,supermarket
Carrefour كارفور,Fès,34.0471687,-4.9861108,supermarket
Alimentation général,Fès,34.0443255,-4.9976618,supermarket
alimentation général,Fès,34.0433934,-4.9995648,supermarket
Epicier et Tabac Rihanna chop,Fès,34.0356125,-5.0048562,supermarket
Epicier بقال,Fès,34.0432668,-5.0004473,supermarket
Épicier,Fès,34.0399526,-4.9974242,supermarket
Epicier بقال,Fès,34.0348625,-5.0076827,supermarket
Alimentation général,Fès,34.0424893,-5.0014314,supermarket
Épicier et Tabac,Fès,34.0371933,-5.0072539,supermarket
Épicier Et Tabac,Fès,34.036674,-5.0064224,supermarket
Epicier بقال,Fès,34.0377608,-5.0062527,supermarket
Épicerie tabac,Fès,34.0385145,-4.9993414,supermarket
Épicier,Fès,34.0408995,-4.9964282,supermarket
Epicier بقال,Fès,34.0324509,-5.012576,supermarket
Mini market bio,Fès,34.0382222,-4.9995962,supermarket
Epicier بقال,Fès,34.0362705,-5.0085745,supermarket
Epicier بقال,Fès,34.0315536,-5.0056726,supermarket
Epicier بقال,Fès,34.031868,-5.0047409,supermarket
Maroc terroir Bio,Fès,34.0406817,-4.9979776,supermarket
Talent Mohammed et cts Epicier,Fès,34.0448118,-5.0042528,supermarket
Epicier بقال,Fès,34.0328457,-5.0051347,supermarket
Épicerie tabac,Fès,34.0372518,-4.9979982,supermarket
El Mansouri Mbarek Épicerie,Fès,34.0453058,-5.0035387,supermarket
Épicier Ait Bella Mohammed,Fès,34.0420284,-5.0044746,supermarket
Épicier Moderne Slimani,Fès,34.0414375,-5.0049523,supermarket
Épicier Mikou,Fès,34.0410756,-5.0052303,supermarket
Épicier Dalaa,Fès,34.0404073,-5.0057047,supermarket
Supérette,Fès,34.0407849,-4.9952089,supermarket
Épicier Otekni Houcine,Fès,34.040746,-5.0080495,supermarket
Épicier Nadifi Abdellah,Fès,34.041465,-5.0072748,supermarket
Epicerie et Tabac,Fès,34.0353524,-5.0062422,supermarket
Épicier El Mokadem Mbarek,Fès,34.0439595,-5.0057989,supermarket
Épicier Brahim El Mokadem 1,Fès,34.0435308,-5.005091,supermarket
Épicier Abdelhadi Ben Hassan,Fès,34.0433682,-5.0047617,supermarket
Épicier Takoua Asri El Mustapha,Fès,34.0435817,-5.0048048,supermarket
Épicier Rami Hassan,Fès,34.0429236,-5.0054012,supermarket
V. Oeufs,Fès,34.0320041,-5.0241018,supermarket
Epicerie Salam,Fès,34.0415454,-5.0049296,supermarket
Epicerie Bouzid Erradi,Fès,34.0397651,-5.004716,supermarket
Epicerie Nait Ali Mohammed,Fès,34.0405301,-5.0059041,supermarket
Epicerie Lahlou,Fès,34.0442304,-4.9987097,supermarket
Epicerie Bijou,Fès,34.0371708,-4.9975173,supermarket
Epicerie Ait Yahya Mohammed,Fès,34.0416593,-5.01009,supermarket
Epicerie didouche,Fès,34.0394325,-5.0269835,supermarket
Epicerie sabar,Fès,34.0387551,-5.0283131,supermarket
Epicerie ouaquer,Fès,34.0390889,-5.0271056,supermarket
Epicerie chaquir,Fès,34.0392165,-5.0289852,supermarket
Epicerie sakhi,Fès,34.038774,-5.0289985,supermarket
Epicerie charquaoui,Fès,34.0385725,-5.0282579,supermarket
Epicerie à aadouze,Fès,34.0390525,-5.0289909,supermarket
Epicerie lakcemi,Fès,34.0394229,-5.0285288,supermarket
Epicerie bel mrabet,Fès,34.0389252,-5.0289957,supermarket
Epicerie arjan,Fès,34.0395431,-5.0289336,supermarket
Epicerie Ait Yahya Lahcen,Fès,34.0418553,-5.0103554,supermarket
Epicerie bounou,Fès,34.0395113,-5.0318467,supermarket
Epicerie arjane,Fès,34.0395449,-5.0298181,supermarket
Epicerie Miami,Fès,34.0414105,-5.0121299,supermarket
Epicerie dakhouch,Fès,34.0356675,-5.0285748,supermarket
Epicerie bouderrka,Fès,34.0365202,-5.0283988,supermarket
Epicerie ouedir,Fès,34.0367385,-5.0281699,supermarket
Epicerie azhari,Fès,34.036753,-5.0275552,supermarket
Epicerie bouchouiha,Fès,34.036963,-5.0279794,supermarket
Épicier bader,Fès,34.0343095,-4.9946973,supermarket
Epicerie El Khayrte,Fès,34.0231361,-5.0063311,supermarket
Epicerie des étudiants Africains,Fès,34.0348195,-4.9940028,supermarket
Epicerie Charghine,Fès,34.0435313,-5.0079834,supermarket
Epicerie Idamir Tayeb,Fès,34.0447329,-5.0065942,supermarket
Epicerie Goumghar,Fès,34.0341434,-4.9976836,supermarket
Epicier بقال,Fès,34.0429699,-5.0105717,supermarket
Épicerie raison food,Fès,34.0298304,-4.9945996,supermarket
Épicerie azrar,Fès,34.0299953,-4.9946585,supermarket
Épicerie el fakia,Fès,34.031177,-4.9948795,supermarket
Kiosque Coca-Cola,Fès,34.0214941,-5.0097122,supermarket
Epicier Abeldi,Fès,34.0166912,-5.0058512,supermarket
Epicier Seyar,Fès,34.0195908,-5.0033978,supermarket
Hazerg Brahim Epicier,Fès,34.0233475,-5.0200134,supermarket
Ait Lamaalem Mohammed Epicier,Fès,34.0184882,-5.0134775,supermarket
Ait Mouh Lahcen Epicier,Fès,34.0225889,-5.021735,supermarket
Hazerg Iaaz Epicier,Fès,34.0223257,-5.021519,supermarket
epicerie,Fès,34.026565,-5.008141,supermarket
Epicier بقال,Fès,34.0254053,-5.0089023,supermarket
Epicier بقال,Fès,34.0247705,-5.0090093,supermarket
Epicier بقال,Fès,34.0240212,-5.0090879,supermarket
Epicier et tabac,Fès,34.0236539,-5.0091291,supermarket
Epicier بقال,Fès,34.0231383,-5.009203,supermarket
Épicier,Fès,34.0146496,-5.0007825,supermarket
Épicier,Fès,34.0145923,-5.0010558,supermarket
Epicier بقال,Fès,34.0239186,-5.0105698,supermarket
Epicier بقال,Fès,34.0239107,-5.0103379,supermarket
Epicier بقال,Fès,34.0239315,-5.0108119,supermarket
Epicier بقال,Fès,34.0227162,-5.009276,supermarket
Epicier بقال,Fès,34.0227747,-5.010122,supermarket
Epicier بقال,Fès,34.0221675,-5.0105417,supermarket
Épicerie tabac,Fès,34.0327683,-4.9968692,supermarket
Epicier baraka,Fès,34.0195355,-5.0008707,supermarket
Epicier zammouri,Fès,34.0177769,-5.0029394,supermarket
Epicier jaafar,Fès,34.0191481,-5.001764,supermarket
Epicier elyoubi,Fès,34.017824,-5.002154,supermarket
Epicier L'oulidi,Fès,34.0171879,-5.0032028,supermarket
Epicier bihi,Fès,34.0189308,-5.0032105,supermarket
Epicier ait malek,Fès,34.0146084,-5.003188,supermarket
Epicier salhi,Fès,34.0151641,-5.0041788,supermarket
Epicier bouledden,Fès,34.0145729,-5.0044019,supermarket
Ait Idir Larbi Epicier,Fès,34.0180633,-5.0132702,supermarket
Epicier بقال,Fès,34.0251821,-5.0111139,supermarket
Epicier بقال,Fès,34.0249041,-5.0128185,supermarket
Epicier بقال,Fès,34.0240824,-5.0128179,supermarket
Epicier بقال,Fès,34.0236642,-5.0129682,supermarket
Epicier بقال,Fès,34.0261481,-5.0110104,supermarket
Epicier بقال,Fès,34.0267797,-5.0096729,supermarket
Epicier بقال,Fès,34.0269055,-5.010643,supermarket
Epicier بقال,Fès,34.0273733,-5.0108673,supermarket
Epicier بقال,Fès,34.0212742,-5.0044413,supermarket
Epicier بقال,Fès,34.023086,-5.0054008,supermarket
Epicier بقال,Fès,34.0231612,-5.0057764,supermarket
Epicier بقال,Fès,34.0232554,-5.0045549,supermarket
Epicier بقال,Fès,34.0230689,-5.004696,supermarket
Supermarché Ahlan,Fès,34.0261205,-4.9973604,supermarket
Epicier بقال,Fès,34.0263608,-5.0039441,supermarket
Epicier بقال,Fès,34.0256247,-5.0033271,supermarket
Epicier بقال,Fès,34.0265502,-5.0032101,supermarket
Agoumi Abdelilah Épicier,Fès,34.0257946,-4.9952786,supermarket
Dar Benkirane,Fès,34.0249471,-4.9962782,supermarket
Supermarché BIM,Fès,34.0245012,-4.9968181,supermarket
Epicier بقال,Fès,34.0255101,-5.0016325,supermarket
Rami Mohamed Épicier A,Fès,34.0217546,-4.9936623,supermarket
Epicier بقال,Fès,34.0260256,-4.998834,supermarket
Superette Syjilmassa,Fès,34.0130814,-5.0078926,supermarket
Epicier بقال,Fès,34.0092077,-5.0093539,supermarket
Épicerie + télé boutique,Fès,34.0449233,-4.998121,supermarket
Amghar Driss Épicier,Fès,34.0177517,-4.985177,supermarket
Supermarché BIM,Fès,34.0182945,-4.9855961,supermarket
Carrefour Market,Fès,34.0015593,-5.0105851,supermarket
Epicier بقال,Fès,34.0009147,-5.0103006,supermarket
Épicier,Fès,34.0407465,-5.0004967,supermarket
Epicier بقال,Fès,34.0009432,-5.0067697,supermarket
Epicier بقال,Fès,34.0000789,-5.0054732,supermarket
Epicier بقال,Fès,34.0026589,-5.0085495,supermarket
Epicier بقال,Fès,34.0034683,-5.0072889,supermarket
Epicier بقال,Fès,34.0044733,-5.0074414,supermarket
Epicier بقال,Fès,34.0048678,-5.0077669,supermarket
Epicier بقال,Fès,34.003764,-5.0082236,supermarket
Epicier بقال,Fès,34.0066376,-5.0077694,supermarket
Epicier بقال,Fès,34.00661,-5.0077795,supermarket
Vente Produits d'Alimentations,Fès,34.0061963,-5.008184,supermarket
Epicier بقال,Fès,34.0063671,-5.0081306,supermarket
Epicier بقال,Fès,34.0067856,-5.0080931,supermarket
Vente Alimentation Général,Fès,34.0065403,-5.0080627,supermarket
Epicier بقال,Fès,34.0066937,-5.0079909,supermarket
Vente Alimentation Général,Fès,34.0069892,-5.0086887,supermarket
Super Distribution,Fès,34.0062187,-4.9769986,supermarket
Epicier بقال,Fès,34.0046087,-5.0016543,supermarket
Addouz Ali Épicier,Fès,34.0174344,-4.9881957,supermarket
Épicier,Fès,34.0172654,-4.9889282,supermarket
Epicier بقال,Fès,34.0096272,-5.0056298,supermarket
Société Dizig Épicier en demi - gros,Fès,34.0173626,-4.9859453,supermarket
Epicier بقال,Fès,34.0090991,-5.0033978,supermarket
Epicier بقال,Fès,34.0043619,-5.0001664,supermarket
Epicier بقال,Fès,34.0128049,-5.0025447,supermarket
Epicier بقال,Fès,34.0128767,-5.0024993,supermarket
Epicier بقال,Fès,34.0089564,-5.0034151,supermarket
Epicier بقال,Fès,34.0073733,-5.0031978,supermarket
Akrari Khadija Épicier,Fès,34.0114646,-4.9885654,supermarket
Outiss Mohamed Benlahcen Épicier,Fès,34.0126749,-4.9865013,supermarket
Chaoui Abdellah Épicier,Fès,34.0128237,-4.9864002,supermarket
Banou Ahmed Épicier,Fès,34.0125967,-4.9865824,supermarket
Epicier بقال,Fès,34.0079418,-4.9646708,supermarket
Fhilou Mohamed Épicier,Fès,34.0151658,-4.9876199,supermarket
Société Mahalkom Épicier Superette,Fès,34.0148752,-4.9889473,supermarket
Epicier بقال,Fès,34.0099014,-4.9653939,supermarket
Dia Market,Fès,34.0071558,-4.9684214,supermarket
Epicier بقال,Fès,34.0114998,-4.9664937,supermarket
Epicier بقال,Fès,34.0103244,-4.9660373,supermarket
Epicier بقال,Fès,34.009993,-4.9673978,supermarket
Epicier بقال,Fès,34.0157978,-4.9645107,supermarket
Epicier بقال,Fès,34.0136168,-4.9673741,supermarket
Epicier en gros,Fès,34.0137148,-4.9673437,supermarket
Epicier en gros,Fès,34.0138707,-4.967274,supermarket
Epicier بقال,Fès,34.0085741,-4.9677067,supermarket
Assara Said Épicier et V . Des Poulets,Fès,34.0081269,-4.9832181,supermarket
Asrare Sellam Épicier,Fès,34.0074156,-4.9850611,supermarket
Jebbour Abderrazzak Épicier en demi-gros,Fès,34.008036,-4.9825955,supermarket
Bouayad Abdelghani Épicier,Fès,34.003714,-4.9863033,supermarket
Lgajamet Mohamed Épicier,Fès,34.0048413,-4.9852528,supermarket
Sghir Abdelmalek Alimentation Générale Tafilalet,Fès,34.0044845,-4.9850436,supermarket
Saghiri Abdelkarim Épicier,Fès,34.0046219,-4.984666,supermarket
Sami M'Hamed Épicier,Fès,34.0039935,-4.9784625,supermarket
Jdidi Mohamed Épicier,Fès,34.0044079,-4.9803721,supermarket
Avenue Port-Saïd Épicier,Fès,34.0050106,-4.9841984,supermarket
Benali M'Hamed Épicier,Fès,34.0018583,-4.979106,supermarket
Épicier,Fès,34.0108568,-4.9830924,supermarket
Épicier,Fès,34.0048993,-4.9869613,supermarket
Bentaleb Mohamed Épicier,Fès,34.0017443,-4.9871474,supermarket
Naji Soukaina Épicier,Fès,34.0129255,-4.9857102,supermarket
Ait Youssef Abdellah Épicier,Fès,34.0046197,-4.9839969,supermarket
Epicier بقال,Fès,34.02213,-5.0487466,supermarket
Supermarché Ifoulki Hassouni Abdellah,Fès,34.0059391,-5.0110038,supermarket
Société El Aarej SARL- AU,Fès,34.005414,-5.0122897,supermarket
ain azliten tannery,Fès,34.0657822,-4.9789212,supermarket
Epicier en gros,Fès,34.0231157,-5.0364633,supermarket
Epicier بقال,Fès,34.0190084,-5.0339489,supermarket
Epicier بقال,Fès,34.0188794,-5.033825,supermarket
Epicier بقال,Fès,34.0182551,-5.0332049,supermarket
Epicier et Tabac,Fès,34.0173951,-5.0320968,supermarket
Epicier بقال,Fès,34.0170755,-5.031685,supermarket
Epicier بقال,Fès,34.0173445,-5.0292405,supermarket
Epicier بقال,Fès,34.0176507,-5.0283416,supermarket
Epicier بقال,Fès,34.0181045,-5.0271732,supermarket
Epicier بقال,Fès,34.023105,-5.0292214,supermarket
Epicier بقال,Fès,34.0229533,-5.0290568,supermarket
Epicier et tabac,Fès,34.0243259,-5.035311,supermarket
Epicier بقال,Fès,34.0237448,-5.0344551,supermarket
Epicier بقال,Fès,34.0141439,-5.0438026,supermarket
Epicier بقال,Fès,34.0070753,-5.0325963,supermarket
Epicier بقال,Fès,34.014897,-5.0366731,supermarket
Epicier بقال,Fès,34.012318,-5.0430151,supermarket
Epicier بقال,Fès,34.0144148,-5.0417991,supermarket
Epicier بقال,Fès,34.0268605,-5.0019255,supermarket
Cattefour Market Route Sefrou,Fès,34.030025,-4.9931128,supermarket
Carrefour,Fès,34.0460568,-4.9945148,supermarket
allostore,Fès,34.0698119,-5.008803,supermarket
Alimentation Générale,Fès,34.0615405,-4.9839927,supermarket
متجر المواد الغذائية الريف,Fès,34.0117687,-4.9804759,supermarket
Acima,Fès,34.0111048,-4.9808043,supermarket
Marjane مرجان,Fès,34.0494586,-5.0357233,supermarket
Acima,Fès,34.0297305,-5.0108078,supermarket
Atacadão,Fès,34.0224142,-5.0524333,supermarket
Aswak Assalam أسواق السلام,Tanger,35.7379579,-5.8742949,supermarket
Marjane,Tanger,35.7462167,-5.8448104,supermarket
Supermarché Al Baraka,Tanger,35.7724151,-5.8076345,supermarket
Bricoma,Tanger,35.7275731,-5.8874373,supermarket
Supermarche Oasis,Tanger,35.7802824,-5.8200605,supermarket
Supermarche Centro,Tanger,35.7739257,-5.7952921,supermarket
Acima (Super Marche),Tanger,35.775457,-5.8057198,supermarket
Dg. Abdalass et associe,Tanger,35.7267282,-5.8090153,supermarket
Dg. Tafilalt,Tanger,35.7371358,-5.8862498,supermarket
Mini Market Al jazeera,Tanger,35.7744746,-5.8126452,supermarket
Marjane,Tanger,35.7265529,-5.7567388,supermarket
Carrefour,Tanger,35.781562,-5.8414366,supermarket
Carrefour,Tanger,35.7811613,-5.8407924,supermarket
Carrefour,Tanger,35.7775756,-5.8018613,supermarket
Super Marché,Tanger,35.7719634,-5.8004447,supermarket
Smiley Mini Market,Tanger,35.7743121,-5.7979955,supermarket
Mini Market,Tanger,35.7627133,-5.8317822,supermarket
Mini Market,Tanger,35.7411946,-5.796756,supermarket
Mini Market Rayan,Tanger,35.7540402,-5.8414036,supermarket
Mini Market Besmiallah Serrurier,Tanger,35.7582392,-5.8378486,supermarket
Supermarché Zahra,Tanger,35.7786883,-5.8314965,supermarket
Mini Mercado Lina,Tanger,35.7696463,-5.8310509,supermarket
Ensyr Supermarché,Tanger,35.7445726,-5.8330681,supermarket
Market para,Tanger,35.7746599,-5.8177988,supermarket
Super Marché Del Moll,Tanger,35.7654692,-5.7989172,supermarket
Marché aux épices,Tanger,35.7842951,-5.8119074,supermarket
MiniMarkt Belair,Tanger,35.7731405,-5.8256375,supermarket
Carrefour Market,Tanger,35.7826516,-5.8196425,supermarket
Hanout,Tanger,35.7323268,-5.8058038,supermarket
Zoco chico,Tanger,35.7857346,-5.8122888,supermarket
Old medina,Tanger,35.7853988,-5.8110772,supermarket
Bio Spartel,Tanger,35.7859081,-5.8094347,supermarket
Alimentation générale,Tanger,35.784884,-5.8086988,supermarket
Alimentation générale,Tanger,35.7835338,-5.808584,supermarket
Alimentation générale,Tanger,35.7885237,-5.815766,supermarket
Alimentation générale,Tanger,35.7847035,-5.8087438,supermarket
Marina Shop,Tanger,35.7815681,-5.8071983,supermarket
El Habib Shop,Tanger,35.7782933,-5.8095636,supermarket
Alimentation générale,Tanger,35.7749447,-5.799315,supermarket
Supermarché Bahr Almotawassit,Tanger,35.7685604,-5.7626485,supermarket
Carrefour Express,Tanger,35.7725227,-5.7702742,supermarket
Marjdane,Tanger,35.7660844,-5.8345533,supermarket
Tres Caminos,Tanger,35.773687,-5.7976655,supermarket
Baba Ahmed Mini Market,Tanger,35.7687533,-5.8260859,supermarket
Al Faouz Supermarché,Tanger,35.7653133,-5.835702,supermarket
Super Marché Riad,Tanger,35.7411431,-5.879091,supermarket
Atacadão,Tanger,35.7279879,-5.8868323,supermarket
Aswak Assalam أسواق السلام,Tanger,35.7382757,-5.8732253,supermarket
Carrefour market Label'vie,Agadir,30.4259826,-9.5925047,supermarket
Alimentation Generale,Agadir,30.4178081,-9.5951837,supermarket
Alimentation Generale,Agadir,30.4204796,-9.5951032,supermarket
Kiosk,Agadir,30.4168938,-9.5662113,supermarket
Tadamoun التضامن,Agadir,30.3904804,-9.5456043,supermarket
Supérette TILILA,Agadir,30.4049708,-9.5186935,supermarket
Aswak Assalam,Agadir,30.4263176,-9.5924335,supermarket
Libre Service,Agadir,30.4261122,-9.5998076,supermarket
Carrefour Market,Agadir,30.4140596,-9.5934659,supermarket
Carrefour Market,Agadir,30.4110976,-9.5615744,supermarket
Carrefour,Agadir,30.4190834,-9.5778246,supermarket
Tourtite,Agadir,30.3996903,-9.5878875,supermarket
Lahcen Market,Agadir,30.4003057,-9.5866867,supermarket
Mini Market Sonaba,Agadir,30.3995289,-9.5874837,supermarket
Stop Shop,Agadir,30.3996874,-9.587298,supermarket
ALIMENTATION SOUFI,Agadir,30.3976623,-9.5320926,supermarket
Mini Market,Agadir,30.4108848,-9.5971881,supermarket
Superette Atlas,Agadir,30.3977166,-9.557278,supermarket
Carrefour,Agadir,30.3893617,-9.5103843,supermarket
Uniprix,Agadir,30.4206324,-9.5993646,supermarket
Aswak Assalam,Agadir,30.4064546,-9.5379665,supermarket
Marjane,Agadir,30.3592998,-9.5255311,supermarket
Marjane,Meknès,33.8544972,-5.5809736,supermarket
BIM,Meknès,33.8708059,-5.5597117,supermarket
بيم,Meknès,33.8913716,-5.5803651,supermarket
حانوت,Meknès,33.8616572,-5.5323195,supermarket
حانوت,Meknès,33.858705,-5.5353019,supermarket
حانوت,Meknès,33.860844,-5.5345199,supermarket
حانوت,Meknès,33.858385,-5.5298456,supermarket
حانوت,Meknès,33.85842,-5.5298698,supermarket
حانوت,Meknès,33.857064,-5.5291533,supermarket
"Poterie BELLAMLIH sarl ""BELPOT""",Meknès,33.9221954,-5.5658455,supermarket
alimentation général,Meknès,33.8959148,-5.5477557,supermarket
grocery,Meknès,33.9029839,-5.5563653,supermarket
Carrefour Market,Meknès,33.9023429,-5.5463983,supermarket
متجر السعديين للمواد الغذائية,Meknès,33.8932318,-5.5217761,supermarket
ISSAM DADA Locksmith,Meknès,33.9081248,-5.5284932,supermarket
BİM,Meknès,33.9045572,-5.5319752,supermarket
تغدية عامة,Meknès,33.8552632,-5.5624626,supermarket
BRAHIM,Meknès,33.8847593,-5.5753143,supermarket
BIM,Meknès,33.8939056,-5.5363908,supermarket
BIM,Meknès,33.9142838,-5.4889078,supermarket
Bim,Meknès,33.9057121,-5.4790039,supermarket
محسن البقال,Meknès,33.884819,-5.5013499,supermarket
سوق لالة الجميلة,Meknès,33.8942702,-5.5699574,supermarket
مواد غذائية,Meknès,33.8979988,-5.5323071,supermarket
سوق فتح الزهر,Meknès,33.8614171,-5.5585836,supermarket
BİM,Meknès,33.8683414,-5.5482036,supermarket
Economat enseignement مقتصدية رجال التعليم,Meknès,33.8869251,-5.568782,supermarket
Carrefour,Meknès,33.8999728,-5.5043346,supermarket
Ara-Yhane Super Marche,Meknès,33.8840182,-5.5725216,supermarket
Carrefour,Meknès,33.8921556,-5.5404378,supermarket
Atacadão,Meknès,33.8512875,-5.565905,supermarket
Marjane,Meknès,33.9020643,-5.5368345,supermarket
Carrefour Market,Meknès,33.893101,-5.5755589,supermarket
Marjane Market مرجان ماركت,Meknès,33.8605436,-5.5490919,supermarket
سوق فتح الزهر,Meknès,33.8613543,-5.5586864,supermarket
سوق الوحدة,Meknès,33.8548953,-5.5385091,supermarket
Crémerie Oued Eddahab,Oujda,34.6891228,-1.8779692,supermarket
Marjane,Oujda,34.7364704,-1.9260966,supermarket
لحسن,Oujda,34.6858069,-1.9112842,supermarket
Marjane Oujda مرجان وجدة,Oujda,34.7366502,-1.925561,supermarket
Carrefour Hypermarché,Oujda,34.6589648,-1.9063674,supermarket
Magasin Atacadão,Oujda,34.7002495,-1.9416534,supermarket
Aswak Assalam اسواق السلام,Oujda,34.6979843,-1.891259,supermarket
Acima آسيما,Oujda,34.6547738,-1.9076217,supermarket
BİM,Kenitra,34.2610305,-6.5932804,supermarket
BIM,Kenitra,34.257686,-6.6149112,supermarket
BİM,Kenitra,34.2626118,-6.5796858,supermarket
BİM,Kenitra,34.2537006,-6.580602,supermarket
BİM,Kenitra,34.2533158,-6.5916162,supermarket
BİM,Kenitra,34.2572481,-6.5926434,supermarket
Label vie,Kenitra,34.2620224,-6.5874152,supermarket
BİM,Kenitra,34.261492,-6.5882187,supermarket
BIM,Kenitra,34.2535383,-6.6025649,supermarket
BIM,Kenitra,34.2531445,-6.6232716,supermarket
BİM,Kenitra,34.2625095,-6.5674682,supermarket
Marjane,Kenitra,34.2550817,-6.5990013,supermarket
Aswak Assalam,Kenitra,34.2472631,-6.6086825,supermarket
Marjane,Kenitra,34.2413753,-6.5697995,supermarket
BIM,Kenitra,34.2662687,-6.6025444,supermarket
BİM,Kenitra,34.2440986,-6.5505941,supermarket
BIM,Kenitra,34.2399335,-6.6158299,supermarket
BİM,Kenitra,34.2655462,-6.643944,supermarket
Carrefour,Kenitra,34.2530475,-6.5946387,supermarket
Carrefour,Kenitra,34.2570224,-6.5824618,supermarket
BIM,Kenitra,34.2711754,-6.6098461,supermarket
BİM,Kenitra,34.264434,-6.5887217,supermarket
BIM,Kenitra,34.2617903,-6.5991884,supermarket
BIM,Kenitra,34.2460275,-6.6554549,supermarket
BİM,Kenitra,34.2559158,-6.5864484,supermarket
BİM,Kenitra,34.2702065,-6.5582845,supermarket
Marjane,Kenitra,34.2582548,-6.5865591,supermarket
Marjane,Kenitra,34.2680807,-6.5934475,supermarket
Carrefour,Kenitra,34.2577681,-6.5920797,supermarket
BİM,Kenitra,34.2673739,-6.6263832,supermarket
Merkal,Kenitra,34.2681265,-6.6273904,supermarket
Liya,Kenitra,34.2649014,-6.590258,supermarket
Liya,Kenitra,34.2674322,-6.6020546,supermarket
BİM,Kenitra,34.2598118,-6.577741,supermarket
Carrefour Express,Kenitra,34.2645622,-6.6265425,supermarket
BİM,Kenitra,34.2696375,-6.595925,supermarket
BİM,Kenitra,34.2583392,-6.5874059,supermarket
BİM,Kenitra,34.2499303,-6.6487849,supermarket
BİM,Kenitra,34.2723306,-6.6231349,supermarket
BİM,Kenitra,34.2561332,-6.6099364,supermarket
Kazyon Market,Kenitra,34.2530707,-6.5949539,supermarket
Kazyon Market,Kenitra,34.2614235,-6.5883028,supermarket
Kazyon Market,Kenitra,34.2579596,-6.594011,supermarket
Kazyon Market,Kenitra,34.2596935,-6.5798295,supermarket
Kazyon Market,Kenitra,34.2551589,-6.5839868,supermarket
BİM,Kenitra,34.257802,-6.5828758,supermarket
Supeco,Kenitra,34.2617189,-6.5921554,supermarket
Kazyon Market,Kenitra,34.2621379,-6.6435826,supermarket
Supeco Market,Kenitra,34.2676266,-6.6272183,supermarket
Kazyon Market,Kenitra,34.2697334,-6.6279145,supermarket
Supeco,Kenitra,34.2604134,-6.5800193,supermarket
Supeco,Kenitra,34.2540221,-6.5934491,supermarket
Marjane مرجان,Kenitra,34.2379622,-6.631867,supermarket
Carrefour,Kenitra,34.2598119,-6.5819551,supermarket
Marjane,Tétouan,35.6025334,-5.3344705,supermarket
Supermarché Hamama,Tétouan,35.5695261,-5.384934,supermarket
Kitea,Tétouan,35.5705703,-5.3778231,supermarket
Marjane Market,Tétouan,35.5801843,-5.35372,supermarket
Jardins de Marjane 2,Tétouan,35.6034787,-5.3369137,supermarket
سوق الإمام مالك,Tétouan,35.5699052,-5.3891859,supermarket
Moda Jeans,Tétouan,35.5715107,-5.3736249,supermarket
ABM DISTRIBUTION,Tétouan,35.5574278,-5.4140576,supermarket
Antigua medina,Tétouan,35.5704313,-5.3659333,supermarket
Los Hermanos,Tétouan,35.56959,-5.3735236,supermarket
Carrefour,Tétouan,35.5782388,-5.333927,supermarket
Carrefour Market,Tétouan,35.5853139,-5.3415554,supermarket
asima,Safi,32.2884173,-9.2266006,supermarket
Marché El Kilani سوق الكيلاني,Safi,32.2920105,-9.2419065,supermarket
souk al 3afarit dimanche,Safi,32.2874847,-9.2393691,supermarket
el omari,Safi,32.2630429,-9.2477459,supermarket
Marjane مرجان,Safi,32.298153,-9.215329,supermarket
Marchandis alimentaire محل مواد غدائية,Safi,32.308164,-9.2273253,supermarket
Epicerie Brahim,Safi,32.3211446,-9.2298864,supermarket
marche cite,Safi,32.2934796,-9.2325408,supermarket
souk azib darey,Safi,32.2919888,-9.2199193,supermarket
souk biyada,Safi,32.3058753,-9.2355477,supermarket
saniya,Safi,32.281073,-9.2324103,supermarket
Projet Label Vie à Safi,Safi,32.2930416,-9.2346244,supermarket
iconomat OCP,Safi,32.293474,-9.2308225,supermarket
sewayekat jrayefate,Safi,32.2858343,-9.2233411,supermarket
marjane supermarket,Safi,32.2973754,-9.2155964,supermarket
Malouia,Nador,35.1734468,-2.9202507,supermarket
Boucherie Nour,Nador,35.167636,-2.9287226,supermarket
Marjane,Nador,35.1217501,-2.9267768,supermarket
Marjane,Beni Mellal,32.3438577,-6.3605655,supermarket
Marjane,Beni Mellal,32.3301389,-6.3666335,supermarket
Marjane,Beni Mellal,32.343504,-6.3609538,supermarket
AFA Nuts,Beni Mellal,32.3223204,-6.3589358,supermarket
Carrefour,Beni Mellal,32.3212236,-6.3860972,supermarket
Carrefour Market,Beni Mellal,32.3316932,-6.3528677,supermarket
Superette Fath,Essaouira,31.5031204,-9.7588506,supermarket
tobaco,Essaouira,31.5072848,-9.7609827,supermarket
tobacco,Essaouira,31.5016329,-9.7581213,supermarket
tobacco,Essaouira,31.5117672,-9.7696251,supermarket
Hanout Cucua Cula,Essaouira,31.5003448,-9.7563849,supermarket
Fruits and vegetables,Essaouira,31.5017738,-9.7581045,supermarket
Mogador,Essaouira,31.5055329,-9.7631575,supermarket
"fotocopies,papers",Essaouira,31.5029123,-9.7618196,supermarket
Afriquia أفريقيا,Essaouira,31.5071143,-9.7610181,supermarket
Aswak Assalam,Essaouira,31.5245584,-9.7541636,supermarket
Supermarché,Ouarzazate,30.9202087,-6.9153371,supermarket
Dades Market,Ouarzazate,30.9230463,-6.9118546,supermarket
Mini market,Ouarzazate,30.9019848,-6.9101204,supermarket
Carrefour,Ouarzazate,30.9199402,-6.9192763,supermarket
Nebras,Ouarzazate,30.9395263,-6.9373583,supermarket
Aswak Ouarzazate,Ouarzazate,30.926503,-6.8950734,supermarket
Superette Lahroumi,Ouarzazate,30.9328299,-6.9176035,supermarket
Marjane مرجان,Berkane,34.919552,-2.3440724,supermarket
Carrefour Market كارفور,Berkane,34.9310987,-2.309557,supermarket
Carrefour Market,Berkane,34.9311611,-2.3095862,supermarket
Marjane مرجان,Berkane,34.9193861,-2.3444196,supermarket
Acima,El Jadida,33.2434588,-8.5133281,supermarket
Marjane,El Jadida,33.2241868,-8.5304697,supermarket
Bim,El Jadida,33.2349394,-8.4937134,supermarket
Acima,El Jadida,33.2432681,-8.5134649,supermarket
Carrefour Market,El Jadida,33.2397398,-8.4963011,supermarket
BIM,El Jadida,33.232579,-8.4862098,supermarket
Tobacco Shop,El Jadida,33.2263391,-8.5025566,supermarket
Carrefour Market,El Jadida,33.2275141,-8.5066451,supermarket
Top Kiosque,El Jadida,33.2293876,-8.4972623,supermarket
Marjane,El Jadida,33.2240704,-8.4931241,supermarket
Mini Brahim,El Jadida,33.2445267,-8.4903282,supermarket
Marché de Proximité Ibn Badiss,El Jadida,33.2470342,-8.5174,supermarket
